participant_number,participant_code,answer,,,,,,,,
1,3yxg8yt6,"choose the lighter color, follow a pattern so the other can see and predict",,,,,,,,
2,2lct24tv,I followed my partner ,,,,,,,,
session,participant_code,round_number,participant_number,left_stimuli,right_stimuli,response,loser,answered_time,payoff_round,total_payoff
4fei2let,3yxg8yt6,1,1,2,5,5,2,4109,10,2930
4fei2let,2lct24tv,1,2,2,5,5,2,4575,10,2930
4fei2let,3yxg8yt6,2,1,3,5,5,3,4414,10,2930
4fei2let,2lct24tv,2,2,3,5,5,3,5819,10,2930
4fei2let,3yxg8yt6,3,1,5,1,5,1,1849,10,2930
4fei2let,2lct24tv,3,2,5,1,5,1,2437,10,2930
4fei2let,3yxg8yt6,4,1,7,4,7,4,3292,10,2930
4fei2let,2lct24tv,4,2,7,4,7,4,4059,10,2930
4fei2let,3yxg8yt6,5,1,1,6,6,1,1110,10,2930
4fei2let,2lct24tv,5,2,1,6,6,1,3689,10,2930
4fei2let,3yxg8yt6,6,1,4,3,4,3,1204,10,2930
4fei2let,2lct24tv,6,2,3,4,4,3,2291,10,2930
4fei2let,3yxg8yt6,7,1,4,2,4,2,1579,10,2930
4fei2let,2lct24tv,7,2,4,2,4,2,2476,10,2930
4fei2let,3yxg8yt6,8,1,1,7,7,1,1251,10,2930
4fei2let,2lct24tv,8,2,7,1,7,1,1860,10,2930
4fei2let,3yxg8yt6,9,1,1,4,1,4,1382,10,2930
4fei2let,2lct24tv,9,2,1,4,1,4,1999,10,2930
4fei2let,3yxg8yt6,10,1,5,4,5,4,901,10,2930
4fei2let,2lct24tv,10,2,4,5,5,4,1576,10,2930
4fei2let,3yxg8yt6,11,1,3,2,3,2,1306,0,2930
4fei2let,2lct24tv,11,2,2,3,2,3,1576,0,2930
4fei2let,3yxg8yt6,12,1,5,7,5,7,1359,10,2930
4fei2let,2lct24tv,12,2,7,5,5,7,2183,10,2930
4fei2let,3yxg8yt6,13,1,6,4,6,4,1556,10,2930
4fei2let,2lct24tv,13,2,6,4,6,4,2524,10,2930
4fei2let,3yxg8yt6,14,1,3,6,3,6,1325,10,2930
4fei2let,2lct24tv,14,2,3,6,3,6,2021,10,2930
4fei2let,3yxg8yt6,15,1,2,7,7,2,2184,10,2930
4fei2let,2lct24tv,15,2,2,7,7,2,3074,10,2930
4fei2let,3yxg8yt6,16,1,7,6,7,6,1633,10,2930
4fei2let,2lct24tv,16,2,7,6,7,6,2202,10,2930
4fei2let,3yxg8yt6,17,1,1,3,1,3,1019,10,2930
4fei2let,2lct24tv,17,2,1,3,1,3,1711,10,2930
4fei2let,3yxg8yt6,18,1,2,1,1,2,1237,10,2930
4fei2let,2lct24tv,18,2,1,2,1,2,1547,10,2930
4fei2let,3yxg8yt6,19,1,3,7,7,3,1186,10,2930
4fei2let,2lct24tv,19,2,3,7,7,3,1419,10,2930
4fei2let,3yxg8yt6,20,1,6,2,6,2,1400,10,2930
4fei2let,2lct24tv,20,2,6,2,6,2,1821,10,2930
4fei2let,3yxg8yt6,21,1,6,5,5,6,1011,10,2930
4fei2let,2lct24tv,21,2,5,6,5,6,1824,10,2930
4fei2let,3yxg8yt6,22,1,1,2,1,2,1739,10,2930
4fei2let,2lct24tv,22,2,2,1,1,2,2588,10,2930
4fei2let,3yxg8yt6,23,1,4,2,4,2,1603,10,2930
4fei2let,2lct24tv,23,2,2,4,4,2,2291,10,2930
4fei2let,3yxg8yt6,24,1,6,5,5,6,967,10,2930
4fei2let,2lct24tv,24,2,5,6,5,6,1642,10,2930
4fei2let,3yxg8yt6,25,1,6,2,6,2,1087,10,2930
4fei2let,2lct24tv,25,2,2,6,6,2,1729,10,2930
4fei2let,3yxg8yt6,26,1,4,7,7,4,955,10,2930
4fei2let,2lct24tv,26,2,7,4,7,4,1656,10,2930
4fei2let,3yxg8yt6,27,1,5,2,5,2,882,10,2930
4fei2let,2lct24tv,27,2,2,5,5,2,1517,10,2930
4fei2let,3yxg8yt6,28,1,3,2,3,2,1107,10,2930
4fei2let,2lct24tv,28,2,3,2,3,2,1611,10,2930
4fei2let,3yxg8yt6,29,1,5,7,5,7,1245,10,2930
4fei2let,2lct24tv,29,2,5,7,5,7,1750,10,2930
4fei2let,3yxg8yt6,30,1,2,7,7,2,1223,10,2930
4fei2let,2lct24tv,30,2,2,7,7,2,1865,10,2930
4fei2let,3yxg8yt6,31,1,5,4,5,4,1013,10,2930
4fei2let,2lct24tv,31,2,5,4,5,4,1513,10,2930
4fei2let,3yxg8yt6,32,1,6,1,1,6,1753,10,2930
4fei2let,2lct24tv,32,2,1,6,1,6,2333,10,2930
4fei2let,3yxg8yt6,33,1,1,4,1,4,1099,10,2930
4fei2let,2lct24tv,33,2,4,1,1,4,1720,10,2930
4fei2let,3yxg8yt6,34,1,3,4,4,3,1257,10,2930
4fei2let,2lct24tv,34,2,3,4,4,3,1917,10,2930
4fei2let,3yxg8yt6,35,1,7,6,6,7,2087,10,2930
4fei2let,2lct24tv,35,2,7,6,6,7,2552,10,2930
4fei2let,3yxg8yt6,36,1,3,1,1,3,1403,10,2930
4fei2let,2lct24tv,36,2,1,3,1,3,1835,10,2930
4fei2let,3yxg8yt6,37,1,6,3,6,3,1104,10,2930
4fei2let,2lct24tv,37,2,6,3,6,3,1830,10,2930
4fei2let,3yxg8yt6,38,1,5,3,5,3,1163,10,2930
4fei2let,2lct24tv,38,2,5,3,5,3,1731,10,2930
4fei2let,3yxg8yt6,39,1,1,5,5,1,963,10,2930
4fei2let,2lct24tv,39,2,5,1,5,1,1572,10,2930
4fei2let,3yxg8yt6,40,1,7,1,7,1,1553,10,2930
4fei2let,2lct24tv,40,2,1,7,7,1,2260,10,2930
4fei2let,3yxg8yt6,41,1,4,6,6,4,1215,10,2930
4fei2let,2lct24tv,41,2,4,6,6,4,1856,10,2930
4fei2let,3yxg8yt6,42,1,3,7,7,3,1335,10,2930
4fei2let,2lct24tv,42,2,3,7,7,3,2068,10,2930
4fei2let,3yxg8yt6,43,1,3,4,3,4,1193,10,2930
4fei2let,2lct24tv,43,2,4,3,3,4,1248,10,2930
4fei2let,3yxg8yt6,44,1,1,4,1,4,1307,10,2930
4fei2let,2lct24tv,44,2,1,4,1,4,1804,10,2930
4fei2let,3yxg8yt6,45,1,1,7,1,7,948,10,2930
4fei2let,2lct24tv,45,2,7,1,1,7,2855,10,2930
4fei2let,3yxg8yt6,46,1,1,3,1,3,1099,10,2930
4fei2let,2lct24tv,46,2,3,1,1,3,1814,10,2930
4fei2let,3yxg8yt6,47,1,6,7,7,6,1493,10,2930
4fei2let,2lct24tv,47,2,7,6,7,6,2025,10,2930
4fei2let,3yxg8yt6,48,1,3,2,3,2,977,10,2930
4fei2let,2lct24tv,48,2,2,3,3,2,1683,10,2930
4fei2let,3yxg8yt6,49,1,5,3,5,3,784,10,2930
4fei2let,2lct24tv,49,2,3,5,5,3,1336,10,2930
4fei2let,3yxg8yt6,50,1,6,1,1,6,941,10,2930
4fei2let,2lct24tv,50,2,6,1,1,6,1455,10,2930
4fei2let,3yxg8yt6,51,1,2,4,2,4,1313,10,2930
4fei2let,2lct24tv,51,2,2,4,2,4,2286,10,2930
4fei2let,3yxg8yt6,52,1,3,6,6,3,1368,10,2930
4fei2let,2lct24tv,52,2,6,3,6,3,1952,10,2930
4fei2let,3yxg8yt6,53,1,4,5,5,4,1005,10,2930
4fei2let,2lct24tv,53,2,5,4,5,4,1648,10,2930
4fei2let,3yxg8yt6,54,1,7,4,7,4,940,10,2930
4fei2let,2lct24tv,54,2,4,7,7,4,1345,10,2930
4fei2let,3yxg8yt6,55,1,6,4,6,4,1778,10,2930
4fei2let,2lct24tv,55,2,4,6,6,4,2555,10,2930
4fei2let,3yxg8yt6,56,1,5,7,7,5,1243,10,2930
4fei2let,2lct24tv,56,2,7,5,7,5,2032,10,2930
4fei2let,3yxg8yt6,57,1,1,2,1,2,893,10,2930
4fei2let,2lct24tv,57,2,2,1,1,2,1608,10,2930
4fei2let,3yxg8yt6,58,1,1,5,5,1,1070,10,2930
4fei2let,2lct24tv,58,2,5,1,5,1,1570,10,2930
4fei2let,3yxg8yt6,59,1,7,3,7,3,1436,10,2930
4fei2let,2lct24tv,59,2,7,3,7,3,2088,10,2930
4fei2let,3yxg8yt6,60,1,6,2,6,2,1008,10,2930
4fei2let,2lct24tv,60,2,2,6,6,2,1753,10,2930
4fei2let,3yxg8yt6,61,1,6,5,5,6,1042,10,2930
4fei2let,2lct24tv,61,2,6,5,5,6,1739,10,2930
4fei2let,3yxg8yt6,62,1,2,7,7,2,1523,10,2930
4fei2let,2lct24tv,62,2,2,7,7,2,2015,10,2930
4fei2let,3yxg8yt6,63,1,5,2,5,2,872,10,2930
4fei2let,2lct24tv,63,2,2,5,5,2,1634,10,2930
4fei2let,3yxg8yt6,64,1,3,5,5,3,1083,10,2930
4fei2let,2lct24tv,64,2,5,3,5,3,3463,10,2930
4fei2let,3yxg8yt6,65,1,7,1,7,1,1022,10,2930
4fei2let,2lct24tv,65,2,7,1,7,1,1604,10,2930
4fei2let,3yxg8yt6,66,1,6,4,6,4,1025,10,2930
4fei2let,2lct24tv,66,2,6,4,6,4,1517,10,2930
4fei2let,3yxg8yt6,67,1,5,2,5,2,756,10,2930
4fei2let,2lct24tv,67,2,2,5,5,2,1514,10,2930
4fei2let,3yxg8yt6,68,1,4,5,5,4,806,10,2930
4fei2let,2lct24tv,68,2,5,4,5,4,1339,10,2930
4fei2let,3yxg8yt6,69,1,1,6,6,1,1466,10,2930
4fei2let,2lct24tv,69,2,6,1,6,1,1901,10,2930
4fei2let,3yxg8yt6,70,1,4,7,7,4,1539,10,2930
4fei2let,2lct24tv,70,2,7,4,7,4,2025,10,2930
4fei2let,3yxg8yt6,71,1,2,3,2,3,1008,10,2930
4fei2let,2lct24tv,71,2,3,2,2,3,1651,10,2930
4fei2let,3yxg8yt6,72,1,7,3,7,3,1335,10,2930
4fei2let,2lct24tv,72,2,3,7,7,3,1931,10,2930
4fei2let,3yxg8yt6,73,1,2,1,1,2,967,10,2930
4fei2let,2lct24tv,73,2,1,2,1,2,1661,10,2930
4fei2let,3yxg8yt6,74,1,1,3,1,3,909,10,2930
4fei2let,2lct24tv,74,2,3,1,1,3,1617,10,2930
4fei2let,3yxg8yt6,75,1,7,2,7,2,1003,10,2930
4fei2let,2lct24tv,75,2,2,7,7,2,1635,10,2930
4fei2let,3yxg8yt6,76,1,2,4,4,2,1054,10,2930
4fei2let,2lct24tv,76,2,2,4,4,2,1607,10,2930
4fei2let,3yxg8yt6,77,1,2,6,6,2,1290,10,2930
4fei2let,2lct24tv,77,2,6,2,6,2,1927,10,2930
4fei2let,3yxg8yt6,78,1,6,3,6,3,813,10,2930
4fei2let,2lct24tv,78,2,6,3,6,3,1673,10,2930
4fei2let,3yxg8yt6,79,1,7,5,5,7,841,10,2930
4fei2let,2lct24tv,79,2,5,7,5,7,1454,10,2930
4fei2let,3yxg8yt6,80,1,6,5,5,6,1079,10,2930
4fei2let,2lct24tv,80,2,6,5,5,6,1514,10,2930
4fei2let,3yxg8yt6,81,1,4,3,4,3,1308,10,2930
4fei2let,2lct24tv,81,2,4,3,4,3,1997,10,2930
4fei2let,3yxg8yt6,82,1,1,4,4,1,1094,10,2930
4fei2let,2lct24tv,82,2,4,1,4,1,1727,10,2930
4fei2let,3yxg8yt6,83,1,5,1,5,1,1136,10,2930
4fei2let,2lct24tv,83,2,5,1,5,1,1891,10,2930
4fei2let,3yxg8yt6,84,1,7,6,6,7,1285,10,2930
4fei2let,2lct24tv,84,2,7,6,6,7,1586,10,2930
4fei2let,3yxg8yt6,85,1,2,4,4,2,1222,10,2930
4fei2let,2lct24tv,85,2,2,4,4,2,1746,10,2930
4fei2let,3yxg8yt6,86,1,5,1,5,1,874,10,2930
4fei2let,2lct24tv,86,2,5,1,5,1,2415,10,2930
4fei2let,3yxg8yt6,87,1,3,2,3,2,1102,10,2930
4fei2let,2lct24tv,87,2,2,3,3,2,1719,10,2930
4fei2let,3yxg8yt6,88,1,6,4,6,4,1067,10,2930
4fei2let,2lct24tv,88,2,6,4,6,4,1583,10,2930
4fei2let,3yxg8yt6,89,1,7,4,7,4,1833,10,2930
4fei2let,2lct24tv,89,2,7,4,7,4,2332,10,2930
4fei2let,3yxg8yt6,90,1,4,3,4,3,959,10,2930
4fei2let,2lct24tv,90,2,3,4,4,3,1664,10,2930
4fei2let,3yxg8yt6,91,1,6,5,5,6,864,10,2930
4fei2let,2lct24tv,91,2,6,5,5,6,2202,10,2930
4fei2let,3yxg8yt6,92,1,6,7,6,7,1136,10,2930
4fei2let,2lct24tv,92,2,7,6,6,7,1923,10,2930
4fei2let,3yxg8yt6,93,1,7,3,7,3,1121,10,2930
4fei2let,2lct24tv,93,2,7,3,7,3,1801,10,2930
4fei2let,3yxg8yt6,94,1,2,7,7,2,1019,10,2930
4fei2let,2lct24tv,94,2,2,7,7,2,2640,10,2930
4fei2let,3yxg8yt6,95,1,5,4,5,4,770,10,2930
4fei2let,2lct24tv,95,2,5,4,5,4,1525,10,2930
4fei2let,3yxg8yt6,96,1,6,3,6,3,946,10,2930
4fei2let,2lct24tv,96,2,6,3,6,3,1483,10,2930
4fei2let,3yxg8yt6,97,1,3,5,5,3,928,10,2930
4fei2let,2lct24tv,97,2,3,5,5,3,2333,10,2930
4fei2let,3yxg8yt6,98,1,7,5,5,7,1201,10,2930
4fei2let,2lct24tv,98,2,5,7,5,7,1829,10,2930
4fei2let,3yxg8yt6,99,1,1,6,6,1,1829,10,2930
4fei2let,2lct24tv,99,2,1,6,6,1,2417,10,2930
4fei2let,3yxg8yt6,100,1,2,1,1,2,1211,10,2930
4fei2let,2lct24tv,100,2,2,1,1,2,1564,10,2930
4fei2let,3yxg8yt6,101,1,2,5,5,2,832,10,2930
4fei2let,2lct24tv,101,2,2,5,5,2,1524,10,2930
4fei2let,3yxg8yt6,102,1,3,1,1,3,939,10,2930
4fei2let,2lct24tv,102,2,1,3,1,3,1726,10,2930
4fei2let,3yxg8yt6,103,1,2,6,6,2,1601,10,2930
4fei2let,2lct24tv,103,2,2,6,6,2,2421,10,2930
4fei2let,3yxg8yt6,104,1,1,4,1,4,825,10,2930
4fei2let,2lct24tv,104,2,1,4,1,4,1306,10,2930
4fei2let,3yxg8yt6,105,1,1,7,7,1,970,10,2930
4fei2let,2lct24tv,105,2,7,1,7,1,1666,10,2930
4fei2let,3yxg8yt6,106,1,4,1,4,1,923,10,2930
4fei2let,2lct24tv,106,2,4,1,4,1,1507,10,2930
4fei2let,3yxg8yt6,107,1,5,2,5,2,779,10,2930
4fei2let,2lct24tv,107,2,2,5,5,2,1270,10,2930
4fei2let,3yxg8yt6,108,1,1,5,5,1,767,10,2930
4fei2let,2lct24tv,108,2,1,5,5,1,1244,10,2930
4fei2let,3yxg8yt6,109,1,7,5,5,7,767,10,2930
4fei2let,2lct24tv,109,2,5,7,5,7,1327,10,2930
4fei2let,3yxg8yt6,110,1,1,6,6,1,774,10,2930
4fei2let,2lct24tv,110,2,1,6,6,1,1256,10,2930
4fei2let,3yxg8yt6,111,1,4,3,4,3,1579,10,2930
4fei2let,2lct24tv,111,2,3,4,4,3,2141,10,2930
4fei2let,3yxg8yt6,112,1,5,3,5,3,644,10,2930
4fei2let,2lct24tv,112,2,3,5,5,3,1178,10,2930
4fei2let,3yxg8yt6,113,1,6,5,5,6,755,10,2930
4fei2let,2lct24tv,113,2,5,6,5,6,1130,10,2930
4fei2let,3yxg8yt6,114,1,2,6,6,2,824,10,2930
4fei2let,2lct24tv,114,2,2,6,6,2,1192,10,2930
4fei2let,3yxg8yt6,115,1,7,6,6,7,800,10,2930
4fei2let,2lct24tv,115,2,7,6,6,7,1113,10,2930
4fei2let,3yxg8yt6,116,1,6,3,6,3,758,10,2930
4fei2let,2lct24tv,116,2,3,6,6,3,956,10,2930
4fei2let,3yxg8yt6,117,1,1,7,1,7,1172,10,2930
4fei2let,2lct24tv,117,2,1,7,1,7,1793,10,2930
4fei2let,3yxg8yt6,118,1,2,4,2,4,1671,10,2930
4fei2let,2lct24tv,118,2,4,2,2,4,2149,10,2930
4fei2let,3yxg8yt6,119,1,3,7,7,3,1065,10,2930
4fei2let,2lct24tv,119,2,3,7,7,3,1490,10,2930
4fei2let,3yxg8yt6,120,1,4,6,6,4,1219,10,2930
4fei2let,2lct24tv,120,2,6,4,6,4,1681,10,2930
4fei2let,3yxg8yt6,121,1,2,1,1,2,1083,10,2930
4fei2let,2lct24tv,121,2,1,2,1,2,1559,10,2930
4fei2let,3yxg8yt6,122,1,3,2,3,2,1934,10,2930
4fei2let,2lct24tv,122,2,2,3,3,2,2408,10,2930
4fei2let,3yxg8yt6,123,1,1,3,1,3,838,10,2930
4fei2let,2lct24tv,123,2,1,3,1,3,1326,10,2930
4fei2let,3yxg8yt6,124,1,5,4,5,4,796,10,2930
4fei2let,2lct24tv,124,2,5,4,5,4,1258,10,2930
4fei2let,3yxg8yt6,125,1,7,4,7,4,876,10,2930
4fei2let,2lct24tv,125,2,4,7,7,4,1526,10,2930
4fei2let,3yxg8yt6,126,1,7,2,7,2,856,10,2930
4fei2let,2lct24tv,126,2,7,2,7,2,1234,10,2930
4fei2let,3yxg8yt6,127,1,7,3,7,3,800,10,2930
4fei2let,2lct24tv,127,2,3,7,7,3,1347,10,2930
4fei2let,3yxg8yt6,128,1,3,2,3,2,1126,10,2930
4fei2let,2lct24tv,128,2,3,2,3,2,1573,10,2930
4fei2let,3yxg8yt6,129,1,4,6,4,6,1053,10,2930
4fei2let,2lct24tv,129,2,4,6,4,6,1649,10,2930
4fei2let,3yxg8yt6,130,1,2,5,5,2,951,10,2930
4fei2let,2lct24tv,130,2,5,2,5,2,1334,10,2930
4fei2let,3yxg8yt6,131,1,1,5,5,1,889,10,2930
4fei2let,2lct24tv,131,2,5,1,5,1,1225,10,2930
4fei2let,3yxg8yt6,132,1,4,2,4,2,1171,10,2930
4fei2let,2lct24tv,132,2,2,4,4,2,2011,10,2930
4fei2let,3yxg8yt6,133,1,7,4,7,4,1252,10,2930
4fei2let,2lct24tv,133,2,4,7,7,4,1508,10,2930
4fei2let,3yxg8yt6,134,1,3,6,6,3,988,10,2930
4fei2let,2lct24tv,134,2,6,3,6,3,1541,10,2930
4fei2let,3yxg8yt6,135,1,3,4,3,4,1064,10,2930
4fei2let,2lct24tv,135,2,4,3,3,4,1506,10,2930
4fei2let,3yxg8yt6,136,1,5,3,5,3,868,10,2930
4fei2let,2lct24tv,136,2,5,3,5,3,1198,10,2930
4fei2let,3yxg8yt6,137,1,1,4,1,4,1455,10,2930
4fei2let,2lct24tv,137,2,4,1,1,4,1862,10,2930
4fei2let,3yxg8yt6,138,1,7,6,6,7,1165,10,2930
4fei2let,2lct24tv,138,2,7,6,6,7,3486,10,2930
4fei2let,3yxg8yt6,139,1,5,7,5,7,1262,10,2930
4fei2let,2lct24tv,139,2,5,7,5,7,1478,10,2930
4fei2let,3yxg8yt6,140,1,2,6,6,2,908,10,2930
4fei2let,2lct24tv,140,2,6,2,6,2,778,10,2930
4fei2let,3yxg8yt6,141,1,5,4,5,4,729,10,2930
4fei2let,2lct24tv,141,2,5,4,5,4,1125,10,2930
4fei2let,3yxg8yt6,142,1,6,1,6,1,1076,10,2930
4fei2let,2lct24tv,142,2,1,6,6,1,1326,10,2930
4fei2let,3yxg8yt6,143,1,1,7,1,7,1041,10,2930
4fei2let,2lct24tv,143,2,1,7,1,7,1700,10,2930
4fei2let,3yxg8yt6,144,1,6,5,5,6,1146,10,2930
4fei2let,2lct24tv,144,2,6,5,5,6,3012,10,2930
4fei2let,3yxg8yt6,145,1,1,3,1,3,873,10,2930
4fei2let,2lct24tv,145,2,3,1,1,3,1517,10,2930
4fei2let,3yxg8yt6,146,1,2,1,1,2,887,10,2930
4fei2let,2lct24tv,146,2,2,1,1,2,1406,10,2930
4fei2let,3yxg8yt6,147,1,7,2,7,2,920,10,2930
4fei2let,2lct24tv,147,2,7,2,7,2,939,10,2930
4fei2let,3yxg8yt6,148,1,5,1,5,1,829,10,2930
4fei2let,2lct24tv,148,2,5,1,5,1,1688,10,2930
4fei2let,3yxg8yt6,149,1,4,2,4,2,1242,10,2930
4fei2let,2lct24tv,149,2,4,2,4,2,1941,10,2930
4fei2let,3yxg8yt6,150,1,2,7,7,2,845,10,2930
4fei2let,2lct24tv,150,2,7,2,7,2,1256,10,2930
4fei2let,3yxg8yt6,151,1,4,5,5,4,812,10,2930
4fei2let,2lct24tv,151,2,4,5,5,4,1314,10,2930
4fei2let,3yxg8yt6,152,1,2,1,1,2,1227,10,2930
4fei2let,2lct24tv,152,2,2,1,1,2,1618,10,2930
4fei2let,3yxg8yt6,153,1,1,7,1,7,922,10,2930
4fei2let,2lct24tv,153,2,1,7,1,7,1488,10,2930
4fei2let,3yxg8yt6,154,1,2,5,5,2,841,10,2930
4fei2let,2lct24tv,154,2,2,5,5,2,1606,10,2930
4fei2let,3yxg8yt6,155,1,6,7,6,7,1106,10,2930
4fei2let,2lct24tv,155,2,7,6,6,7,1176,10,2930
4fei2let,3yxg8yt6,156,1,5,7,5,7,804,10,2930
4fei2let,2lct24tv,156,2,5,7,5,7,1610,10,2930
4fei2let,3yxg8yt6,157,1,7,4,7,4,1397,10,2930
4fei2let,2lct24tv,157,2,7,4,7,4,1843,10,2930
4fei2let,3yxg8yt6,158,1,3,1,1,3,972,10,2930
4fei2let,2lct24tv,158,2,1,3,1,3,1573,10,2930
4fei2let,3yxg8yt6,159,1,3,5,5,3,893,10,2930
4fei2let,2lct24tv,159,2,3,5,5,3,1291,10,2930
4fei2let,3yxg8yt6,160,1,6,1,6,1,1015,10,2930
4fei2let,2lct24tv,160,2,1,6,6,1,1491,10,2930
4fei2let,3yxg8yt6,161,1,4,1,1,4,966,10,2930
4fei2let,2lct24tv,161,2,4,1,1,4,1463,10,2930
4fei2let,3yxg8yt6,162,1,5,6,5,6,901,10,2930
4fei2let,2lct24tv,162,2,5,6,5,6,1174,10,2930
4fei2let,3yxg8yt6,163,1,2,6,6,2,1059,10,2930
4fei2let,2lct24tv,163,2,2,6,6,2,1850,10,2930
4fei2let,3yxg8yt6,164,1,3,6,6,3,1543,10,2930
4fei2let,2lct24tv,164,2,3,6,6,3,3884,10,2930
4fei2let,3yxg8yt6,165,1,2,3,2,3,1783,10,2930
4fei2let,2lct24tv,165,2,2,3,2,3,2411,10,2930
4fei2let,3yxg8yt6,166,1,3,4,4,3,941,10,2930
4fei2let,2lct24tv,166,2,4,3,4,3,1652,10,2930
4fei2let,3yxg8yt6,167,1,4,6,6,4,1093,10,2930
4fei2let,2lct24tv,167,2,6,4,6,4,1699,10,2930
4fei2let,3yxg8yt6,168,1,7,3,7,3,797,10,2930
4fei2let,2lct24tv,168,2,3,7,7,3,1656,10,2930
4fei2let,3yxg8yt6,169,1,3,1,1,3,891,10,2930
4fei2let,2lct24tv,169,2,1,3,1,3,1496,10,2930
4fei2let,3yxg8yt6,170,1,3,7,7,3,1436,10,2930
4fei2let,2lct24tv,170,2,3,7,7,3,2165,10,2930
4fei2let,3yxg8yt6,171,1,3,2,3,2,1826,10,2930
4fei2let,2lct24tv,171,2,2,3,3,2,2600,10,2930
4fei2let,3yxg8yt6,172,1,7,1,1,7,830,10,2930
4fei2let,2lct24tv,172,2,7,1,1,7,1590,10,2930
4fei2let,3yxg8yt6,173,1,4,1,1,4,907,10,2930
4fei2let,2lct24tv,173,2,1,4,1,4,1607,10,2930
4fei2let,3yxg8yt6,174,1,5,2,5,2,882,10,2930
4fei2let,2lct24tv,174,2,2,5,5,2,1594,10,2930
4fei2let,3yxg8yt6,175,1,7,5,5,7,839,10,2930
4fei2let,2lct24tv,175,2,5,7,5,7,1346,10,2930
4fei2let,3yxg8yt6,176,1,5,3,5,3,682,10,2930
4fei2let,2lct24tv,176,2,5,3,5,3,1087,10,2930
4fei2let,3yxg8yt6,177,1,2,4,4,2,1928,10,2930
4fei2let,2lct24tv,177,2,4,2,4,2,4240,10,2930
4fei2let,3yxg8yt6,178,1,3,4,3,4,1601,10,2930
4fei2let,2lct24tv,178,2,4,3,3,4,2219,10,2930
4fei2let,3yxg8yt6,179,1,4,5,5,4,841,10,2930
4fei2let,2lct24tv,179,2,4,5,5,4,1475,10,2930
4fei2let,3yxg8yt6,180,1,5,6,5,6,981,10,2930
4fei2let,2lct24tv,180,2,5,6,5,6,1225,10,2930
4fei2let,3yxg8yt6,181,1,6,7,6,7,1069,10,2930
4fei2let,2lct24tv,181,2,6,7,6,7,1571,10,2930
4fei2let,3yxg8yt6,182,1,7,2,7,2,1042,10,2930
4fei2let,2lct24tv,182,2,2,7,7,2,1610,10,2930
4fei2let,3yxg8yt6,183,1,6,3,6,3,905,10,2930
4fei2let,2lct24tv,183,2,3,6,6,3,1446,10,2930
4fei2let,3yxg8yt6,184,1,1,5,5,1,887,10,2930
4fei2let,2lct24tv,184,2,1,5,5,1,1108,10,2930
4fei2let,3yxg8yt6,185,1,6,2,6,2,968,10,2930
4fei2let,2lct24tv,185,2,6,2,6,2,1442,10,2930
4fei2let,3yxg8yt6,186,1,6,1,6,1,1037,10,2930
4fei2let,2lct24tv,186,2,1,6,6,1,1258,10,2930
4fei2let,3yxg8yt6,187,1,4,7,7,4,849,10,2930
4fei2let,2lct24tv,187,2,4,7,7,4,1176,10,2930
4fei2let,3yxg8yt6,188,1,2,1,1,2,1086,10,2930
4fei2let,2lct24tv,188,2,2,1,1,2,1381,10,2930
4fei2let,3yxg8yt6,189,1,4,6,6,4,990,10,2930
4fei2let,2lct24tv,189,2,6,4,6,4,1462,10,2930
4fei2let,3yxg8yt6,190,1,2,3,3,2,1370,10,2930
4fei2let,2lct24tv,190,2,3,2,3,2,1941,10,2930
4fei2let,3yxg8yt6,191,1,7,5,5,7,790,10,2930
4fei2let,2lct24tv,191,2,7,5,5,7,1033,10,2930
4fei2let,3yxg8yt6,192,1,2,4,4,2,1085,10,2930
4fei2let,2lct24tv,192,2,4,2,4,2,1456,10,2930
4fei2let,3yxg8yt6,193,1,3,6,6,3,787,10,2930
4fei2let,2lct24tv,193,2,6,3,6,3,1058,10,2930
4fei2let,3yxg8yt6,194,1,5,4,5,4,934,10,2930
4fei2let,2lct24tv,194,2,5,4,5,4,1160,10,2930
4fei2let,3yxg8yt6,195,1,1,4,1,4,884,10,2930
4fei2let,2lct24tv,195,2,1,4,1,4,1357,10,2930
4fei2let,3yxg8yt6,196,1,2,1,1,2,743,10,2930
4fei2let,2lct24tv,196,2,1,2,1,2,1513,10,2930
4fei2let,3yxg8yt6,197,1,7,3,7,3,2000,10,2930
4fei2let,2lct24tv,197,2,3,7,7,3,2403,10,2930
4fei2let,3yxg8yt6,198,1,5,6,5,6,1010,10,2930
4fei2let,2lct24tv,198,2,6,5,5,6,2053,10,2930
4fei2let,3yxg8yt6,199,1,4,3,4,3,1331,10,2930
4fei2let,2lct24tv,199,2,4,3,4,3,1831,10,2930
4fei2let,3yxg8yt6,200,1,4,6,6,4,1282,10,2930
4fei2let,2lct24tv,200,2,4,6,6,4,1537,10,2930
4fei2let,3yxg8yt6,201,1,7,6,7,6,912,10,2930
4fei2let,2lct24tv,201,2,6,7,7,6,2541,10,2930
4fei2let,3yxg8yt6,202,1,1,6,6,1,831,10,2930
4fei2let,2lct24tv,202,2,6,1,6,1,1142,10,2930
4fei2let,3yxg8yt6,203,1,7,2,7,2,924,10,2930
4fei2let,2lct24tv,203,2,2,7,7,2,1705,10,2930
4fei2let,3yxg8yt6,204,1,1,3,1,3,1001,10,2930
4fei2let,2lct24tv,204,2,1,3,1,3,1370,10,2930
4fei2let,3yxg8yt6,205,1,1,5,5,1,760,10,2930
4fei2let,2lct24tv,205,2,5,1,5,1,1080,10,2930
4fei2let,3yxg8yt6,206,1,2,6,6,2,971,10,2930
4fei2let,2lct24tv,206,2,6,2,6,2,1305,10,2930
4fei2let,3yxg8yt6,207,1,7,4,7,4,837,10,2930
4fei2let,2lct24tv,207,2,7,4,7,4,1174,10,2930
4fei2let,3yxg8yt6,208,1,5,3,5,3,823,10,2930
4fei2let,2lct24tv,208,2,3,5,5,3,2847,10,2930
4fei2let,3yxg8yt6,209,1,5,2,5,2,843,10,2930
4fei2let,2lct24tv,209,2,2,5,5,2,2296,10,2930
4fei2let,3yxg8yt6,210,1,7,1,1,7,1733,10,2930
4fei2let,2lct24tv,210,2,1,7,1,7,2263,10,2930
4fei2let,3yxg8yt6,211,1,1,2,1,2,896,10,2930
4fei2let,2lct24tv,211,2,1,2,1,2,1328,10,2930
4fei2let,3yxg8yt6,212,1,1,7,1,7,1062,10,2930
4fei2let,2lct24tv,212,2,7,1,1,7,1587,10,2930
4fei2let,3yxg8yt6,213,1,3,4,4,3,1170,10,2930
4fei2let,2lct24tv,213,2,4,3,4,3,2238,10,2930
4fei2let,3yxg8yt6,214,1,5,1,5,1,896,10,2930
4fei2let,2lct24tv,214,2,1,5,5,1,1658,10,2930
4fei2let,3yxg8yt6,215,1,2,6,6,2,931,10,2930
4fei2let,2lct24tv,215,2,2,6,6,2,1478,10,2930
4fei2let,3yxg8yt6,216,1,2,4,4,2,977,10,2930
4fei2let,2lct24tv,216,2,4,2,4,2,1699,10,2930
4fei2let,3yxg8yt6,217,1,7,3,7,3,939,10,2930
4fei2let,2lct24tv,217,2,7,3,7,3,1297,10,2930
4fei2let,3yxg8yt6,218,1,4,7,7,4,757,10,2930
4fei2let,2lct24tv,218,2,4,7,7,4,2123,10,2930
4fei2let,3yxg8yt6,219,1,1,4,1,4,795,10,2930
4fei2let,2lct24tv,219,2,4,1,1,4,1335,10,2930
4fei2let,3yxg8yt6,220,1,5,7,5,7,1007,10,2930
4fei2let,2lct24tv,220,2,7,5,5,7,1463,10,2930
4fei2let,3yxg8yt6,221,1,4,6,6,4,746,10,2930
4fei2let,2lct24tv,221,2,6,4,6,4,2503,10,2930
4fei2let,3yxg8yt6,222,1,1,6,6,1,899,10,2930
4fei2let,2lct24tv,222,2,6,1,6,1,1591,10,2930
4fei2let,3yxg8yt6,223,1,3,6,6,3,1434,10,2930
4fei2let,2lct24tv,223,2,3,6,6,3,1886,10,2930
4fei2let,3yxg8yt6,224,1,7,2,7,2,934,10,2930
4fei2let,2lct24tv,224,2,7,2,7,2,1274,10,2930
4fei2let,3yxg8yt6,225,1,3,5,5,3,817,10,2930
4fei2let,2lct24tv,225,2,5,3,5,3,1112,10,2930
4fei2let,3yxg8yt6,226,1,5,2,5,2,732,10,2930
4fei2let,2lct24tv,226,2,5,2,5,2,1075,10,2930
4fei2let,3yxg8yt6,227,1,6,7,6,7,1004,10,2930
4fei2let,2lct24tv,227,2,7,6,6,7,1300,10,2930
4fei2let,3yxg8yt6,228,1,5,4,5,4,745,10,2930
4fei2let,2lct24tv,228,2,5,4,5,4,1433,10,2930
4fei2let,3yxg8yt6,229,1,1,3,1,3,838,10,2930
4fei2let,2lct24tv,229,2,3,1,1,3,1287,10,2930
4fei2let,3yxg8yt6,230,1,3,2,3,2,1438,10,2930
4fei2let,2lct24tv,230,2,3,2,3,2,3509,10,2930
4fei2let,3yxg8yt6,231,1,6,5,5,6,905,10,2930
4fei2let,2lct24tv,231,2,5,6,5,6,1297,10,2930
4fei2let,3yxg8yt6,232,1,7,3,7,3,991,10,2930
4fei2let,2lct24tv,232,2,3,7,7,3,1418,10,2930
4fei2let,3yxg8yt6,233,1,5,2,5,2,946,10,2930
4fei2let,2lct24tv,233,2,2,5,5,2,1387,10,2930
4fei2let,3yxg8yt6,234,1,2,7,7,2,857,10,2930
4fei2let,2lct24tv,234,2,2,7,7,2,1153,10,2930
4fei2let,3yxg8yt6,235,1,6,2,6,2,3355,10,2930
4fei2let,2lct24tv,235,2,2,6,6,2,1319,10,2930
4fei2let,3yxg8yt6,236,1,7,5,5,7,845,10,2930
4fei2let,2lct24tv,236,2,7,5,5,7,1365,10,2930
4fei2let,3yxg8yt6,237,1,3,2,3,2,1260,10,2930
4fei2let,2lct24tv,237,2,2,3,3,2,1586,10,2930
4fei2let,3yxg8yt6,238,1,3,5,5,3,804,10,2930
4fei2let,2lct24tv,238,2,3,5,5,3,1195,10,2930
4fei2let,3yxg8yt6,239,1,7,4,7,4,1100,10,2930
4fei2let,2lct24tv,239,2,4,7,7,4,984,10,2930
4fei2let,3yxg8yt6,240,1,3,6,6,3,1045,10,2930
4fei2let,2lct24tv,240,2,3,6,6,3,1626,10,2930
4fei2let,3yxg8yt6,241,1,6,4,6,4,835,10,2930
4fei2let,2lct24tv,241,2,6,4,6,4,1475,10,2930
4fei2let,3yxg8yt6,242,1,6,1,6,1,1159,10,2930
4fei2let,2lct24tv,242,2,1,6,6,1,1577,10,2930
4fei2let,3yxg8yt6,243,1,6,5,5,6,1092,10,2930
4fei2let,2lct24tv,243,2,6,5,5,6,1591,10,2930
4fei2let,3yxg8yt6,244,1,2,4,2,4,2020,10,2930
4fei2let,2lct24tv,244,2,2,4,2,4,2655,10,2930
4fei2let,3yxg8yt6,245,1,4,5,5,4,933,10,2930
4fei2let,2lct24tv,245,2,5,4,5,4,1356,10,2930
4fei2let,3yxg8yt6,246,1,7,1,7,1,1030,10,2930
4fei2let,2lct24tv,246,2,1,7,7,1,1847,10,2930
4fei2let,3yxg8yt6,247,1,1,2,1,2,816,10,2930
4fei2let,2lct24tv,247,2,1,2,1,2,1279,10,2930
4fei2let,3yxg8yt6,248,1,5,1,5,1,819,10,2930
4fei2let,2lct24tv,248,2,5,1,5,1,1216,10,2930
4fei2let,3yxg8yt6,249,1,3,4,4,3,1064,10,2930
4fei2let,2lct24tv,249,2,4,3,4,3,1452,10,2930
4fei2let,3yxg8yt6,250,1,1,3,1,3,822,10,2930
4fei2let,2lct24tv,250,2,1,3,1,3,1305,10,2930
4fei2let,3yxg8yt6,251,1,4,1,1,4,924,10,2930
4fei2let,2lct24tv,251,2,1,4,1,4,1110,10,2930
4fei2let,3yxg8yt6,252,1,7,6,6,7,1236,10,2930
4fei2let,2lct24tv,252,2,6,7,6,7,1789,10,2930
4fei2let,3yxg8yt6,253,1,1,3,1,3,882,10,2930
4fei2let,2lct24tv,253,2,1,3,1,3,1580,10,2930
4fei2let,3yxg8yt6,254,1,2,3,3,2,1766,10,2930
4fei2let,2lct24tv,254,2,2,3,3,2,2589,10,2930
4fei2let,3yxg8yt6,255,1,1,2,1,2,1049,10,2930
4fei2let,2lct24tv,255,2,2,1,1,2,2009,10,2930
4fei2let,3yxg8yt6,256,1,5,3,5,3,1139,10,2930
4fei2let,2lct24tv,256,2,3,5,5,3,1316,10,2930
4fei2let,3yxg8yt6,257,1,6,1,1,6,982,10,2930
4fei2let,2lct24tv,257,2,1,6,1,6,1879,10,2930
4fei2let,3yxg8yt6,258,1,2,5,5,2,731,10,2930
4fei2let,2lct24tv,258,2,2,5,5,2,1107,10,2930
4fei2let,3yxg8yt6,259,1,5,1,5,1,789,10,2930
4fei2let,2lct24tv,259,2,1,5,5,1,1511,10,2930
4fei2let,3yxg8yt6,260,1,4,7,7,4,1386,10,2930
4fei2let,2lct24tv,260,2,7,4,7,4,1843,10,2930
4fei2let,3yxg8yt6,261,1,7,3,7,3,797,10,2930
4fei2let,2lct24tv,261,2,3,7,7,3,1977,10,2930
4fei2let,3yxg8yt6,262,1,2,4,4,2,1306,10,2930
4fei2let,2lct24tv,262,2,4,2,4,2,1765,10,2930
4fei2let,3yxg8yt6,263,1,2,7,7,2,842,10,2930
4fei2let,2lct24tv,263,2,2,7,7,2,1222,10,2930
4fei2let,3yxg8yt6,264,1,1,4,1,4,1043,10,2930
4fei2let,2lct24tv,264,2,1,4,1,4,2261,10,2930
4fei2let,3yxg8yt6,265,1,2,6,6,2,787,10,2930
4fei2let,2lct24tv,265,2,6,2,6,2,1405,10,2930
4fei2let,3yxg8yt6,266,1,3,4,4,3,1362,10,2930
4fei2let,2lct24tv,266,2,3,4,4,3,1901,10,2930
4fei2let,3yxg8yt6,267,1,6,7,6,7,811,10,2930
4fei2let,2lct24tv,267,2,7,6,6,7,1763,10,2930
4fei2let,3yxg8yt6,268,1,7,1,1,7,1045,10,2930
4fei2let,2lct24tv,268,2,7,1,1,7,1844,10,2930
4fei2let,3yxg8yt6,269,1,6,5,5,6,1340,10,2930
4fei2let,2lct24tv,269,2,6,5,5,6,1420,10,2930
4fei2let,3yxg8yt6,270,1,6,4,6,4,1855,10,2930
4fei2let,2lct24tv,270,2,4,6,6,4,2300,10,2930
4fei2let,3yxg8yt6,271,1,5,4,5,4,802,10,2930
4fei2let,2lct24tv,271,2,4,5,5,4,1120,10,2930
4fei2let,3yxg8yt6,272,1,6,3,6,3,777,10,2930
4fei2let,2lct24tv,272,2,6,3,6,3,2028,10,2930
4fei2let,3yxg8yt6,273,1,7,5,5,7,779,10,2930
4fei2let,2lct24tv,273,2,5,7,5,7,1028,10,2930
4fei2let,3yxg8yt6,274,1,5,6,5,6,815,10,2930
4fei2let,2lct24tv,274,2,5,6,5,6,976,10,2930
4fei2let,3yxg8yt6,275,1,3,1,1,3,868,10,2930
4fei2let,2lct24tv,275,2,1,3,1,3,1485,10,2930
4fei2let,3yxg8yt6,276,1,4,3,4,3,1152,10,2930
4fei2let,2lct24tv,276,2,3,4,4,3,1532,10,2930
4fei2let,3yxg8yt6,277,1,4,2,4,2,858,10,2930
4fei2let,2lct24tv,277,2,4,2,4,2,1175,10,2930
4fei2let,3yxg8yt6,278,1,4,7,7,4,2893,10,2930
4fei2let,2lct24tv,278,2,4,7,7,4,1647,10,2930
4fei2let,3yxg8yt6,279,1,6,7,6,7,1025,10,2930
4fei2let,2lct24tv,279,2,7,6,6,7,1066,10,2930
4fei2let,3yxg8yt6,280,1,5,7,5,7,744,10,2930
4fei2let,2lct24tv,280,2,7,5,5,7,992,10,2930
4fei2let,3yxg8yt6,281,1,5,1,1,5,874,10,2930
4fei2let,2lct24tv,281,2,5,1,1,5,1249,10,2930
4fei2let,3yxg8yt6,282,1,3,7,7,3,1032,10,2930
4fei2let,2lct24tv,282,2,3,7,7,3,1857,10,2930
4fei2let,3yxg8yt6,283,1,3,5,5,3,822,10,2930
4fei2let,2lct24tv,283,2,5,3,5,3,1058,10,2930
4fei2let,3yxg8yt6,284,1,1,4,1,4,870,10,2930
4fei2let,2lct24tv,284,2,1,4,1,4,1233,10,2930
4fei2let,3yxg8yt6,285,1,2,3,3,2,1180,10,2930
4fei2let,2lct24tv,285,2,3,2,3,2,1935,10,2930
4fei2let,3yxg8yt6,286,1,7,2,7,2,1416,10,2930
4fei2let,2lct24tv,286,2,7,2,7,2,1792,10,2930
4fei2let,3yxg8yt6,287,1,5,2,5,2,771,10,2930
4fei2let,2lct24tv,287,2,5,2,5,2,3403,10,2930
4fei2let,3yxg8yt6,288,1,5,4,5,4,758,10,2930
4fei2let,2lct24tv,288,2,4,5,5,4,1144,10,2930
4fei2let,3yxg8yt6,289,1,6,1,6,1,889,10,2930
4fei2let,2lct24tv,289,2,1,6,6,1,1293,10,2930
4fei2let,3yxg8yt6,290,1,6,4,6,4,1039,10,2930
4fei2let,2lct24tv,290,2,4,6,6,4,1415,10,2930
4fei2let,3yxg8yt6,291,1,7,1,1,7,2256,10,2930
4fei2let,2lct24tv,291,2,7,1,1,7,3046,10,2930
4fei2let,3yxg8yt6,292,1,6,2,6,2,746,10,2930
4fei2let,2lct24tv,292,2,6,2,6,2,1074,10,2930
4fei2let,3yxg8yt6,293,1,6,3,6,3,897,10,2930
4fei2let,2lct24tv,293,2,6,3,6,3,1270,10,2930
4fei2let,3yxg8yt6,294,1,2,1,1,2,843,10,2930
4fei2let,2lct24tv,294,2,2,1,1,2,1091,10,2930
