"","4","7","1","6","2","5","3"
"1",1050,950,1000,1000,1000,1000,1000
"2",1039,907,1043,1018,985,995,1007
"3",1028,870,1065,1037,971,991,1015
"4",1016,866,1087,1025,956,986,1022
"5",1005,863,1132,1012,948,981,1029
"6",988,859,1169,1000,940,977,1036
"7",971,855,1197,994,932,972,1044
"8",954,851,1201,987,923,996,1051
"9",907,848,1205,980,915,1019,1064
"10",936,844,1209,974,907,1028,1077
"11",964,842,1213,968,899,1036,1096
"12",953,839,1218,961,882,1044,1116
"13",942,837,1222,942,865,1053,1122
"14",930,834,1226,924,856,1090,1129
"15",919,832,1230,952,846,1095,1135
"16",908,830,1234,980,833,1100,1114
"17",914,827,1238,986,820,1104,1094
"18",920,825,1241,992,806,1109,1107
"19",926,878,1245,999,793,1092,1120
"20",931,867,1248,1005,768,1074,1133
"21",937,856,1251,1022,763,1057,1146
"22",943,845,1255,1038,758,1073,1147
"23",949,804,1258,1014,752,1088,1147
"24",962,808,1262,991,747,1104,1148
"25",975,811,1265,995,742,1109,1148
"26",960,815,1268,998,732,1114,1149
"27",944,819,1272,1002,726,1145,1149
"28",940,822,1275,1005,720,1108,1150
"29",936,826,1281,1009,714,1102,1150
"30",932,830,1287,1028,712,1096,1151
"31",893,834,1295,1048,710,1090,1151
"32",890,837,1303,1044,708,1084,1152
"33",887,841,1311,1040,671,1078,1136
"34",884,840,1319,1035,671,1072,1120
"35",882,840,1336,1031,671,1066,1144
"36",879,839,1336,1024,670,1060,1168
"37",876,839,1337,1016,670,1064,1185
"38",875,838,1337,1009,670,1067,1200
"39",873,838,1339,1002,669,1070,1214
"40",872,837,1341,996,668,1074,1218
"41",870,828,1343,991,667,1078,1223
"42",869,807,1345,986,666,1081,1234
"43",867,811,1347,980,666,1083,1245
"44",866,816,1349,975,665,1084,1255
"45",865,820,1351,970,664,1086,1256
"46",863,825,1353,982,663,1088,1257
"47",862,829,1355,993,653,1093,1258
"48",827,834,1355,1005,642,1098,1258
"49",833,838,1355,1009,632,1102,1259
"50",840,819,1355,1012,624,1107,1260
"51",846,813,1355,1016,615,1112,1261
"52",852,807,1355,1019,607,1116,1261
"53",843,800,1355,1023,607,1120,1261
"54",834,794,1362,1026,607,1125,1262
"55",843,788,1369,1030,606,1114,1262
"56",852,777,1376,1032,606,1104,1262
"57",860,766,1384,1035,606,1112,1262
"58",869,755,1393,1037,599,1120,1251
"59",878,744,1402,1023,596,1129,1239
"60",877,744,1410,1010,594,1137,1228
"61",877,743,1410,996,591,1145,1241
"62",876,743,1411,993,588,1126,1253
"63",876,742,1412,990,586,1107,1266
"64",875,740,1414,986,583,1109,1270
"65",867,739,1430,983,580,1110,1274
"66",864,737,1445,980,578,1112,1243
"67",861,736,1448,977,575,1114,1262
"68",858,734,1450,972,572,1115,1262
"69",854,733,1450,973,570,1117,1262
"70",851,765,1450,974,567,1126,1263
"71",848,764,1450,975,566,1136,1263
"72",850,762,1450,976,566,1128,1263
"73",853,761,1450,977,566,1120,1267
"74",856,757,1450,978,566,1112,1283
"75",858,752,1450,979,562,1104,1299
"76",860,748,1450,980,558,1104,1297
"77",863,743,1450,991,543,1105,1294
"78",880,739,1450,1002,542,1105,1292
"79",896,706,1450,993,542,1105,1290
"80",888,706,1450,984,542,1106,1287
"81",880,706,1455,975,541,1106,1285
"82",872,706,1459,966,541,1142,1283
"83",864,706,1464,986,541,1128,1280
"84",856,706,1464,1006,541,1128,1278
"85",853,706,1464,1009,541,1129,1276
"86",850,706,1464,1012,540,1129,1273
"87",848,701,1492,1014,540,1130,1271
"88",845,697,1495,1017,539,1130,1271
"89",842,692,1497,1020,537,1138,1272
"90",839,692,1500,1004,534,1147,1272
"91",842,691,1502,987,532,1180,1272
"92",846,690,1505,988,530,1167,1273
"93",850,690,1505,989,527,1169,1273
"94",853,688,1505,990,525,1170,1282
"95",858,685,1505,991,522,1172,1291
"96",863,692,1505,992,520,1154,1300
"97",868,699,1506,997,520,1136,1309
"98",874,706,1506,1002,520,1138,1309
"99",879,713,1506,1007,492,1140,1311
"100",884,682,1506,1011,492,1143,1314
"101",877,684,1506,1016,492,1145,1316
"102",876,687,1506,1021,492,1147,1321
"103",842,690,1507,1026,492,1149,1326
"104",842,692,1509,1011,492,1152,1331
"105",842,694,1510,1007,492,1154,1331
"106",842,697,1510,1000,492,1156,1331
"107",841,700,1510,994,492,1158,1344
"108",841,702,1510,986,492,1160,1344
"109",841,704,1511,978,480,1163,1344
"110",843,707,1513,971,467,1165,1344
"111",846,698,1515,963,464,1167,1344
"112",848,689,1518,981,461,1163,1345
"113",850,689,1520,989,458,1160,1345
"114",839,688,1522,997,458,1156,1345
"115",829,688,1522,1005,457,1160,1345
"116",818,688,1522,1013,457,1164,1346
"117",806,688,1522,1014,457,1168,1346
"118",814,688,1522,1014,456,1168,1346
"119",823,677,1523,1015,456,1169,1347
"120",832,665,1523,1014,455,1169,1348
"121",840,654,1524,1013,455,1170,1348
"122",838,651,1525,1013,455,1172,1348
"123",836,649,1525,1012,455,1163,1349
"124",838,647,1526,1011,455,1154,1362
"125",841,644,1541,1008,455,1145,1376
"126",843,642,1556,1004,455,1151,1346
"127",845,640,1579,1001,455,1157,1323
"128",848,638,1579,998,455,1163,1336
"129",850,636,1579,983,455,1169,1336
"130",853,634,1583,968,455,1175,1336
"131",855,632,1587,969,455,1167,1336
"132",857,629,1587,970,455,1167,1336
"133",860,627,1587,971,452,1167,1337
"134",862,625,1587,976,452,1167,1338
"135",860,614,1587,982,452,1167,1339
"136",859,614,1587,990,452,1168,1340
"137",857,617,1587,998,451,1168,1341
"138",857,620,1587,1007,451,1168,1348
"139",824,623,1587,1015,451,1168,1354
"140",820,626,1588,1014,451,1168,1361
"141",815,629,1588,1014,448,1141,1368
"142",811,632,1589,1014,446,1154,1368
"143",816,635,1589,1013,444,1155,1368
"144",821,638,1589,1013,441,1156,1368
"145",820,641,1589,1014,414,1156,1368
"146",820,638,1590,1014,414,1157,1368
"147",819,638,1590,1014,413,1161,1368
"148",818,638,1590,1014,413,1165,1371
"149",806,638,1590,1014,413,1169,1371
"150",802,638,1590,1015,412,1161,1371
"151",798,637,1591,1015,412,1153,1383
"152",794,635,1591,1014,412,1145,1395
"153",791,634,1591,1013,412,1145,1395
"154",787,633,1591,1024,412,1145,1395
"155",783,631,1591,1036,405,1144,1395
"156",794,630,1591,1044,397,1144,1395
"157",804,652,1591,1039,390,1143,1395
"158",815,620,1591,1035,386,1142,1395
"159",822,620,1591,1030,383,1141,1395
"160",822,620,1591,1026,383,1140,1395
"161",822,620,1591,1021,383,1140,1395
"162",822,620,1597,1016,383,1139,1395
"163",822,619,1597,1012,383,1158,1395
"164",820,619,1603,1007,383,1176,1395
"165",819,618,1609,1004,383,1177,1395
"166",817,618,1615,1002,383,1178,1383
"167",815,618,1621,1000,383,1181,1371
"168",814,618,1621,997,383,1185,1381
"169",812,618,1621,1001,383,1188,1381
"170",812,618,1621,1005,383,1182,1381
"171",812,606,1621,1009,383,1176,1389
"172",837,593,1623,1013,383,1169,1398
"173",836,591,1626,1017,383,1163,1406
"174",835,590,1628,1021,383,1173,1408
"175",807,588,1630,1025,383,1184,1408
"176",808,587,1632,994,383,1194,1408
"177",808,585,1635,1002,383,1194,1408
"178",809,597,1637,1002,383,1195,1408
"179",809,609,1639,1003,359,1195,1400
"180",810,608,1642,1003,358,1195,1393
"181",811,608,1644,998,357,1195,1385
"182",811,608,1644,994,356,1196,1394
"183",812,607,1645,994,354,1196,1394
"184",812,607,1645,993,353,1196,1394
"185",813,607,1645,993,352,1196,1395
"186",813,607,1645,993,352,1196,1395
"187",812,607,1645,993,352,1196,1395
"188",812,607,1645,992,352,1193,1396
"189",811,606,1651,992,352,1190,1396
"190",811,606,1652,992,352,1182,1396
"191",811,606,1652,992,352,1175,1408
"192",811,606,1652,992,352,1167,1419
"193",811,606,1652,992,352,1168,1419
"194",808,605,1662,992,352,1168,1419
"195",806,605,1673,993,352,1168,1398
"196",803,605,1673,993,351,1169,1401
"197",800,610,1673,993,351,1174,1403
"198",797,614,1673,985,351,1179,1406
"199",795,618,1673,976,351,1185,1406
"200",792,623,1674,968,333,1190,1406
"201",789,623,1674,959,333,1195,1406
"202",786,623,1675,969,333,1195,1406
"203",784,621,1676,979,333,1195,1406
"204",781,620,1677,989,330,1193,1406
"205",787,618,1677,992,327,1192,1406
"206",783,616,1678,994,326,1190,1406
"207",779,615,1678,996,324,1198,1406
"208",788,613,1678,999,322,1200,1406
"209",798,613,1678,997,321,1202,1406
"210",807,585,1678,996,320,1204,1406
"211",799,585,1678,994,318,1206,1406
"212",803,585,1678,993,316,1211,1406
"213",806,585,1678,991,315,1215,1414
"214",810,585,1678,995,314,1220,1414
"215",814,577,1678,999,312,1224,1414
"216",817,566,1678,976,310,1229,1414
"217",821,555,1678,976,309,1230,1415
"218",821,554,1678,976,308,1230,1415
"219",820,575,1678,976,306,1228,1415
"220",820,574,1678,975,306,1226,1415
"221",820,572,1684,975,306,1224,1415
"222",820,571,1685,975,305,1224,1416
"223",820,569,1685,976,305,1224,1416
"224",819,568,1685,983,305,1224,1416
"225",819,567,1685,990,305,1218,1416
"226",804,565,1685,998,305,1212,1416
"227",790,564,1685,1005,304,1205,1428
"228",790,562,1685,1004,303,1199,1441
"229",790,561,1685,1002,303,1195,1432
"230",792,560,1704,1001,302,1191,1422
"231",794,558,1704,999,301,1186,1426
"232",786,557,1704,998,301,1182,1429
"233",778,556,1704,1010,301,1178,1450
"234",770,554,1704,1022,301,1178,1450
"235",770,553,1704,1022,301,1178,1450
"236",769,551,1704,1022,301,1179,1451
"237",794,550,1704,1022,301,1179,1449
"238",794,549,1704,1023,300,1179,1446
"239",794,549,1704,1023,300,1179,1444
"240",794,546,1704,1023,300,1179,1442
"241",794,544,1704,1028,300,1179,1439
"242",794,549,1704,1025,300,1179,1437
"243",792,554,1714,1022,300,1179,1434
"244",790,558,1723,1018,290,1178,1432
"245",789,563,1724,1015,281,1177,1432
"246",787,563,1726,1012,280,1176,1432
"247",785,563,1726,1009,278,1185,1432
"248",789,563,1726,1005,277,1195,1432
"249",788,563,1726,1002,277,1204,1432
"250",787,563,1726,999,277,1214,1432
"251",786,563,1727,998,276,1213,1432
"252",785,563,1728,998,276,1212,1432
"253",784,563,1729,999,276,1212,1432
"254",783,563,1730,995,276,1211,1432
"255",782,563,1730,990,276,1218,1432
"256",782,563,1730,986,276,1225,1432
"257",782,563,1730,981,276,1233,1434
"258",786,562,1732,977,276,1240,1435
"259",791,562,1734,972,276,1240,1437
"260",795,562,1736,978,276,1241,1437
"261",800,551,1738,983,276,1241,1437
"262",804,540,1739,989,267,1241,1433
"263",790,558,1741,994,258,1241,1430
"264",776,557,1743,1000,258,1241,1426
"265",776,556,1745,1000,258,1241,1422
"266",777,555,1745,1000,258,1241,1422
"267",778,554,1745,1000,258,1241,1422
"268",778,553,1745,1003,258,1241,1422
"269",778,552,1745,1006,256,1236,1423
"270",779,552,1745,1007,255,1231,1423
"271",778,552,1745,1007,255,1225,1423
"272",776,552,1745,1008,254,1220,1436
"273",774,546,1750,1008,254,1215,1449
"274",772,541,1755,1009,254,1221,1442
"275",783,536,1760,1010,253,1221,1434
"276",794,530,1760,1010,253,1221,1435
"277",796,525,1760,1011,252,1222,1436
"278",797,525,1760,1022,252,1222,1437
"279",775,524,1760,1033,252,1222,1438
"280",775,524,1760,1020,252,1222,1439
"281",775,524,1760,1008,252,1247,1440
"282",775,524,1760,1001,252,1247,1441
"283",775,524,1760,1001,252,1247,1454
"284",775,524,1760,1001,252,1222,1466
"285",774,524,1760,1001,252,1222,1466
"286",774,524,1760,1001,252,1221,1466
"287",774,524,1760,1001,252,1221,1466
"288",774,524,1760,1001,252,1221,1466
"289",774,524,1760,1001,252,1220,1466
"290",774,530,1760,1001,252,1220,1466
"291",774,535,1760,1001,244,1220,1467
"292",774,541,1760,1001,235,1220,1467
"293",774,541,1760,1001,235,1219,1467
"294",774,541,1763,1001,235,1219,1467
