participant_number,participant_code,,,,,,,,,
1,mhezjxsr,,,,,,,,,
2,q2dwrka2,,,,,,,,,
session,participant_code,round_number,participant_number,left_stimuli,right_stimuli,response,loser,answered_time,payoff_round,total_payoff
9sl8md6z,mhezjxsr,1,1,5,3,3,5,2229,0,2630
9sl8md6z,q2dwrka2,1,2,5,3,5,3,2532,0,2630
9sl8md6z,mhezjxsr,2,1,2,1,1,2,1046,10,2630
9sl8md6z,q2dwrka2,2,2,2,1,1,2,1141,10,2630
9sl8md6z,mhezjxsr,3,1,3,1,1,3,1856,0,2630
9sl8md6z,q2dwrka2,3,2,1,3,3,1,1508,0,2630
9sl8md6z,mhezjxsr,4,1,4,5,5,4,1048,0,2630
9sl8md6z,q2dwrka2,4,2,4,5,4,5,1638,0,2630
9sl8md6z,mhezjxsr,5,1,1,5,1,5,820,0,2630
9sl8md6z,q2dwrka2,5,2,1,5,5,1,1368,0,2630
9sl8md6z,mhezjxsr,6,1,7,3,3,7,875,10,2630
9sl8md6z,q2dwrka2,6,2,3,7,3,7,1542,10,2630
9sl8md6z,mhezjxsr,7,1,4,6,6,4,984,0,2630
9sl8md6z,q2dwrka2,7,2,4,6,4,6,1922,0,2630
9sl8md6z,mhezjxsr,8,1,6,2,6,2,1041,0,2630
9sl8md6z,q2dwrka2,8,2,6,2,2,6,1975,0,2630
9sl8md6z,mhezjxsr,9,1,5,2,5,2,904,10,2630
9sl8md6z,q2dwrka2,9,2,5,2,5,2,1348,10,2630
9sl8md6z,mhezjxsr,10,1,6,3,3,6,1407,10,2630
9sl8md6z,q2dwrka2,10,2,6,3,3,6,2067,10,2630
9sl8md6z,mhezjxsr,11,1,2,4,4,2,2200,10,2630
9sl8md6z,q2dwrka2,11,2,2,4,4,2,2017,10,2630
9sl8md6z,mhezjxsr,12,1,3,2,3,2,1197,10,2630
9sl8md6z,q2dwrka2,12,2,3,2,3,2,1095,10,2630
9sl8md6z,mhezjxsr,13,1,7,5,5,7,1317,10,2630
9sl8md6z,q2dwrka2,13,2,5,7,5,7,1698,10,2630
9sl8md6z,mhezjxsr,14,1,3,4,3,4,900,10,2630
9sl8md6z,q2dwrka2,14,2,4,3,3,4,911,10,2630
9sl8md6z,mhezjxsr,15,1,5,6,6,5,1547,0,2630
9sl8md6z,q2dwrka2,15,2,6,5,5,6,2096,0,2630
9sl8md6z,mhezjxsr,16,1,7,4,4,7,1595,10,2630
9sl8md6z,q2dwrka2,16,2,7,4,4,7,1590,10,2630
9sl8md6z,mhezjxsr,17,1,7,1,1,7,1005,10,2630
9sl8md6z,q2dwrka2,17,2,1,7,1,7,870,10,2630
9sl8md6z,mhezjxsr,18,1,4,1,1,4,1077,0,2630
9sl8md6z,q2dwrka2,18,2,1,4,4,1,935,0,2630
9sl8md6z,mhezjxsr,19,1,1,6,1,6,1538,10,2630
9sl8md6z,q2dwrka2,19,2,1,6,1,6,663,10,2630
9sl8md6z,mhezjxsr,20,1,6,7,6,7,1155,10,2630
9sl8md6z,q2dwrka2,20,2,6,7,6,7,2204,10,2630
9sl8md6z,mhezjxsr,21,1,7,2,2,7,2134,0,2630
9sl8md6z,q2dwrka2,21,2,7,2,7,2,3042,0,2630
9sl8md6z,mhezjxsr,22,1,4,1,1,4,1053,10,2630
9sl8md6z,q2dwrka2,22,2,4,1,1,4,846,10,2630
9sl8md6z,mhezjxsr,23,1,5,3,3,5,1455,10,2630
9sl8md6z,q2dwrka2,23,2,3,5,3,5,711,10,2630
9sl8md6z,mhezjxsr,24,1,7,1,1,7,1027,10,2630
9sl8md6z,q2dwrka2,24,2,1,7,1,7,1000,10,2630
9sl8md6z,mhezjxsr,25,1,1,6,1,6,929,10,2630
9sl8md6z,q2dwrka2,25,2,1,6,1,6,812,10,2630
9sl8md6z,mhezjxsr,26,1,4,3,3,4,819,10,2630
9sl8md6z,q2dwrka2,26,2,3,4,3,4,609,10,2630
9sl8md6z,mhezjxsr,27,1,2,4,4,2,1758,10,2630
9sl8md6z,q2dwrka2,27,2,2,4,4,2,1376,10,2630
9sl8md6z,mhezjxsr,28,1,7,3,3,7,732,10,2630
9sl8md6z,q2dwrka2,28,2,7,3,3,7,947,10,2630
9sl8md6z,mhezjxsr,29,1,4,5,5,4,1933,10,2630
9sl8md6z,q2dwrka2,29,2,5,4,5,4,1606,10,2630
9sl8md6z,mhezjxsr,30,1,6,4,6,4,821,0,2630
9sl8md6z,q2dwrka2,30,2,4,6,4,6,925,0,2630
9sl8md6z,mhezjxsr,31,1,6,3,3,6,1354,10,2630
9sl8md6z,q2dwrka2,31,2,6,3,3,6,1597,10,2630
9sl8md6z,mhezjxsr,32,1,3,1,3,1,1686,10,2630
9sl8md6z,q2dwrka2,32,2,3,1,3,1,1209,10,2630
9sl8md6z,mhezjxsr,33,1,2,7,2,7,1842,0,2630
9sl8md6z,q2dwrka2,33,2,2,7,7,2,1697,0,2630
9sl8md6z,mhezjxsr,34,1,6,2,6,2,1694,0,2630
9sl8md6z,q2dwrka2,34,2,2,6,2,6,2151,0,2630
9sl8md6z,mhezjxsr,35,1,4,7,4,7,1731,0,2630
9sl8md6z,q2dwrka2,35,2,4,7,7,4,1823,0,2630
9sl8md6z,mhezjxsr,36,1,3,2,3,2,945,10,2630
9sl8md6z,q2dwrka2,36,2,2,3,3,2,705,10,2630
9sl8md6z,mhezjxsr,37,1,1,5,1,5,1123,10,2630
9sl8md6z,q2dwrka2,37,2,1,5,1,5,1155,10,2630
9sl8md6z,mhezjxsr,38,1,6,7,6,7,989,10,2630
9sl8md6z,q2dwrka2,38,2,6,7,6,7,1941,10,2630
9sl8md6z,mhezjxsr,39,1,5,6,6,5,1337,0,2630
9sl8md6z,q2dwrka2,39,2,6,5,5,6,1156,0,2630
9sl8md6z,mhezjxsr,40,1,5,7,5,7,1719,10,2630
9sl8md6z,q2dwrka2,40,2,7,5,5,7,1436,10,2630
9sl8md6z,mhezjxsr,41,1,5,2,5,2,2282,10,2630
9sl8md6z,q2dwrka2,41,2,2,5,5,2,813,10,2630
9sl8md6z,mhezjxsr,42,1,2,1,1,2,901,10,2630
9sl8md6z,q2dwrka2,42,2,1,2,1,2,1150,10,2630
9sl8md6z,mhezjxsr,43,1,6,1,1,6,2236,10,2630
9sl8md6z,q2dwrka2,43,2,6,1,1,6,729,10,2630
9sl8md6z,mhezjxsr,44,1,3,4,3,4,898,10,2630
9sl8md6z,q2dwrka2,44,2,4,3,3,4,987,10,2630
9sl8md6z,mhezjxsr,45,1,7,3,3,7,973,10,2630
9sl8md6z,q2dwrka2,45,2,7,3,3,7,738,10,2630
9sl8md6z,mhezjxsr,46,1,5,1,1,5,882,10,2630
9sl8md6z,q2dwrka2,46,2,5,1,1,5,663,10,2630
9sl8md6z,mhezjxsr,47,1,7,5,5,7,1361,10,2630
9sl8md6z,q2dwrka2,47,2,7,5,5,7,1053,10,2630
9sl8md6z,mhezjxsr,48,1,6,5,6,5,1032,0,2630
9sl8md6z,q2dwrka2,48,2,6,5,5,6,972,0,2630
9sl8md6z,mhezjxsr,49,1,5,2,5,2,1557,10,2630
9sl8md6z,q2dwrka2,49,2,5,2,5,2,3100,10,2630
9sl8md6z,mhezjxsr,50,1,4,6,6,4,934,10,2630
9sl8md6z,q2dwrka2,50,2,6,4,6,4,1389,10,2630
9sl8md6z,mhezjxsr,51,1,3,5,3,5,1158,10,2630
9sl8md6z,q2dwrka2,51,2,5,3,3,5,1088,10,2630
9sl8md6z,mhezjxsr,52,1,1,2,1,2,1050,10,2630
9sl8md6z,q2dwrka2,52,2,1,2,1,2,735,10,2630
9sl8md6z,mhezjxsr,53,1,2,6,6,2,1622,10,2630
9sl8md6z,q2dwrka2,53,2,6,2,6,2,2999,10,2630
9sl8md6z,mhezjxsr,54,1,5,4,5,4,1168,10,2630
9sl8md6z,q2dwrka2,54,2,5,4,5,4,1340,10,2630
9sl8md6z,mhezjxsr,55,1,7,6,6,7,1115,10,2630
9sl8md6z,q2dwrka2,55,2,7,6,6,7,2983,10,2630
9sl8md6z,mhezjxsr,56,1,7,4,4,7,1407,10,2630
9sl8md6z,q2dwrka2,56,2,4,7,4,7,1569,10,2630
9sl8md6z,mhezjxsr,57,1,2,7,2,7,2631,0,2630
9sl8md6z,q2dwrka2,57,2,2,7,7,2,1678,0,2630
9sl8md6z,mhezjxsr,58,1,4,2,4,2,1715,10,2630
9sl8md6z,q2dwrka2,58,2,4,2,4,2,1173,10,2630
9sl8md6z,mhezjxsr,59,1,1,4,1,4,1074,10,2630
9sl8md6z,q2dwrka2,59,2,1,4,1,4,998,10,2630
9sl8md6z,mhezjxsr,60,1,3,6,3,6,1082,10,2630
9sl8md6z,q2dwrka2,60,2,3,6,3,6,714,10,2630
9sl8md6z,mhezjxsr,61,1,3,2,3,2,978,10,2630
9sl8md6z,q2dwrka2,61,2,2,3,3,2,778,10,2630
9sl8md6z,mhezjxsr,62,1,7,1,1,7,995,10,2630
9sl8md6z,q2dwrka2,62,2,1,7,1,7,717,10,2630
9sl8md6z,mhezjxsr,63,1,3,1,3,1,916,10,2630
9sl8md6z,q2dwrka2,63,2,3,1,3,1,980,10,2630
9sl8md6z,mhezjxsr,64,1,3,1,3,1,823,10,2630
9sl8md6z,q2dwrka2,64,2,1,3,3,1,845,10,2630
9sl8md6z,mhezjxsr,65,1,7,4,4,7,1324,10,2630
9sl8md6z,q2dwrka2,65,2,4,7,4,7,1760,10,2630
9sl8md6z,mhezjxsr,66,1,7,3,3,7,1309,10,2630
9sl8md6z,q2dwrka2,66,2,3,7,3,7,1023,10,2630
9sl8md6z,mhezjxsr,67,1,7,1,1,7,1395,10,2630
9sl8md6z,q2dwrka2,67,2,7,1,1,7,787,10,2630
9sl8md6z,mhezjxsr,68,1,6,5,6,5,875,0,2630
9sl8md6z,q2dwrka2,68,2,6,5,5,6,3087,0,2630
9sl8md6z,mhezjxsr,69,1,3,2,3,2,859,10,2630
9sl8md6z,q2dwrka2,69,2,3,2,3,2,824,10,2630
9sl8md6z,mhezjxsr,70,1,6,2,6,2,971,10,2630
9sl8md6z,q2dwrka2,70,2,2,6,6,2,1546,10,2630
9sl8md6z,mhezjxsr,71,1,2,1,1,2,970,10,2630
9sl8md6z,q2dwrka2,71,2,1,2,1,2,896,10,2630
9sl8md6z,mhezjxsr,72,1,7,2,2,7,1783,10,2630
9sl8md6z,q2dwrka2,72,2,2,7,2,7,2964,10,2630
9sl8md6z,mhezjxsr,73,1,4,6,6,4,1017,10,2630
9sl8md6z,q2dwrka2,73,2,6,4,6,4,2672,10,2630
9sl8md6z,mhezjxsr,74,1,6,3,3,6,1630,10,2630
9sl8md6z,q2dwrka2,74,2,6,3,3,6,1189,10,2630
9sl8md6z,mhezjxsr,75,1,4,3,3,4,858,10,2630
9sl8md6z,q2dwrka2,75,2,4,3,3,4,895,10,2630
9sl8md6z,mhezjxsr,76,1,4,5,5,4,989,0,2630
9sl8md6z,q2dwrka2,76,2,5,4,4,5,2867,0,2630
9sl8md6z,mhezjxsr,77,1,4,1,1,4,825,10,2630
9sl8md6z,q2dwrka2,77,2,1,4,1,4,2126,10,2630
9sl8md6z,mhezjxsr,78,1,5,3,3,5,858,10,2630
9sl8md6z,q2dwrka2,78,2,5,3,3,5,1307,10,2630
9sl8md6z,mhezjxsr,79,1,1,6,1,6,1466,10,2630
9sl8md6z,q2dwrka2,79,2,6,1,1,6,1413,10,2630
9sl8md6z,mhezjxsr,80,1,5,1,1,5,1005,10,2630
9sl8md6z,q2dwrka2,80,2,5,1,1,5,807,10,2630
9sl8md6z,mhezjxsr,81,1,2,4,2,4,1777,0,2630
9sl8md6z,q2dwrka2,81,2,2,4,4,2,1280,0,2630
9sl8md6z,mhezjxsr,82,1,6,7,6,7,943,10,2630
9sl8md6z,q2dwrka2,82,2,7,6,6,7,1803,10,2630
9sl8md6z,mhezjxsr,83,1,2,5,5,2,906,10,2630
9sl8md6z,q2dwrka2,83,2,5,2,5,2,2081,10,2630
9sl8md6z,mhezjxsr,84,1,5,7,7,5,1088,0,2630
9sl8md6z,q2dwrka2,84,2,7,5,5,7,729,0,2630
9sl8md6z,mhezjxsr,85,1,7,6,6,7,888,10,2630
9sl8md6z,q2dwrka2,85,2,7,6,6,7,2184,10,2630
9sl8md6z,mhezjxsr,86,1,1,7,1,7,795,10,2630
9sl8md6z,q2dwrka2,86,2,1,7,1,7,1369,10,2630
9sl8md6z,mhezjxsr,87,1,3,1,3,1,863,10,2630
9sl8md6z,q2dwrka2,87,2,1,3,3,1,718,10,2630
9sl8md6z,mhezjxsr,88,1,6,3,3,6,960,10,2630
9sl8md6z,q2dwrka2,88,2,3,6,3,6,676,10,2630
9sl8md6z,mhezjxsr,89,1,7,4,4,7,1726,10,2630
9sl8md6z,q2dwrka2,89,2,7,4,4,7,1416,10,2630
9sl8md6z,mhezjxsr,90,1,6,4,6,4,901,10,2630
9sl8md6z,q2dwrka2,90,2,4,6,6,4,1885,10,2630
9sl8md6z,mhezjxsr,91,1,5,6,6,5,925,0,2630
9sl8md6z,q2dwrka2,91,2,5,6,5,6,2503,0,2630
9sl8md6z,mhezjxsr,92,1,1,2,1,2,1009,10,2630
9sl8md6z,q2dwrka2,92,2,1,2,1,2,1015,10,2630
9sl8md6z,mhezjxsr,93,1,7,3,3,7,912,10,2630
9sl8md6z,q2dwrka2,93,2,7,3,3,7,833,10,2630
9sl8md6z,mhezjxsr,94,1,4,2,4,2,966,10,2630
9sl8md6z,q2dwrka2,94,2,2,4,4,2,1193,10,2630
9sl8md6z,mhezjxsr,95,1,5,3,3,5,931,10,2630
9sl8md6z,q2dwrka2,95,2,3,5,3,5,1421,10,2630
9sl8md6z,mhezjxsr,96,1,4,1,1,4,1211,10,2630
9sl8md6z,q2dwrka2,96,2,1,4,1,4,655,10,2630
9sl8md6z,mhezjxsr,97,1,4,5,5,4,1231,0,2630
9sl8md6z,q2dwrka2,97,2,4,5,4,5,3456,0,2630
9sl8md6z,mhezjxsr,98,1,2,3,3,2,1483,10,2630
9sl8md6z,q2dwrka2,98,2,2,3,3,2,1521,10,2630
9sl8md6z,mhezjxsr,99,1,6,1,1,6,1676,10,2630
9sl8md6z,q2dwrka2,99,2,1,6,1,6,987,10,2630
9sl8md6z,mhezjxsr,100,1,3,4,3,4,765,10,2630
9sl8md6z,q2dwrka2,100,2,3,4,3,4,811,10,2630
9sl8md6z,mhezjxsr,101,1,1,5,1,5,1108,10,2630
9sl8md6z,q2dwrka2,101,2,5,1,1,5,1154,10,2630
9sl8md6z,mhezjxsr,102,1,2,6,6,2,835,10,2630
9sl8md6z,q2dwrka2,102,2,2,6,6,2,1514,10,2630
9sl8md6z,mhezjxsr,103,1,5,2,5,2,911,10,2630
9sl8md6z,q2dwrka2,103,2,5,2,5,2,2225,10,2630
9sl8md6z,mhezjxsr,104,1,2,7,2,7,1000,10,2630
9sl8md6z,q2dwrka2,104,2,7,2,2,7,1132,10,2630
9sl8md6z,mhezjxsr,105,1,7,5,5,7,1071,10,2630
9sl8md6z,q2dwrka2,105,2,7,5,5,7,2289,10,2630
9sl8md6z,mhezjxsr,106,1,3,6,3,6,1274,10,2630
9sl8md6z,q2dwrka2,106,2,6,3,3,6,1039,10,2630
9sl8md6z,mhezjxsr,107,1,7,2,2,7,1414,10,2630
9sl8md6z,q2dwrka2,107,2,7,2,2,7,1174,10,2630
9sl8md6z,mhezjxsr,108,1,2,6,6,2,823,10,2630
9sl8md6z,q2dwrka2,108,2,6,2,6,2,1523,10,2630
9sl8md6z,mhezjxsr,109,1,4,6,6,4,1628,10,2630
9sl8md6z,q2dwrka2,109,2,4,6,6,4,2243,10,2630
9sl8md6z,mhezjxsr,110,1,1,6,1,6,1346,10,2630
9sl8md6z,q2dwrka2,110,2,6,1,1,6,1042,10,2630
9sl8md6z,mhezjxsr,111,1,3,1,3,1,1126,10,2630
9sl8md6z,q2dwrka2,111,2,3,1,3,1,1157,10,2630
9sl8md6z,mhezjxsr,112,1,4,5,5,4,1332,0,2630
9sl8md6z,q2dwrka2,112,2,4,5,4,5,7295,0,2630
9sl8md6z,mhezjxsr,113,1,1,7,1,7,916,10,2630
9sl8md6z,q2dwrka2,113,2,7,1,1,7,905,10,2630
9sl8md6z,mhezjxsr,114,1,6,7,6,7,742,10,2630
9sl8md6z,q2dwrka2,114,2,7,6,6,7,1443,10,2630
9sl8md6z,mhezjxsr,115,1,4,1,1,4,903,10,2630
9sl8md6z,q2dwrka2,115,2,4,1,1,4,902,10,2630
9sl8md6z,mhezjxsr,116,1,5,2,5,2,1097,10,2630
9sl8md6z,q2dwrka2,116,2,2,5,5,2,2024,10,2630
9sl8md6z,mhezjxsr,117,1,6,5,6,5,1042,10,2630
9sl8md6z,q2dwrka2,117,2,5,6,6,5,2121,10,2630
9sl8md6z,mhezjxsr,118,1,3,2,3,2,910,10,2630
9sl8md6z,q2dwrka2,118,2,2,3,3,2,715,10,2630
9sl8md6z,mhezjxsr,119,1,3,5,3,5,1313,10,2630
9sl8md6z,q2dwrka2,119,2,3,5,3,5,1287,10,2630
9sl8md6z,mhezjxsr,120,1,3,7,3,7,856,10,2630
9sl8md6z,q2dwrka2,120,2,7,3,3,7,1024,10,2630
9sl8md6z,mhezjxsr,121,1,1,2,1,2,1192,10,2630
9sl8md6z,q2dwrka2,121,2,1,2,1,2,737,10,2630
9sl8md6z,mhezjxsr,122,1,7,5,5,7,1263,10,2630
9sl8md6z,q2dwrka2,122,2,5,7,5,7,1203,10,2630
9sl8md6z,mhezjxsr,123,1,2,4,4,2,1641,10,2630
9sl8md6z,q2dwrka2,123,2,4,2,4,2,8701,10,2630
9sl8md6z,mhezjxsr,124,1,1,5,1,5,1140,10,2630
9sl8md6z,q2dwrka2,124,2,1,5,1,5,1585,10,2630
9sl8md6z,mhezjxsr,125,1,7,4,4,7,2352,10,2630
9sl8md6z,q2dwrka2,125,2,7,4,4,7,2216,10,2630
9sl8md6z,mhezjxsr,126,1,4,3,3,4,1149,10,2630
9sl8md6z,q2dwrka2,126,2,4,3,3,4,927,10,2630
9sl8md6z,mhezjxsr,127,1,6,2,6,2,994,10,2630
9sl8md6z,q2dwrka2,127,2,2,6,6,2,1709,10,2630
9sl8md6z,mhezjxsr,128,1,1,2,1,2,843,10,2630
9sl8md6z,q2dwrka2,128,2,2,1,1,2,714,10,2630
9sl8md6z,mhezjxsr,129,1,5,4,5,4,937,10,2630
9sl8md6z,q2dwrka2,129,2,4,5,5,4,892,10,2630
9sl8md6z,mhezjxsr,130,1,7,4,4,7,1618,10,2630
9sl8md6z,q2dwrka2,130,2,4,7,4,7,1036,10,2630
9sl8md6z,mhezjxsr,131,1,1,7,1,7,826,10,2630
9sl8md6z,q2dwrka2,131,2,7,1,1,7,734,10,2630
9sl8md6z,mhezjxsr,132,1,1,6,1,6,1243,10,2630
9sl8md6z,q2dwrka2,132,2,6,1,1,6,913,10,2630
9sl8md6z,mhezjxsr,133,1,5,6,6,5,1072,0,2630
9sl8md6z,q2dwrka2,133,2,6,5,5,6,1691,0,2630
9sl8md6z,mhezjxsr,134,1,1,3,3,1,1146,10,2630
9sl8md6z,q2dwrka2,134,2,1,3,3,1,1167,10,2630
9sl8md6z,mhezjxsr,135,1,3,7,3,7,1046,10,2630
9sl8md6z,q2dwrka2,135,2,7,3,3,7,830,10,2630
9sl8md6z,mhezjxsr,136,1,4,1,1,4,1315,10,2630
9sl8md6z,q2dwrka2,136,2,4,1,1,4,757,10,2630
9sl8md6z,mhezjxsr,137,1,4,6,6,4,974,10,2630
9sl8md6z,q2dwrka2,137,2,4,6,6,4,2051,10,2630
9sl8md6z,mhezjxsr,138,1,5,7,5,7,989,10,2630
9sl8md6z,q2dwrka2,138,2,7,5,5,7,1146,10,2630
9sl8md6z,mhezjxsr,139,1,2,5,5,2,940,10,2630
9sl8md6z,q2dwrka2,139,2,2,5,5,2,853,10,2630
9sl8md6z,mhezjxsr,140,1,5,3,3,5,1832,10,2630
9sl8md6z,q2dwrka2,140,2,3,5,3,5,671,10,2630
9sl8md6z,mhezjxsr,141,1,4,2,4,2,3827,10,2630
9sl8md6z,q2dwrka2,141,2,2,4,4,2,3343,10,2630
9sl8md6z,mhezjxsr,142,1,7,2,2,7,1510,10,2630
9sl8md6z,q2dwrka2,142,2,2,7,2,7,1381,10,2630
9sl8md6z,mhezjxsr,143,1,3,6,3,6,1614,10,2630
9sl8md6z,q2dwrka2,143,2,6,3,3,6,757,10,2630
9sl8md6z,mhezjxsr,144,1,5,1,1,5,1341,10,2630
9sl8md6z,q2dwrka2,144,2,5,1,1,5,935,10,2630
9sl8md6z,mhezjxsr,145,1,2,3,3,2,797,10,2630
9sl8md6z,q2dwrka2,145,2,3,2,3,2,939,10,2630
9sl8md6z,mhezjxsr,146,1,4,3,3,4,788,10,2630
9sl8md6z,q2dwrka2,146,2,4,3,3,4,802,10,2630
9sl8md6z,mhezjxsr,147,1,6,7,6,7,797,10,2630
9sl8md6z,q2dwrka2,147,2,7,6,6,7,885,10,2630
9sl8md6z,mhezjxsr,148,1,6,2,6,2,920,10,2630
9sl8md6z,q2dwrka2,148,2,6,2,6,2,2915,10,2630
9sl8md6z,mhezjxsr,149,1,7,3,3,7,944,10,2630
9sl8md6z,q2dwrka2,149,2,7,3,3,7,819,10,2630
9sl8md6z,mhezjxsr,150,1,3,6,3,6,1016,10,2630
9sl8md6z,q2dwrka2,150,2,3,6,3,6,938,10,2630
9sl8md6z,mhezjxsr,151,1,5,6,6,5,975,10,2630
9sl8md6z,q2dwrka2,151,2,5,6,6,5,2440,10,2630
9sl8md6z,mhezjxsr,152,1,4,3,3,4,1085,10,2630
9sl8md6z,q2dwrka2,152,2,3,4,3,4,1348,10,2630
9sl8md6z,mhezjxsr,153,1,6,7,6,7,1208,10,2630
9sl8md6z,q2dwrka2,153,2,6,7,6,7,1488,10,2630
9sl8md6z,mhezjxsr,154,1,4,5,5,4,943,10,2630
9sl8md6z,q2dwrka2,154,2,5,4,5,4,1971,10,2630
9sl8md6z,mhezjxsr,155,1,7,5,5,7,909,10,2630
9sl8md6z,q2dwrka2,155,2,5,7,5,7,1099,10,2630
9sl8md6z,mhezjxsr,156,1,5,3,3,5,745,10,2630
9sl8md6z,q2dwrka2,156,2,3,5,3,5,726,10,2630
9sl8md6z,mhezjxsr,157,1,2,7,2,7,1606,10,2630
9sl8md6z,q2dwrka2,157,2,7,2,2,7,1559,10,2630
9sl8md6z,mhezjxsr,158,1,2,5,5,2,1480,10,2630
9sl8md6z,q2dwrka2,158,2,5,2,5,2,4690,10,2630
9sl8md6z,mhezjxsr,159,1,4,7,4,7,1371,10,2630
9sl8md6z,q2dwrka2,159,2,4,7,4,7,1132,10,2630
9sl8md6z,mhezjxsr,160,1,3,1,3,1,1038,10,2630
9sl8md6z,q2dwrka2,160,2,1,3,3,1,947,10,2630
9sl8md6z,mhezjxsr,161,1,2,3,3,2,2284,10,2630
9sl8md6z,q2dwrka2,161,2,2,3,3,2,875,10,2630
9sl8md6z,mhezjxsr,162,1,1,4,1,4,885,10,2630
9sl8md6z,q2dwrka2,162,2,4,1,1,4,778,10,2630
9sl8md6z,mhezjxsr,163,1,6,1,1,6,1327,10,2630
9sl8md6z,q2dwrka2,163,2,6,1,1,6,1279,10,2630
9sl8md6z,mhezjxsr,164,1,4,6,6,4,1218,10,2630
9sl8md6z,q2dwrka2,164,2,4,6,6,4,1649,10,2630
9sl8md6z,mhezjxsr,165,1,1,5,1,5,964,10,2630
9sl8md6z,q2dwrka2,165,2,1,5,1,5,1014,10,2630
9sl8md6z,mhezjxsr,166,1,2,1,1,2,778,10,2630
9sl8md6z,q2dwrka2,166,2,2,1,1,2,624,10,2630
9sl8md6z,mhezjxsr,167,1,7,1,1,7,759,10,2630
9sl8md6z,q2dwrka2,167,2,1,7,1,7,702,10,2630
9sl8md6z,mhezjxsr,168,1,2,4,4,2,1850,10,2630
9sl8md6z,q2dwrka2,168,2,2,4,4,2,1186,10,2630
9sl8md6z,mhezjxsr,169,1,4,3,3,4,1025,10,2630
9sl8md6z,q2dwrka2,169,2,3,4,3,4,845,10,2630
9sl8md6z,mhezjxsr,170,1,1,2,1,2,1074,10,2630
9sl8md6z,q2dwrka2,170,2,2,1,1,2,736,10,2630
9sl8md6z,mhezjxsr,171,1,4,2,4,2,1922,10,2630
9sl8md6z,q2dwrka2,171,2,4,2,4,2,1664,10,2630
9sl8md6z,mhezjxsr,172,1,7,3,3,7,852,10,2630
9sl8md6z,q2dwrka2,172,2,7,3,3,7,1118,10,2630
9sl8md6z,mhezjxsr,173,1,6,3,3,6,1147,10,2630
9sl8md6z,q2dwrka2,173,2,3,6,3,6,848,10,2630
9sl8md6z,mhezjxsr,174,1,6,4,6,4,1191,0,2630
9sl8md6z,q2dwrka2,174,2,6,4,4,6,7839,0,2630
9sl8md6z,mhezjxsr,175,1,7,5,5,7,1724,10,2630
9sl8md6z,q2dwrka2,175,2,5,7,5,7,993,10,2630
9sl8md6z,mhezjxsr,176,1,6,5,6,5,1004,0,2630
9sl8md6z,q2dwrka2,176,2,5,6,5,6,2428,0,2630
9sl8md6z,mhezjxsr,177,1,7,6,6,7,816,10,2630
9sl8md6z,q2dwrka2,177,2,6,7,6,7,850,10,2630
9sl8md6z,mhezjxsr,178,1,5,2,5,2,932,10,2630
9sl8md6z,q2dwrka2,178,2,2,5,5,2,1216,10,2630
9sl8md6z,mhezjxsr,179,1,1,6,1,6,2028,10,2630
9sl8md6z,q2dwrka2,179,2,6,1,1,6,896,10,2630
9sl8md6z,mhezjxsr,180,1,1,3,3,1,1093,10,2630
9sl8md6z,q2dwrka2,180,2,1,3,3,1,844,10,2630
9sl8md6z,mhezjxsr,181,1,4,5,5,4,1087,10,2630
9sl8md6z,q2dwrka2,181,2,5,4,5,4,2713,10,2630
9sl8md6z,mhezjxsr,182,1,2,7,2,7,2144,10,2630
9sl8md6z,q2dwrka2,182,2,2,7,2,7,1568,10,2630
9sl8md6z,mhezjxsr,183,1,5,1,1,5,1250,10,2630
9sl8md6z,q2dwrka2,183,2,5,1,1,5,989,10,2630
9sl8md6z,mhezjxsr,184,1,1,4,1,4,999,10,2630
9sl8md6z,q2dwrka2,184,2,4,1,1,4,819,10,2630
9sl8md6z,mhezjxsr,185,1,2,6,6,2,1257,10,2630
9sl8md6z,q2dwrka2,185,2,2,6,6,2,1999,10,2630
9sl8md6z,mhezjxsr,186,1,3,2,3,2,964,10,2630
9sl8md6z,q2dwrka2,186,2,2,3,3,2,785,10,2630
9sl8md6z,mhezjxsr,187,1,1,7,1,7,958,10,2630
9sl8md6z,q2dwrka2,187,2,1,7,1,7,809,10,2630
9sl8md6z,mhezjxsr,188,1,4,7,4,7,1196,10,2630
9sl8md6z,q2dwrka2,188,2,4,7,4,7,1400,10,2630
9sl8md6z,mhezjxsr,189,1,5,3,3,5,1086,10,2630
9sl8md6z,q2dwrka2,189,2,5,3,3,5,943,10,2630
9sl8md6z,mhezjxsr,190,1,2,6,6,2,2627,10,2630
9sl8md6z,q2dwrka2,190,2,6,2,6,2,1667,10,2630
9sl8md6z,mhezjxsr,191,1,7,3,3,7,1167,10,2630
9sl8md6z,q2dwrka2,191,2,3,7,3,7,819,10,2630
9sl8md6z,mhezjxsr,192,1,6,5,6,5,920,10,2630
9sl8md6z,q2dwrka2,192,2,6,5,6,5,2243,10,2630
9sl8md6z,mhezjxsr,193,1,4,7,4,7,1361,10,2630
9sl8md6z,q2dwrka2,193,2,7,4,4,7,1545,10,2630
9sl8md6z,mhezjxsr,194,1,3,5,3,5,939,10,2630
9sl8md6z,q2dwrka2,194,2,5,3,3,5,881,10,2630
9sl8md6z,mhezjxsr,195,1,7,6,6,7,843,10,2630
9sl8md6z,q2dwrka2,195,2,7,6,6,7,1084,10,2630
9sl8md6z,mhezjxsr,196,1,5,4,5,4,1230,10,2630
9sl8md6z,q2dwrka2,196,2,5,4,5,4,2920,10,2630
9sl8md6z,mhezjxsr,197,1,4,3,3,4,1251,10,2630
9sl8md6z,q2dwrka2,197,2,3,4,3,4,874,10,2630
9sl8md6z,mhezjxsr,198,1,7,5,5,7,1520,10,2630
9sl8md6z,q2dwrka2,198,2,7,5,5,7,1478,10,2630
9sl8md6z,mhezjxsr,199,1,3,6,3,6,919,10,2630
9sl8md6z,q2dwrka2,199,2,3,6,3,6,728,10,2630
9sl8md6z,mhezjxsr,200,1,6,4,6,4,1041,10,2630
9sl8md6z,q2dwrka2,200,2,6,4,6,4,1257,10,2630
9sl8md6z,mhezjxsr,201,1,5,1,1,5,1177,10,2630
9sl8md6z,q2dwrka2,201,2,1,5,1,5,736,10,2630
9sl8md6z,mhezjxsr,202,1,2,5,5,2,920,10,2630
9sl8md6z,q2dwrka2,202,2,5,2,5,2,1226,10,2630
9sl8md6z,mhezjxsr,203,1,1,7,1,7,777,10,2630
9sl8md6z,q2dwrka2,203,2,1,7,1,7,622,10,2630
9sl8md6z,mhezjxsr,204,1,4,2,4,2,2518,0,2630
9sl8md6z,q2dwrka2,204,2,2,4,2,4,1655,0,2630
9sl8md6z,mhezjxsr,205,1,3,2,3,2,1045,10,2630
9sl8md6z,q2dwrka2,205,2,3,2,3,2,814,10,2630
9sl8md6z,mhezjxsr,206,1,6,1,1,6,1089,10,2630
9sl8md6z,q2dwrka2,206,2,1,6,1,6,761,10,2630
9sl8md6z,mhezjxsr,207,1,4,1,1,4,817,10,2630
9sl8md6z,q2dwrka2,207,2,4,1,1,4,1489,10,2630
9sl8md6z,mhezjxsr,208,1,1,3,3,1,1291,10,2630
9sl8md6z,q2dwrka2,208,2,1,3,3,1,1026,10,2630
9sl8md6z,mhezjxsr,209,1,1,2,1,2,945,10,2630
9sl8md6z,q2dwrka2,209,2,1,2,1,2,833,10,2630
9sl8md6z,mhezjxsr,210,1,7,2,2,7,1302,10,2630
9sl8md6z,q2dwrka2,210,2,7,2,2,7,7379,10,2630
9sl8md6z,mhezjxsr,211,1,7,3,3,7,965,10,2630
9sl8md6z,q2dwrka2,211,2,7,3,3,7,997,10,2630
9sl8md6z,mhezjxsr,212,1,2,1,1,2,791,10,2630
9sl8md6z,q2dwrka2,212,2,2,1,1,2,719,10,2630
9sl8md6z,mhezjxsr,213,1,3,6,3,6,823,10,2630
9sl8md6z,q2dwrka2,213,2,6,3,3,6,745,10,2630
9sl8md6z,mhezjxsr,214,1,3,4,3,4,784,10,2630
9sl8md6z,q2dwrka2,214,2,4,3,3,4,708,10,2630
9sl8md6z,mhezjxsr,215,1,5,7,5,7,2433,10,2630
9sl8md6z,q2dwrka2,215,2,7,5,5,7,1995,10,2630
9sl8md6z,mhezjxsr,216,1,2,7,2,7,1861,10,2630
9sl8md6z,q2dwrka2,216,2,7,2,2,7,1146,10,2630
9sl8md6z,mhezjxsr,217,1,6,5,6,5,1551,10,2630
9sl8md6z,q2dwrka2,217,2,6,5,6,5,1426,10,2630
9sl8md6z,mhezjxsr,218,1,6,1,1,6,2179,10,2630
9sl8md6z,q2dwrka2,218,2,1,6,1,6,1094,10,2630
9sl8md6z,mhezjxsr,219,1,1,7,1,7,773,10,2630
9sl8md6z,q2dwrka2,219,2,1,7,1,7,1151,10,2630
9sl8md6z,mhezjxsr,220,1,4,5,5,4,1272,0,2630
9sl8md6z,q2dwrka2,220,2,5,4,4,5,2263,0,2630
9sl8md6z,mhezjxsr,221,1,4,1,1,4,2550,10,2630
9sl8md6z,q2dwrka2,221,2,1,4,1,4,1374,10,2630
9sl8md6z,mhezjxsr,222,1,2,6,6,2,1394,10,2630
9sl8md6z,q2dwrka2,222,2,2,6,6,2,1544,10,2630
9sl8md6z,mhezjxsr,223,1,6,4,6,4,837,10,2630
9sl8md6z,q2dwrka2,223,2,6,4,6,4,2706,10,2630
9sl8md6z,mhezjxsr,224,1,3,1,3,1,1628,10,2630
9sl8md6z,q2dwrka2,224,2,3,1,3,1,889,10,2630
9sl8md6z,mhezjxsr,225,1,7,6,6,7,1330,10,2630
9sl8md6z,q2dwrka2,225,2,7,6,6,7,1116,10,2630
9sl8md6z,mhezjxsr,226,1,2,4,4,2,1279,10,2630
9sl8md6z,q2dwrka2,226,2,4,2,4,2,8703,10,2630
9sl8md6z,mhezjxsr,227,1,7,4,4,7,1619,10,2630
9sl8md6z,q2dwrka2,227,2,7,4,4,7,1836,10,2630
9sl8md6z,mhezjxsr,228,1,5,1,1,5,1437,10,2630
9sl8md6z,q2dwrka2,228,2,5,1,1,5,1010,10,2630
9sl8md6z,mhezjxsr,229,1,2,3,3,2,892,10,2630
9sl8md6z,q2dwrka2,229,2,2,3,3,2,1093,10,2630
9sl8md6z,mhezjxsr,230,1,2,5,5,2,1251,10,2630
9sl8md6z,q2dwrka2,230,2,5,2,5,2,2730,10,2630
9sl8md6z,mhezjxsr,231,1,3,5,3,5,1243,10,2630
9sl8md6z,q2dwrka2,231,2,5,3,3,5,891,10,2630
9sl8md6z,mhezjxsr,232,1,6,4,6,4,1095,10,2630
9sl8md6z,q2dwrka2,232,2,6,4,6,4,5341,10,2630
9sl8md6z,mhezjxsr,233,1,6,5,6,5,927,0,2630
9sl8md6z,q2dwrka2,233,2,5,6,5,6,1864,0,2630
9sl8md6z,mhezjxsr,234,1,1,2,1,2,1149,10,2630
9sl8md6z,q2dwrka2,234,2,1,2,1,2,958,10,2630
9sl8md6z,mhezjxsr,235,1,7,3,3,7,1101,10,2630
9sl8md6z,q2dwrka2,235,2,3,7,3,7,865,10,2630
9sl8md6z,mhezjxsr,236,1,3,1,3,1,1181,10,2630
9sl8md6z,q2dwrka2,236,2,3,1,3,1,722,10,2630
9sl8md6z,mhezjxsr,237,1,3,5,3,5,1183,10,2630
9sl8md6z,q2dwrka2,237,2,3,5,3,5,705,10,2630
9sl8md6z,mhezjxsr,238,1,1,6,1,6,2780,10,2630
9sl8md6z,q2dwrka2,238,2,1,6,1,6,914,10,2630
9sl8md6z,mhezjxsr,239,1,2,4,4,2,1282,10,2630
9sl8md6z,q2dwrka2,239,2,2,4,4,2,3385,10,2630
9sl8md6z,mhezjxsr,240,1,5,7,5,7,1470,10,2630
9sl8md6z,q2dwrka2,240,2,5,7,5,7,1417,10,2630
9sl8md6z,mhezjxsr,241,1,1,7,1,7,1224,10,2630
9sl8md6z,q2dwrka2,241,2,1,7,1,7,1169,10,2630
9sl8md6z,mhezjxsr,242,1,7,6,6,7,3299,10,2630
9sl8md6z,q2dwrka2,242,2,6,7,6,7,1594,10,2630
9sl8md6z,mhezjxsr,243,1,5,2,5,2,1272,10,2630
9sl8md6z,q2dwrka2,243,2,2,5,5,2,2347,10,2630
9sl8md6z,mhezjxsr,244,1,2,7,2,7,1214,10,2630
9sl8md6z,q2dwrka2,244,2,7,2,2,7,2259,10,2630
9sl8md6z,mhezjxsr,245,1,4,3,3,4,1228,10,2630
9sl8md6z,q2dwrka2,245,2,4,3,3,4,797,10,2630
9sl8md6z,mhezjxsr,246,1,2,6,6,2,1219,10,2630
9sl8md6z,q2dwrka2,246,2,2,6,6,2,1419,10,2630
9sl8md6z,mhezjxsr,247,1,3,2,3,2,1015,10,2630
9sl8md6z,q2dwrka2,247,2,3,2,3,2,958,10,2630
9sl8md6z,mhezjxsr,248,1,5,1,1,5,1069,10,2630
9sl8md6z,q2dwrka2,248,2,1,5,1,5,762,10,2630
9sl8md6z,mhezjxsr,249,1,3,6,3,6,914,10,2630
9sl8md6z,q2dwrka2,249,2,3,6,3,6,1003,10,2630
9sl8md6z,mhezjxsr,250,1,4,1,1,4,1070,10,2630
9sl8md6z,q2dwrka2,250,2,1,4,1,4,710,10,2630
9sl8md6z,mhezjxsr,251,1,4,7,4,7,1313,10,2630
9sl8md6z,q2dwrka2,251,2,4,7,4,7,3142,10,2630
9sl8md6z,mhezjxsr,252,1,5,4,5,4,2486,10,2630
9sl8md6z,q2dwrka2,252,2,4,5,5,4,3656,10,2630
9sl8md6z,mhezjxsr,253,1,2,4,4,2,1678,0,2630
9sl8md6z,q2dwrka2,253,2,4,2,2,4,1751,0,2630
9sl8md6z,mhezjxsr,254,1,1,2,1,2,904,10,2630
9sl8md6z,q2dwrka2,254,2,1,2,1,2,1085,10,2630
9sl8md6z,mhezjxsr,255,1,2,7,2,7,2231,10,2630
9sl8md6z,q2dwrka2,255,2,2,7,2,7,2457,10,2630
9sl8md6z,mhezjxsr,256,1,1,5,1,5,1093,10,2630
9sl8md6z,q2dwrka2,256,2,1,5,1,5,747,10,2630
9sl8md6z,mhezjxsr,257,1,3,4,3,4,1168,10,2630
9sl8md6z,q2dwrka2,257,2,3,4,3,4,1195,10,2630
9sl8md6z,mhezjxsr,258,1,6,3,3,6,1167,10,2630
9sl8md6z,q2dwrka2,258,2,3,6,3,6,1023,10,2630
9sl8md6z,mhezjxsr,259,1,4,6,6,4,1262,10,2630
9sl8md6z,q2dwrka2,259,2,6,4,6,4,1467,10,2630
9sl8md6z,mhezjxsr,260,1,7,4,4,7,1721,10,2630
9sl8md6z,q2dwrka2,260,2,4,7,4,7,3998,10,2630
9sl8md6z,mhezjxsr,261,1,3,2,3,2,1000,10,2630
9sl8md6z,q2dwrka2,261,2,2,3,3,2,963,10,2630
9sl8md6z,mhezjxsr,262,1,2,5,5,2,790,10,2630
9sl8md6z,q2dwrka2,262,2,5,2,5,2,2044,10,2630
9sl8md6z,mhezjxsr,263,1,3,5,3,5,802,10,2630
9sl8md6z,q2dwrka2,263,2,3,5,3,5,1411,10,2630
9sl8md6z,mhezjxsr,264,1,7,1,1,7,944,10,2630
9sl8md6z,q2dwrka2,264,2,1,7,1,7,580,10,2630
9sl8md6z,mhezjxsr,265,1,1,6,1,6,1023,10,2630
9sl8md6z,q2dwrka2,265,2,6,1,1,6,682,10,2630
9sl8md6z,mhezjxsr,266,1,2,6,6,2,1008,10,2630
9sl8md6z,q2dwrka2,266,2,2,6,6,2,1291,10,2630
9sl8md6z,mhezjxsr,267,1,4,5,5,4,1568,10,2630
9sl8md6z,q2dwrka2,267,2,5,4,5,4,4430,10,2630
9sl8md6z,mhezjxsr,268,1,6,5,6,5,1099,10,2630
9sl8md6z,q2dwrka2,268,2,6,5,6,5,1857,10,2630
9sl8md6z,mhezjxsr,269,1,5,7,5,7,960,10,2630
9sl8md6z,q2dwrka2,269,2,5,7,5,7,1179,10,2630
9sl8md6z,mhezjxsr,270,1,7,3,3,7,1108,10,2630
9sl8md6z,q2dwrka2,270,2,7,3,3,7,851,10,2630
9sl8md6z,mhezjxsr,271,1,1,3,3,1,1307,10,2630
9sl8md6z,q2dwrka2,271,2,3,1,3,1,728,10,2630
9sl8md6z,mhezjxsr,272,1,7,6,6,7,1713,10,2630
9sl8md6z,q2dwrka2,272,2,6,7,6,7,1006,10,2630
9sl8md6z,mhezjxsr,273,1,4,1,1,4,1794,10,2630
9sl8md6z,q2dwrka2,273,2,1,4,1,4,914,10,2630
9sl8md6z,mhezjxsr,274,1,6,2,6,2,1155,10,2630
9sl8md6z,q2dwrka2,274,2,6,2,6,2,2189,10,2630
9sl8md6z,mhezjxsr,275,1,3,4,3,4,1067,10,2630
9sl8md6z,q2dwrka2,275,2,3,4,3,4,834,10,2630
9sl8md6z,mhezjxsr,276,1,6,1,1,6,925,10,2630
9sl8md6z,q2dwrka2,276,2,1,6,1,6,864,10,2630
9sl8md6z,mhezjxsr,277,1,7,1,1,7,931,10,2630
9sl8md6z,q2dwrka2,277,2,7,1,1,7,770,10,2630
9sl8md6z,mhezjxsr,278,1,5,6,6,5,1408,0,2630
9sl8md6z,q2dwrka2,278,2,6,5,5,6,5647,0,2630
9sl8md6z,mhezjxsr,279,1,5,1,1,5,1211,10,2630
9sl8md6z,q2dwrka2,279,2,1,5,1,5,833,10,2630
9sl8md6z,mhezjxsr,280,1,7,3,3,7,852,10,2630
9sl8md6z,q2dwrka2,280,2,7,3,3,7,738,10,2630
9sl8md6z,mhezjxsr,281,1,3,1,3,1,873,10,2630
9sl8md6z,q2dwrka2,281,2,1,3,3,1,771,10,2630
9sl8md6z,mhezjxsr,282,1,4,2,4,2,1311,10,2630
9sl8md6z,q2dwrka2,282,2,4,2,4,2,4420,10,2630
9sl8md6z,mhezjxsr,283,1,5,2,5,2,1703,10,2630
9sl8md6z,q2dwrka2,283,2,5,2,5,2,4393,10,2630
9sl8md6z,mhezjxsr,284,1,1,2,1,2,1610,10,2630
9sl8md6z,q2dwrka2,284,2,1,2,1,2,752,10,2630
9sl8md6z,mhezjxsr,285,1,2,7,2,7,3614,10,2630
9sl8md6z,q2dwrka2,285,2,7,2,2,7,1838,10,2630
9sl8md6z,mhezjxsr,286,1,1,4,1,4,989,10,2630
9sl8md6z,q2dwrka2,286,2,1,4,1,4,782,10,2630
9sl8md6z,mhezjxsr,287,1,3,5,3,5,1070,10,2630
9sl8md6z,q2dwrka2,287,2,3,5,3,5,1135,10,2630
9sl8md6z,mhezjxsr,288,1,5,4,5,4,1367,10,2630
9sl8md6z,q2dwrka2,288,2,4,5,5,4,3632,10,2630
9sl8md6z,mhezjxsr,289,1,2,3,3,2,1512,10,2630
9sl8md6z,q2dwrka2,289,2,2,3,3,2,1030,10,2630
9sl8md6z,mhezjxsr,290,1,7,4,4,7,1306,10,2630
9sl8md6z,q2dwrka2,290,2,7,4,4,7,3268,10,2630
9sl8md6z,mhezjxsr,291,1,5,7,5,7,1625,10,2630
9sl8md6z,q2dwrka2,291,2,7,5,5,7,993,10,2630
9sl8md6z,mhezjxsr,292,1,6,7,6,7,1371,10,2630
9sl8md6z,q2dwrka2,292,2,6,7,6,7,1731,10,2630
9sl8md6z,mhezjxsr,293,1,6,4,6,4,982,10,2630
9sl8md6z,q2dwrka2,293,2,6,4,6,4,7125,10,2630
9sl8md6z,mhezjxsr,294,1,6,3,3,6,887,10,2630
9sl8md6z,q2dwrka2,294,2,6,3,3,6,854,10,2630
