"","4","6","7","3","1","2","5"
"1",1050,950,1000,1000,1000,1000,1000
"2",1044,936,1050,950,1025,975,1014
"3",1039,921,1057,933,1050,950,1029
"4",1033,907,1064,917,1040,975,1043
"5",1028,938,1070,900,1030,1000,1056
"6",1022,970,1077,910,1019,937,1068
"7",1016,958,1084,920,1009,903,1081
"8",1011,946,1106,930,999,896,1094
"9",1005,934,1129,940,983,889,1098
"10",1017,922,1161,950,967,881,1102
"11",1029,910,1152,960,959,874,1107
"12",1041,907,1142,980,950,867,1111
"13",1010,904,1133,1001,942,846,1115
"14",980,901,1124,1021,933,854,1134
"15",961,898,1114,1063,925,862,1152
"16",941,894,1105,1085,954,869,1171
"17",922,891,1113,1106,983,877,1138
"18",947,888,1122,1128,967,885,1106
"19",971,885,1130,1111,951,893,1069
"20",996,917,1133,1094,935,901,1032
"21",1030,949,1135,1077,919,908,1043
"22",1064,940,1138,1060,930,916,1054
"23",986,932,1140,1072,940,924,1065
"24",942,923,1143,1083,951,919,1076
"25",916,914,1145,1095,961,915,1060
"26",889,931,1148,1118,972,910,1045
"27",884,947,1150,1142,963,906,1029
"28",880,964,1153,1126,955,901,1038
"29",875,980,1179,1110,946,921,1047
"30",871,997,1096,1094,962,941,1056
"31",866,1007,1119,1078,979,961,1064
"32",877,1016,1098,1062,996,981,1073
"33",887,1026,1078,996,1012,965,1082
"34",898,1035,1057,986,999,949,1091
"35",908,1045,1071,976,986,933,1110
"36",919,1020,1084,965,973,930,1130
"37",929,996,1098,955,960,926,1140
"38",940,971,1102,950,946,922,1149
"39",949,942,1106,946,932,919,1159
"40",958,996,1110,941,919,916,1170
"41",968,989,1113,936,944,912,1180
"42",977,983,1117,932,968,863,1184
"43",986,976,1121,927,904,927,1188
"44",996,969,1125,923,896,900,1192
"45",1005,962,1088,918,888,917,1196
"46",1014,956,1051,913,884,934,1175
"47",1061,949,1055,909,881,951,1154
"48",1051,1000,1059,904,878,968,1132
"49",1041,990,1063,892,874,985,1111
"50",1031,979,1067,881,870,994,1134
"51",1021,969,1071,866,867,1003,1174
"52",1052,959,1075,850,864,1012,1180
"53",1064,949,1079,845,860,1021,1186
"54",1077,938,1070,840,835,1030,1192
"55",1046,928,1060,834,907,1039,1199
"56",1014,917,1051,829,915,1048,1205
"57",1019,905,1042,824,924,1065,1211
"58",1023,894,1057,818,932,1082,1189
"59",1028,864,1072,813,941,1087,1166
"60",1033,908,1045,808,949,1092,1144
"61",1038,953,1017,849,957,1097,1122
"62",1042,964,990,890,964,1102,1138
"63",1047,975,978,865,972,1107,1154
"64",1052,986,966,846,979,1059,1170
"65",1056,996,955,827,987,1068,1155
"66",1061,1007,943,824,999,1076,1141
"67",996,1018,926,821,1011,1084,1126
"68",1032,1027,909,817,1024,1093,1112
"69",1069,1035,928,814,1036,1098,1097
"70",1008,1044,947,811,1048,1103,1068
"71",1015,1053,966,808,1105,1108,1040
"72",1023,1061,985,804,1029,1112,1043
"73",1030,1070,1000,801,977,1117,1047
"74",1038,1089,1014,798,960,1122,1050
"75",1045,1109,1007,791,943,1127,1053
"76",1052,1128,1000,785,941,1069,1057
"77",1060,1108,993,778,940,1040,1060
"78",1067,1089,986,800,938,1010,1090
"79",1056,1069,979,822,936,993,1119
"80",1044,1111,972,844,934,976,1102
"81",1033,1023,995,866,933,958,1084
"82",1022,1014,1019,935,931,941,1066
"83",1010,1005,1042,969,929,952,1049
"84",999,995,1051,1003,928,963,1042
"85",950,986,1060,1052,926,974,1034
"86",932,977,1070,1098,924,984,1027
"87",913,986,1079,1122,922,995,1019
"88",907,996,1032,1145,921,1006,1012
"89",900,1005,1058,1069,919,1017,1004
"90",894,1014,1084,1039,917,998,997
"91",888,1024,1094,1009,915,980,1057
"92",882,1033,1105,1006,914,961,1044
"93",876,1022,1115,1003,912,946,1030
"94",869,1011,1144,999,937,932,1017
"95",863,999,1133,996,962,966,1003
"96",885,988,1121,993,978,999,990
"97",907,977,1110,990,993,1007,1046
"98",929,911,1099,986,1008,1015,1015
"99",958,937,1088,983,1024,1023,984
"100",987,964,1076,980,1035,1031,926
"101",963,990,1065,977,1046,1039,918
"102",939,968,1069,973,1058,1047,910
"103",951,945,1073,970,1069,1067,902
"104",963,939,1078,967,1111,1086,894
"105",975,933,1082,956,1052,1106,886
"106",987,927,1086,944,1038,1100,878
"107",995,921,1090,933,1024,1094,853
"108",1003,915,1120,921,1011,1088,848
"109",1012,972,1130,910,997,1082,843
"110",1020,948,1139,979,983,1076,837
"111",1028,924,1149,975,1031,1070,832
"112",1036,918,1158,970,1057,1064,827
"113",1045,912,1168,966,1052,1058,866
"114",1053,905,1131,962,1047,979,906
"115",1061,899,1094,958,1042,972,922
"116",1092,893,1105,954,1037,965,938
"117",1103,845,1117,949,1032,959,954
"118",1115,854,1128,945,1027,952,960
"119",1126,864,1140,937,1022,945,966
"120",1166,874,1151,928,1017,963,972
"121",1168,883,1163,920,982,982,979
"122",1171,892,1165,911,927,1000,985
"123",1173,902,1167,903,917,1042,991
"124",1175,912,1169,860,907,1004,997
"125",1178,921,1171,853,896,966,990
"126",1180,946,1174,846,886,975,982
"127",1136,972,1176,890,876,984,975
"128",1092,944,1178,934,870,992,968
"129",1098,917,1180,989,863,1001,960
"130",1104,898,1182,962,857,1010,953
"131",1109,906,1190,936,850,1019,945
"132",1115,914,1198,995,844,1007,938
"133",1121,923,1207,992,837,995,909
"134",1100,931,1215,989,831,984,954
"135",1080,939,1223,986,862,972,984
"136",1062,947,1177,982,892,960,1013
"137",1043,956,1131,979,923,948,996
"138",1024,964,1165,976,931,936,979
"139",1006,972,1145,973,940,924,998
"140",993,1020,1124,970,948,912,1016
"141",980,964,1104,966,956,952,1035
"142",967,959,1084,963,965,993,1030
"143",954,953,1103,960,973,1045,1024
"144",941,948,1122,957,982,1012,1019
"145",928,943,1132,984,990,978,1013
"146",914,937,1141,1012,935,988,1008
"147",901,932,1150,1028,988,997,1002
"148",894,927,1160,1043,964,1007,997
"149",886,921,1166,1059,941,1016,993
"150",879,916,1171,1074,934,1026,989
"151",872,899,1176,1088,926,1014,984
"152",901,883,1182,1075,919,1002,980
"153",929,866,1139,1061,969,991,976
"154",958,860,1096,1048,978,979,972
"155",1017,854,1076,1034,988,967,967
"156",1003,849,1057,1021,998,1034,963
"157",988,843,1037,1036,1007,1093,959
"158",974,837,1045,1050,1016,1085,955
"159",960,825,1053,1059,1026,1078,950
"160",988,813,1061,1068,1015,1070,946
"161",1015,807,1045,1076,1004,1063,942
"162",1023,801,1030,1085,993,1055,907
"163",1031,795,1014,1132,982,1048,929
"164",1039,789,1008,1138,971,1040,951
"165",1032,814,1003,1144,960,1033,973
"166",1024,838,997,1150,1028,1025,936
"167",1017,863,991,1157,1038,992,899
"168",1009,858,985,1163,1048,958,966
"169",1002,854,980,1169,1058,938,984
"170",974,849,974,1179,1068,918,1003
"171",947,845,968,1188,1080,934,1021
"172",957,840,962,1198,1091,950,1027
"173",967,834,957,1208,1052,965,1032
"174",977,828,951,1167,1068,981,1038
"175",987,822,1033,1126,1083,975,1044
"176",997,816,986,1104,1099,968,1049
"177",1007,810,1016,1082,1064,962,1055
"178",1017,854,1023,1061,1029,955,1061
"179",1032,897,1030,1039,1004,949,1066
"180",1047,888,1037,1027,978,942,1072
"181",1062,878,1044,1015,974,936,1080
"182",1090,869,1050,1003,970,906,1088
"183",1080,928,1057,991,967,877,1095
"184",1069,897,1064,979,963,913,1103
"185",1059,902,1071,967,959,949,1072
"186",1048,907,1078,983,955,937,1041
"187",1038,913,1130,1000,951,924,1060
"188",1048,918,1142,1016,947,912,1078
"189",1059,923,1154,1032,944,903,1013
"190",1070,928,1166,996,940,895,993
"191",1080,933,1169,1013,936,886,972
"192",1070,939,1172,1029,997,877,952
"193",1061,944,1174,1046,947,869,941
"194",1052,949,1177,1049,954,860,930
"195",1042,988,1180,1053,962,846,920
"196",1032,1028,1101,1056,970,868,909
"197",1023,1085,1090,1060,977,889,898
"198",999,1078,1079,1063,984,911,887
"199",976,1072,1068,1067,992,866,907
"200",952,1065,1058,1070,1014,937,926
"201",893,1058,1047,1074,1035,934,946
"202",928,1051,1036,1077,1057,931,957
"203",962,1044,967,1081,1075,929,967
"204",924,1038,949,1084,1093,926,978
"205",917,1031,932,1098,1111,923,988
"206",910,1010,914,1113,1114,920,999
"207",903,988,910,1127,1118,918,1023
"208",897,940,906,1140,1121,915,1047
"209",890,956,902,1152,1125,912,1029
"210",883,972,898,1188,1128,907,1011
"211",876,988,894,1191,1132,902,1005
"212",885,973,890,1194,1135,897,999
"213",894,958,870,1197,1165,892,994
"214",904,999,849,1200,1180,887,988
"215",913,997,826,1204,1194,882,982
"216",922,995,803,1207,1186,877,1002
"217",918,993,783,1210,1179,872,1022
"218",915,991,763,1213,1171,912,1008
"219",912,990,760,1216,1163,918,994
"220",908,988,758,1221,1156,923,998
"221",904,986,753,1267,1148,928,1002
"222",901,984,748,1276,1169,934,1006
"223",890,982,743,1284,1172,940,1010
"224",878,972,738,1286,1174,945,1014
"225",867,962,738,1289,1177,950,1048
"226",823,951,738,1291,1180,956,1068
"227",821,941,737,1294,1182,950,1089
"228",820,928,737,1296,1185,944,1083
"229",818,914,737,1301,1187,934,1077
"230",805,901,737,1301,1190,923,1071
"231",791,888,737,1302,1202,976,1065
"232",778,928,736,1302,1214,969,1059
"233",787,917,736,1303,1226,962,1053
"234",796,906,736,1303,1228,955,1070
"235",804,895,721,1309,1229,948,1086
"236",813,900,707,1315,1231,941,1121
"237",822,905,692,1321,1232,936,1119
"238",814,909,684,1327,1234,931,1117
"239",807,914,676,1333,1249,926,1115
"240",800,919,668,1339,1228,924,1113
"241",792,908,666,1345,1207,921,1110
"242",785,896,663,1352,1207,919,1108
"243",778,885,661,1357,1208,955,1106
"244",775,874,658,1362,1208,1000,1104
"245",772,872,656,1368,1208,1012,1102
"246",768,870,655,1373,1209,1013,1100
"247",765,868,654,1374,1209,1015,1113
"248",763,866,654,1375,1210,1016,1114
"249",761,864,653,1376,1210,1017,1115
"250",759,862,651,1377,1222,1018,1116
"251",757,859,650,1378,1217,1020,1117
"252",755,868,648,1378,1212,1021,1118
"253",753,876,648,1378,1208,1022,1128
"254",736,885,648,1378,1203,1024,1132
"255",718,894,635,1392,1198,1025,1136
"256",738,887,621,1407,1193,1026,1140
"257",758,881,608,1409,1204,1027,1144
"258",749,874,605,1411,1215,1029,1148
"259",740,878,601,1412,1226,1030,1126
"260",739,882,598,1414,1237,1026,1104
"261",738,887,594,1416,1238,1021,1105
"262",737,891,591,1416,1240,1013,1105
"263",736,889,590,1416,1241,1006,1106
"264",736,888,590,1416,1242,998,1106
"265",736,886,587,1417,1244,991,1107
"266",735,885,586,1417,1246,983,1145
"267",735,883,585,1417,1249,990,1136
"268",735,882,584,1434,1251,997,1128
"269",735,880,584,1436,1253,1004,1128
"270",735,877,583,1437,1260,1011,1129
"271",735,842,582,1438,1266,1018,1129
"272",735,841,581,1438,1273,998,1130
"273",735,841,580,1438,1277,1005,1130
"274",734,840,578,1439,1282,1014,1131
"275",734,826,577,1442,1286,1024,1131
"276",734,812,575,1444,1291,1033,1123
"277",734,814,573,1447,1295,1025,1116
"278",734,817,571,1447,1300,1031,1108
"279",734,820,571,1448,1304,1021,1100
"280",734,822,571,1448,1304,1011,1113
"281",734,824,566,1448,1308,1001,1127
"282",740,827,561,1448,1313,991,1140
"283",747,830,556,1448,1317,978,1142
"284",754,832,551,1448,1317,985,1143
"285",760,831,525,1448,1318,993,1145
"286",738,831,525,1448,1318,1000,1146
"287",730,830,525,1448,1319,1000,1148
"288",728,830,525,1448,1319,1000,1143
"289",722,829,525,1448,1320,1000,1139
"290",715,829,525,1462,1322,1000,1134
"291",709,828,525,1472,1323,1000,1141
"292",703,814,525,1483,1308,1000,1148
"293",696,833,525,1493,1292,1000,1148
"294",690,852,525,1493,1292,1000,1148
