,5,2,3,6,1,7,4
1,1050,950,1000,1000,1000,1000,1000
2,1054,907,1043,1025,975,1017,983
3,1058,898,1027,1050,950,1033,967
4,1062,889,1012,1025,971,1050,950
5,1066,881,996,1000,992,1100,965
6,1070,872,980,982,1013,1110,979
7,1074,863,1006,965,1016,1120,994
8,1078,852,1033,947,1018,1131,1002
9,1082,842,992,929,1021,1141,1011
10,1086,831,980,911,1023,1145,1019
11,1078,820,967,954,1026,1150,1027
12,1069,807,954,941,1028,1154,1036
13,1060,799,942,929,1031,1158,1044
14,1052,792,935,916,1033,1162,1082
15,1044,784,928,920,1036,1166,1108
16,1035,779,921,924,1061,1170,1133
17,985,775,915,928,1086,1174,1104
18,971,770,908,932,1143,1178,1076
19,957,766,901,936,1128,1182,1067
20,1005,761,894,940,1113,1204,1058
21,1019,757,890,944,1098,1227,1049
22,1033,752,885,948,1088,1233,1040
23,1047,750,880,906,1078,1238,1031
24,1101,749,876,901,1068,1244,1022
25,1126,747,872,896,1058,1250,999
26,1151,746,867,890,1048,1251,1011
27,1159,744,862,885,1058,1251,1023
28,1153,743,858,880,1069,1252,1035
29,1147,742,856,875,1079,1253,1050
30,1141,741,854,846,1081,1253,1064
31,1135,740,852,845,1084,1254,1066
32,1129,736,850,844,1086,1262,1068
33,1123,732,843,843,1089,1298,1070
34,1125,728,837,843,1091,1300,1072
35,1126,722,830,842,1111,1301,1074
36,1128,716,814,841,1105,1302,1076
37,1129,708,797,840,1098,1304,1089
38,1131,700,781,889,1092,1316,1102
39,1132,691,795,892,1086,1329,1114
40,1134,683,808,894,1035,1332,1127
41,1135,675,822,897,1031,1335,1131
42,1137,674,808,900,1028,1338,1136
43,1139,672,795,903,1024,1341,1140
44,1140,671,790,906,1020,1344,1142
45,1142,670,784,908,1027,1348,1145
46,1144,648,779,911,1034,1352,1147
47,1145,643,774,921,1041,1356,1149
48,1147,637,764,931,1034,1359,1151
49,1158,632,734,941,1027,1363,1153
50,1170,626,744,918,1019,1367,1155
51,1143,621,753,914,1012,1371,1156
52,1179,615,762,911,1005,1372,1158
53,1180,610,772,908,1017,1372,1160
54,1180,609,770,904,1029,1373,1162
55,1181,608,773,900,1041,1373,1164
56,1171,608,776,897,1053,1373,1166
57,1160,608,778,888,1065,1373,1130
58,1150,607,781,880,1077,1374,1094
59,1140,607,784,871,1103,1376,1115
60,1129,606,787,867,1104,1377,1135
61,1119,605,790,869,1105,1388,1156
62,1115,605,792,871,1106,1399,1134
63,1111,604,795,873,1107,1404,1136
64,1107,576,798,874,1115,1410,1137
65,1103,576,798,876,1122,1415,1139
66,1094,576,797,878,1130,1415,1141
67,1085,568,797,880,1138,1416,1143
68,1077,561,791,882,1146,1418,1144
69,1068,561,785,877,1154,1419,1146
70,1059,560,777,872,1161,1421,1190
71,1081,560,769,868,1169,1422,1128
72,1102,560,762,863,1136,1424,1147
73,1124,560,754,882,1104,1425,1148
74,1126,559,746,902,1112,1427,1148
75,1128,559,743,890,1120,1428,1149
76,1131,559,740,878,1128,1430,1143
77,1133,558,737,878,1123,1431,1138
78,1134,558,736,877,1119,1433,1132
79,1134,558,734,876,1114,1447,1133
80,1134,557,733,876,1115,1449,1133
81,1135,557,732,870,1115,1452,1134
82,1144,555,731,864,1116,1455,1135
83,1153,552,729,858,1120,1458,1135
84,1146,550,728,857,1125,1461,1136
85,1138,547,728,857,1142,1464,1137
86,1112,545,728,856,1160,1466,1137
87,1086,542,728,852,1177,1474,1138
88,1091,540,728,848,1162,1481,1139
89,1096,537,728,843,1168,1481,1139
90,1102,535,720,839,1175,1485,1140
91,1107,532,729,835,1182,1488,1134
92,1091,530,739,834,1188,1492,1129
93,1076,527,748,832,1194,1492,1152
94,1060,527,746,830,1201,1492,1176
95,1063,527,744,829,1208,1492,1150
96,1065,524,742,828,1214,1492,1124
97,1068,521,739,826,1223,1492,1132
98,1070,517,737,811,1224,1492,1139
99,1073,514,735,819,1225,1493,1119
100,1074,511,756,827,1226,1493,1099
101,1075,509,777,796,1227,1493,1080
102,1077,558,798,764,1228,1493,1060
103,1079,608,794,771,1229,1493,1040
104,1081,608,791,778,1230,1493,1059
105,1083,607,789,786,1231,1493,1078
106,1085,578,786,793,1194,1494,1096
107,1087,585,784,838,1156,1494,1115
108,1089,592,781,883,1066,1494,1122
109,1091,599,779,881,1072,1494,1128
110,1093,606,776,861,1077,1494,1135
111,1095,613,774,850,1083,1494,1138
112,1097,620,769,839,1088,1494,1142
113,1098,627,764,859,1092,1494,1145
114,1099,634,724,879,1097,1494,1143
115,1100,641,724,877,1101,1494,1141
116,1100,648,654,874,1106,1494,1138
117,1101,648,653,872,1111,1494,1136
118,1102,645,652,869,1115,1505,1134
119,1103,642,650,867,1120,1506,1157
120,1057,641,649,865,1124,1507,1180
121,1011,639,648,862,1129,1507,1180
122,1009,638,647,860,1133,1508,1181
123,1007,637,645,858,1128,1509,1182
124,1012,636,644,855,1124,1518,1182
125,1018,636,643,853,1122,1520,1182
126,1034,635,650,850,1121,1521,1183
127,1049,624,658,848,1119,1523,1188
128,1051,612,666,871,1118,1524,1194
129,1053,609,673,884,1116,1526,1200
130,1055,606,680,898,1100,1526,1205
131,1038,561,688,912,1084,1526,1210
132,1022,561,686,925,1067,1526,1216
133,1025,561,683,938,1051,1526,1219
134,1028,558,681,952,1035,1527,1221
135,1031,556,678,948,1040,1528,1224
136,1034,556,676,945,1050,1529,1226
137,1030,556,676,941,1059,1530,1229
138,1038,556,676,938,1068,1530,1231
139,1046,555,675,934,1078,1530,1234
140,1053,555,674,893,1088,1530,1236
141,1061,555,756,852,1097,1530,1236
142,1069,555,754,852,1106,1531,1237
143,1076,555,751,851,1116,1531,1161
144,1084,554,748,851,1085,1531,1158
145,1092,554,746,850,1054,1536,1154
146,1096,553,744,849,1062,1541,1151
147,1099,553,741,848,1069,1541,1152
148,1103,552,730,847,1071,1541,1154
149,1106,552,730,846,1073,1541,1155
150,1110,552,730,845,1076,1541,1157
151,1113,552,723,844,1078,1541,1158
152,1117,552,712,843,1080,1541,1178
153,1121,552,714,842,1041,1541,1197
154,1124,552,717,841,1049,1541,1202
155,1128,546,719,840,1057,1542,1208
156,1132,540,721,816,1065,1544,1206
157,1135,534,724,834,1062,1545,1203
158,1139,530,726,834,1060,1546,1201
159,1143,525,729,833,1045,1547,1198
160,1146,521,731,831,1031,1559,1196
161,1150,517,733,830,1016,1562,1182
162,1143,512,736,828,1017,1566,1168
163,1172,508,738,826,1017,1566,1153
164,1200,508,754,825,1018,1567,1139
165,1210,507,769,823,1018,1567,1140
166,1210,507,784,792,1019,1567,1140
167,1210,505,800,761,1019,1568,1130
168,1210,503,805,752,1020,1568,1120
169,1210,496,810,743,1038,1569,1110
170,1211,488,815,742,1049,1569,1099
171,1211,488,793,741,1060,1569,1089
172,1211,488,793,740,1121,1570,1079
173,1211,487,793,740,1134,1570,1075
174,1211,487,793,739,1146,1570,1077
175,1216,487,793,738,1159,1570,1080
176,1184,487,793,734,1171,1570,1082
177,1153,487,793,730,1184,1572,1085
178,1150,487,793,726,1184,1575,1087
179,1146,486,793,718,1184,1577,1088
180,1149,486,793,710,1185,1577,1088
181,1151,486,807,701,1185,1577,1088
182,1154,484,820,693,1183,1577,1089
183,1156,481,834,685,1182,1577,1092
184,1159,477,821,685,1180,1577,1096
185,1170,474,815,685,1179,1577,1099
186,1180,470,810,691,1177,1585,1103
187,1191,467,804,697,1183,1585,1106
188,1202,463,783,703,1188,1585,1063
189,1202,460,762,709,1194,1585,1054
190,1202,452,741,772,1200,1585,1046
191,1202,444,757,772,1205,1585,1038
192,1202,440,756,772,1211,1585,1029
193,1202,436,756,772,1211,1585,1033
194,1202,432,755,784,1211,1586,1037
195,1202,432,754,780,1211,1586,1040
196,1209,432,753,777,1211,1587,1044
197,1211,432,752,758,1211,1587,1048
198,1213,432,752,757,1211,1588,1045
199,1215,432,751,756,1211,1588,1050
200,1222,432,744,756,1211,1588,1055
201,1229,432,736,755,1211,1590,1060
202,1236,432,736,754,1211,1592,1060
203,1243,432,736,753,1216,1595,1060
204,1250,431,736,754,1207,1597,1061
205,1257,431,736,756,1182,1599,1061
206,1264,431,736,757,1158,1600,1099
207,1188,431,736,759,1160,1602,1137
208,1181,431,736,760,1162,1604,1125
209,1181,431,736,762,1163,1604,1114
210,1181,431,729,763,1165,1604,1102
211,1181,431,748,765,1166,1604,1090
212,1179,418,766,766,1168,1604,1079
213,1176,418,785,766,1169,1604,1067
214,1174,418,803,763,1170,1611,1056
215,1157,418,822,761,1172,1611,1044
216,1140,418,822,758,1173,1611,1067
217,1123,418,822,756,1173,1611,1089
218,1106,418,822,754,1153,1611,1112
219,1136,418,822,752,1134,1611,1115
220,1165,418,814,751,1114,1611,1118
221,1168,418,807,749,1129,1612,1120
222,1170,418,804,747,1104,1612,1123
223,1172,418,800,745,1078,1613,1174
224,1175,418,797,742,1077,1613,1172
225,1182,418,782,740,1076,1614,1171
226,1186,418,768,759,1075,1614,1170
227,1190,418,754,779,1075,1620,1168
228,1194,418,739,798,1074,1620,1168
229,1198,418,743,803,1074,1620,1168
230,1201,418,748,808,1073,1620,1168
231,1205,405,752,812,1073,1620,1168
232,1209,405,751,817,1072,1620,1168
233,1213,405,750,822,1072,1623,1168
234,1217,405,749,827,1037,1623,1168
235,1220,405,748,831,1037,1623,1168
236,1222,401,747,836,1037,1623,1154
237,1243,398,704,841,1037,1624,1140
238,1264,394,712,869,1037,1624,1126
239,1267,390,719,897,1038,1624,1084
240,1270,390,718,925,1038,1624,1042
241,1272,390,716,924,1038,1624,1054
242,1275,389,715,913,1038,1626,1066
243,1273,389,714,933,1038,1628,1079
244,1271,389,713,954,989,1630,1091
245,1268,389,711,974,928,1631,1096
246,1266,389,710,974,932,1633,1100
247,1264,389,704,975,937,1635,1100
248,1264,389,699,976,941,1635,1099
249,1263,387,694,976,946,1635,1098
250,1263,387,688,978,950,1635,1098
251,1262,387,688,980,942,1635,1098
252,1261,387,685,982,935,1638,1097
253,1261,387,682,985,928,1638,1112
254,1260,387,679,987,920,1638,1127
255,1260,387,676,989,921,1638,1127
256,1259,386,673,991,922,1638,1138
257,1258,384,672,975,923,1639,1148
258,1258,384,671,959,922,1639,1159
259,1257,384,670,974,922,1639,1161
260,1256,384,669,989,900,1642,1163
261,1256,384,669,1004,877,1645,1162
262,1255,384,669,1004,882,1648,1160
263,1255,384,669,1004,886,1652,1159
264,1255,384,669,1004,891,1652,1172
265,1239,378,669,1004,895,1652,1184
266,1224,372,646,1005,900,1652,1197
267,1208,366,664,1005,917,1652,1209
268,1192,366,663,1005,934,1653,1222
269,1164,365,662,1005,951,1653,1225
270,1135,365,662,1004,968,1653,1228
271,1107,364,661,986,985,1653,1231
272,1143,364,660,968,976,1653,1234
273,1148,364,659,959,967,1653,1237
274,1150,364,657,950,958,1653,1240
275,1152,363,655,951,948,1654,1240
276,1152,363,651,952,939,1654,1240
277,1151,384,648,1007,930,1654,1240
278,1150,405,644,1018,930,1654,1240
279,1150,426,602,1018,929,1654,1240
280,1150,447,560,1018,934,1654,1240
281,1149,447,550,1018,939,1654,1240
282,1148,447,550,1017,915,1654,1241
283,1148,479,549,1017,891,1658,1241
284,1119,511,549,1017,867,1659,1241
285,1091,543,549,1014,843,1659,1241
286,1062,542,548,1010,929,1660,1241
287,1065,540,548,1007,949,1660,1241
288,1102,539,548,1004,969,1660,1241
289,1138,538,548,1000,989,1660,1168
290,1145,538,547,997,1009,1660,1088
291,1151,537,547,994,1010,1661,1091
292,1158,536,547,991,1011,1661,1089
293,1164,535,547,987,1012,1661,1089
294,1171,535,578,984,1013,1661,1090
295,1172,534,610,937,1014,1661,1090
296,1173,533,641,890,1030,1661,1090
297,1175,533,647,857,1047,1661,1091
298,1176,532,653,857,1066,1661,1091
299,1177,523,658,857,1084,1661,1063
300,1178,514,664,844,1103,1661,1035
301,1180,506,670,831,1103,1661,1061
302,1181,497,676,826,1103,1661,1055
303,1182,497,675,820,1102,1661,1050
304,1184,497,673,821,1102,1661,1044
305,1186,497,672,822,1102,1664,1038
306,1181,497,669,823,1102,1666,1033
307,1215,497,665,824,1102,1666,1027
308,1224,497,662,825,1101,1666,1037
309,1232,497,662,826,1101,1666,1037
310,1240,497,660,828,1101,1668,1036
311,1249,497,658,829,1067,1668,1036
312,1249,497,656,830,1071,1669,1036
313,1249,497,654,831,1075,1670,1030
314,1249,497,663,832,1075,1670,1024
315,1260,484,672,833,1076,1671,1019
316,1272,484,681,831,1076,1671,1013
317,1272,484,690,829,1076,1672,998
318,1278,483,700,827,1077,1672,984
319,1277,482,709,832,1077,1673,969
320,1276,471,718,838,1060,1674,955
321,1275,492,727,911,1042,1674,940
322,1274,512,736,829,1025,1675,974
323,1273,533,694,827,1008,1675,1009
324,1272,554,653,825,1004,1676,1012
325,1271,549,653,823,999,1676,1014
326,1270,549,653,821,994,1677,1015
327,1288,549,653,819,990,1677,1017
328,1288,549,653,817,994,1677,1018
329,1288,549,647,814,998,1677,1019
330,1288,549,641,812,1002,1678,1020
331,1289,548,636,810,1001,1678,1022
332,1289,548,632,808,1008,1678,1023
333,1289,547,631,806,1014,1679,1022
334,1291,547,631,804,1021,1679,1022
335,1293,546,631,802,1028,1679,1022
336,1294,546,631,802,1028,1679,1022
337,1296,545,631,766,1028,1679,1021
338,1298,545,704,729,1028,1680,1021
339,1300,544,704,738,1028,1680,1021
340,1302,544,703,746,1027,1680,1026
341,1303,518,703,755,1027,1680,1020
342,1305,518,703,754,1027,1680,1014
343,1307,517,703,754,1027,1680,1008
344,1308,516,702,754,1027,1681,1012
345,1309,515,702,753,1029,1683,1016
346,1310,514,700,752,1031,1685,1020
347,1312,514,698,752,1027,1687,1024
348,1312,514,696,769,1022,1689,1028
349,1302,511,693,785,1018,1691,1033
350,1319,508,691,802,1014,1691,1037
351,1318,505,689,818,1027,1691,1041
352,1317,502,686,835,944,1691,1045
353,1316,498,682,835,903,1691,1049
354,1314,495,679,835,903,1691,1059
355,1313,492,688,835,903,1691,1070
356,1312,489,698,814,903,1694,1080
357,1311,486,707,820,903,1697,1083
358,1310,479,714,827,903,1700,1086
359,1310,471,722,833,903,1700,1089
360,1310,464,729,839,906,1700,1092
361,1310,458,710,846,909,1700,1095
362,1310,458,691,852,919,1700,1098
363,1310,458,686,831,928,1700,1101
364,1310,458,682,812,938,1700,1102
365,1311,458,678,792,948,1700,1104
366,1311,458,673,792,966,1700,1105
367,1312,457,670,792,964,1700,1107
368,1312,457,666,796,961,1700,1108
369,1313,457,666,800,959,1700,1109
370,1313,445,665,804,956,1700,1135
371,1314,445,665,800,954,1700,1160
372,1237,445,665,800,951,1700,1186
373,1254,445,665,800,949,1700,1191
374,1255,445,664,800,942,1700,1196
375,1256,441,664,800,936,1700,1201
376,1257,436,664,800,929,1700,1206
377,1257,432,664,800,929,1700,1204
378,1258,427,675,800,929,1704,1202
379,1259,423,686,800,929,1704,1188
380,1260,421,686,800,929,1704,1174
381,1260,420,686,800,937,1704,1160
382,1261,418,686,795,945,1704,1147
383,1264,417,686,779,953,1704,1133
384,1267,415,734,763,961,1704,1119
385,1269,414,783,768,956,1705,1105
386,1272,412,782,774,952,1705,1104
387,1275,412,780,780,947,1705,1104
388,1279,412,779,785,948,1706,1104
389,1279,412,772,791,948,1706,1103
390,1279,412,764,797,949,1706,1103
391,1279,409,757,802,950,1707,1104
392,1279,408,750,808,940,1708,1104
393,1279,408,743,814,931,1709,1118
394,1286,408,735,819,921,1710,1133
395,1294,408,728,825,934,1710,1123
396,1302,408,703,820,946,1711,1113
397,1309,408,702,814,945,1712,1103
398,1305,408,702,809,945,1713,1119
399,1301,408,702,808,944,1714,1119
400,1303,408,701,807,943,1714,1118
401,1303,408,696,806,943,1714,1118
402,1307,408,690,805,942,1714,1118
403,1315,408,685,801,941,1714,1117
404,1324,408,679,797,940,1716,1117
405,1332,408,674,793,940,1716,1092
406,1334,407,668,789,939,1716,1108
407,1336,407,663,827,938,1716,1061
408,1339,407,757,824,938,1716,1014
409,1341,407,744,821,937,1716,995
410,1340,407,731,819,963,1716,976
411,1339,406,731,816,1020,1716,957
412,1338,406,731,813,1021,1716,958
413,1337,406,733,810,1022,1716,958
414,1336,404,735,808,1021,1717,959
415,1336,403,737,805,1034,1717,960
416,1335,399,739,802,1046,1717,959
417,1334,395,741,802,1048,1717,958
418,1333,391,743,804,1051,1722,957
419,1332,388,746,807,1053,1726,956
420,1334,384,748,809,1055,1726,954
421,1336,377,750,816,1058,1726,953
422,1339,367,753,811,1060,1726,952
423,1341,366,753,806,1062,1726,951
424,1341,365,753,800,1065,1726,953
425,1341,365,753,795,1067,1726,975
426,1341,365,753,795,1034,1726,997
427,1339,365,753,795,1001,1726,1019
428,1336,365,753,795,1001,1726,1019
429,1334,365,744,795,1001,1726,1019
430,1332,365,735,794,1001,1735,1018
431,1335,364,726,792,1001,1736,1018
432,1335,364,717,814,1001,1736,1018
433,1336,364,708,837,1001,1736,1022
434,1336,364,708,832,1001,1736,1027
435,1336,364,707,827,1002,1736,1031
436,1339,364,700,821,1002,1736,1035
437,1341,364,692,816,1017,1736,1040
438,1344,364,689,811,1013,1736,1044
439,1346,364,686,811,1008,1736,1048
440,1349,364,684,810,1004,1736,1051
441,1347,364,681,810,1004,1736,1055
442,1344,364,672,810,1004,1736,1064
443,1342,364,672,809,1004,1736,1064
444,1340,364,672,809,998,1745,1064
445,1340,364,672,809,993,1745,1064
446,1342,364,672,808,988,1745,1065
447,1343,364,672,808,982,1745,1065
448,1351,363,671,810,976,1745,1065
449,1359,360,671,812,971,1745,1049
450,1359,357,671,814,966,1746,1071
451,1360,354,671,826,960,1746,1093
452,1360,350,671,837,958,1746,1092
453,1363,347,678,848,956,1746,1092
454,1365,344,684,860,954,1746,1098
455,1368,343,679,872,952,1746,1104
456,1367,342,674,883,883,1746,1109
457,1366,342,670,860,884,1746,1115
458,1365,341,665,860,886,1746,1115
459,1364,341,660,860,910,1746,1115
460,1362,340,698,860,910,1746,1115
461,1361,340,736,784,911,1746,1115
462,1360,340,736,783,911,1746,1115
463,1359,339,736,783,912,1755,1115
464,1359,339,736,782,912,1755,1115
465,1360,339,735,781,927,1755,1115
466,1360,339,735,781,942,1755,1096
467,1360,337,735,780,958,1755,1077
468,1346,335,735,779,973,1755,1058
469,1331,333,739,778,988,1755,1039
470,1316,331,743,778,994,1756,1038
471,1302,330,734,777,1001,1756,1038
472,1288,330,724,776,1007,1756,1082
473,1273,329,720,776,1035,1756,1125
474,1232,328,716,775,1062,1757,1133
475,1190,327,726,774,1090,1757,1137
476,1190,326,736,774,1089,1757,1140
477,1190,326,746,773,1091,1757,1144
478,1190,325,755,779,1093,1757,1138
479,1190,325,765,750,1095,1757,1133
480,1191,325,775,720,1097,1757,1127
481,1192,325,774,710,1099,1757,1122
482,1193,325,772,710,1099,1757,1116
483,1194,325,771,706,1098,1757,1110
484,1198,325,769,702,1098,1758,1105
485,1198,325,768,702,1098,1758,1099
486,1198,325,766,702,1126,1758,1094
487,1198,325,765,701,1154,1758,1088
488,1198,325,763,699,1150,1759,1094
489,1197,322,762,698,1146,1759,1101
490,1197,319,768,697,1142,1760,1104
491,1196,319,756,695,1138,1760,1106
492,1202,319,744,694,1134,1760,1109
493,1209,319,732,714,1130,1761,1108
494,1215,319,720,734,1126,1761,1108
495,1221,316,708,754,1122,1761,1104
496,1227,313,708,760,1118,1761,1100
497,1234,313,708,778,1114,1761,1096
498,1240,313,708,796,1110,1761,1092
499,1248,313,708,814,1114,1761,1088
500,1256,313,700,832,1118,1761,1084
501,1264,312,699,850,1028,1762,1080
502,1272,312,699,850,1028,1762,1076
503,1274,312,698,850,1029,1762,1079
504,1247,312,694,850,1029,1762,1082
505,1220,312,689,850,1070,1762,1085
506,1193,312,687,850,1110,1763,1087
507,1191,312,686,850,1112,1763,1089
508,1187,312,684,850,1115,1763,1091
509,1184,312,682,859,1117,1763,1093
510,1180,312,668,869,1124,1763,1095
511,1176,311,654,878,1130,1763,1096
512,1173,310,654,858,1137,1764,1098
513,1169,309,654,861,1136,1764,1100
514,1165,309,654,854,1136,1764,1102
515,1162,309,654,847,1122,1764,1104
516,1158,309,656,840,1109,1764,1106
517,1154,309,658,838,1096,1765,1106
518,1151,309,660,836,1082,1766,1160
519,1147,309,661,834,1082,1766,1158
520,1143,309,663,832,1082,1766,1176
521,1140,298,665,831,1082,1766,1195
522,1136,298,664,829,1082,1766,1213
523,1136,298,663,827,1082,1766,1213
524,1151,298,662,825,1082,1766,1213
525,1155,298,661,819,1082,1766,1213
526,1167,298,661,813,1082,1766,1213
527,1167,298,661,809,1082,1766,1213
528,1167,298,661,805,1082,1766,1221
529,1167,298,661,805,1082,1766,1210
530,1168,298,661,805,1082,1766,1199
531,1168,298,661,807,1082,1766,1188
532,1169,294,661,809,1090,1766,1176
533,1169,294,661,792,1099,1766,1165
534,1170,294,661,794,1166,1766,1154
535,1170,294,661,796,1150,1766,1144
536,1171,294,657,797,1133,1767,1134
537,1220,294,655,799,1117,1768,1123
538,1261,294,654,801,1120,1768,1113
539,1259,294,652,802,1122,1769,1113
540,1257,294,630,804,1122,1770,1113
541,1257,294,607,806,1121,1770,1112
542,1257,339,584,808,1121,1771,1112
543,1257,384,562,810,1121,1772,1112
544,1257,384,552,811,1121,1772,1112
545,1257,384,541,813,1121,1772,1113
546,1257,384,539,815,1121,1772,1114
547,1257,384,538,818,1121,1772,1106
548,1267,384,538,820,1121,1772,1098
549,1278,384,537,822,1123,1772,1091
550,1288,384,532,824,1127,1772,1083
551,1288,384,526,827,1130,1772,1083
552,1288,384,521,829,1134,1772,1084
553,1288,383,521,814,1138,1772,1084
554,1288,383,521,815,1152,1772,1084
555,1288,382,521,816,1166,1772,1063
556,1288,380,521,818,1180,1773,1042
557,1288,378,521,819,1178,1774,1043
558,1288,377,521,820,1186,1774,1044
559,1288,372,521,818,1194,1774,1044
560,1290,367,518,817,1203,1774,1045
561,1293,362,526,815,1211,1774,1056
562,1276,356,534,794,1219,1774,1066
563,1260,351,541,794,1228,1774,1066
564,1244,346,549,797,1236,1774,1066
565,1227,342,549,800,1244,1775,1065
566,1226,339,548,804,1243,1775,1065
567,1224,335,548,807,1243,1778,1065
568,1225,331,548,810,1242,1779,1066
569,1225,327,529,813,1242,1780,1066
570,1225,324,542,811,1241,1781,1067
571,1225,320,555,809,1241,1781,1067
572,1225,320,554,807,1241,1781,1067
573,1225,320,553,805,1241,1782,1068
574,1225,320,553,803,1241,1782,1068
575,1223,320,552,801,1241,1783,1069
576,1225,320,551,799,1241,1784,1069
577,1226,320,551,797,1242,1784,1068
578,1228,320,550,795,1242,1784,1086
579,1230,320,550,788,1242,1784,1110
580,1237,320,550,786,1242,1784,1133
581,1243,320,550,784,1171,1784,1157
582,1250,320,550,781,1176,1784,1157
583,1257,319,550,779,1180,1784,1144
584,1263,318,550,779,1167,1784,1130
585,1270,318,550,779,1155,1784,1117
586,1308,317,550,779,1142,1784,1117
587,1308,316,550,779,1142,1784,1117
588,1308,315,550,784,1142,1784,1117
