"","3","7","6","5","2","1","4"
"1",1050,950,1000,1000,1000,1000,1000
"2",1038,940,1050,950,972,1019,1008
"3",1026,929,1022,1007,943,1038,1017
"4",1014,918,993,1028,925,1057,1025
"5",1002,908,982,1049,906,1042,1033
"6",990,963,971,1053,888,1028,1041
"7",978,977,960,1056,960,1014,1050
"8",968,990,949,1060,988,999,1058
"9",958,1004,938,1064,1015,972,1071
"10",949,1018,948,1068,1028,944,1084
"11",939,1026,958,1072,1042,924,1097
"12",922,1033,968,1075,1055,904,1083
"13",906,1041,978,1079,1074,874,1069
"14",889,1049,988,1085,1092,866,1055
"15",881,1056,965,1092,1111,857,1041
"16",872,1064,942,1098,1113,848,1059
"17",864,1038,934,1104,1115,840,1076
"18",890,1011,927,1117,1117,832,1094
"19",915,1016,920,1130,1120,823,1109
"20",922,1021,912,1144,1122,818,1124
"21",928,1025,908,1157,1124,813,1071
"22",935,1030,905,1163,1126,808,1053
"23",942,1035,901,1169,1141,784,1034
"24",948,1090,898,1176,1156,796,1016
"25",955,1045,894,1182,1171,807,1000
"26",962,1030,890,1188,1173,818,985
"27",968,1014,887,1219,1175,830,955
"28",975,1026,883,1211,1178,842,925
"29",978,1038,880,1204,1180,853,856
"30",982,1050,876,1196,1182,841,850
"31",985,1056,869,1189,1184,828,843
"32",988,1062,862,1181,1198,816,833
"33",992,1068,911,1174,1224,804,822
"34",995,1075,932,1166,1251,795,812
"35",999,1081,952,1152,1253,786,802
"36",1002,1087,969,1137,1255,777,801
"37",959,1093,986,1123,1257,774,801
"38",908,1094,1003,1108,1260,770,800
"39",933,1094,1075,1094,1262,767,800
"40",959,1095,1078,1107,1264,764,799
"41",984,1096,1081,1031,1266,755,798
"42",967,1097,1084,1011,1268,746,798
"43",996,1097,1087,992,1273,737,797
"44",1026,1098,1090,972,1276,728,820
"45",1023,1099,1093,938,1278,719,842
"46",1020,1100,1096,904,1281,706,910
"47",1016,1100,1099,930,1284,693,907
"48",1013,1101,1102,915,1287,685,903
"49",1010,1097,1105,900,1289,683,900
"50",1007,1093,1108,897,1292,680,896
"51",963,1089,1112,894,1274,678,893
"52",919,1085,1124,891,1256,766,889
"53",916,1081,1136,888,1239,798,886
"54",913,1077,1207,885,1221,829,897
"55",910,1073,1212,882,1126,861,907
"56",907,1069,1217,879,1147,871,918
"57",904,1065,1222,874,1162,881,928
"58",851,1061,1227,870,1176,890,939
"59",890,1057,1232,865,1191,900,924
"60",928,980,1236,860,1173,910,910
"61",919,1024,1241,855,1156,920,895
"62",909,1000,1246,851,1138,929,891
"63",900,1033,1248,846,1121,939,887
"64",890,1053,1251,837,1103,949,883
"65",881,1073,1253,828,1073,996,879
"66",891,1093,1256,818,1043,992,875
"67",900,1117,1258,809,1033,988,871
"68",910,1118,1260,800,1023,985,917
"69",920,1120,1263,761,1013,981,900
"70",945,1121,1265,759,1003,977,884
"71",970,1122,1270,758,993,981,867
"72",1030,1123,1276,756,983,985,863
"73",1020,1124,1281,754,967,989,858
"74",1011,1126,1300,753,974,993,854
"75",1002,1127,1309,751,982,996,850
"76",992,1114,1318,729,989,1000,845
"77",982,1100,1327,725,993,1004,841
"78",973,1138,1327,721,997,1008,836
"79",980,1144,1328,717,1001,1012,832
"80",987,1150,1328,713,1005,1028,831
"81",994,1156,1328,712,1009,1019,829
"82",1001,1161,1332,708,1013,1010,828
"83",1008,1167,1334,704,1017,1002,800
"84",1015,1173,1336,700,998,993,792
"85",1022,1174,1337,696,980,1009,785
"86",1029,1176,1339,694,961,1017,777
"87",1020,1177,1341,693,952,1024,769
"88",1011,1178,1341,691,911,1032,761
"89",1002,1180,1342,773,870,1039,754
"90",994,1182,1342,827,878,1047,746
"91",985,1184,1342,826,886,1054,740
"92",976,1156,1343,826,894,1062,724
"93",965,1128,1343,826,902,1059,708
"94",954,1100,1343,825,986,1057,728
"95",943,1133,1344,824,993,1054,748
"96",903,1130,1344,824,1000,1051,768
"97",863,1126,1352,842,1006,1049,788
"98",836,1122,1360,861,1013,1046,782
"99",808,1119,1367,879,1020,1055,776
"100",808,1116,1374,876,1027,1064,770
"101",807,1112,1381,874,1033,1044,769
"102",807,1090,1383,871,1040,1023,768
"103",807,1069,1384,868,1047,1003,768
"104",806,1047,1384,866,1069,1068,768
"105",806,1038,1385,863,1091,1064,767
"106",818,1028,1386,860,1113,1060,767
"107",830,1018,1298,858,1135,1055,765
"108",842,1009,1308,855,1173,1051,763
"109",854,1020,1319,852,1177,1047,761
"110",867,1030,1295,850,1181,1033,759
"111",879,1041,1270,847,1184,1019,790
"112",891,1026,1246,785,1187,1006,821
"113",903,1012,1222,783,1190,992,832
"114",972,997,1226,782,1193,978,842
"115",998,982,1230,780,1196,1037,852
"116",1023,931,1233,778,1200,1019,863
"117",1033,916,1237,776,1203,1002,874
"118",1044,853,1227,775,1206,984,884
"119",1054,856,1217,773,1209,966,955
"120",1064,860,1206,771,1212,960,914
"121",1030,863,1196,769,1215,953,921
"122",1040,866,1186,768,1234,947,929
"123",1049,870,1176,766,1236,922,936
"124",1054,873,1165,761,1239,898,944
"125",1059,876,1155,835,1246,873,951
"126",1065,880,1145,927,1254,861,959
"127",1070,883,1133,875,1261,848,966
"128",1075,886,1120,895,1269,836,1003
"129",1080,890,1108,914,1276,833,1012
"130",1086,893,1068,934,1282,830,1022
"131",1091,897,1029,954,1285,824,1031
"132",1096,900,982,977,1287,818,1041
"133",1062,903,935,1000,1290,812,1050
"134",1027,907,947,1023,1292,806,1074
"135",980,910,959,1017,1295,800,1097
"136",958,913,971,1011,1297,794,1087
"137",935,917,976,1005,1300,786,1077
"138",913,920,981,1012,1304,777,1067
"139",930,911,986,1020,1309,768,1056
"140",947,926,991,1027,1286,760,1046
"141",977,941,996,1034,1264,730,1036
"142",1007,1012,1000,1041,1242,728,1026
"143",1037,986,1005,1049,1219,726,1051
"144",1044,961,1010,1056,1182,724,1076
"145",1050,936,1015,1060,1144,722,1101
"146",1057,912,1020,1064,1130,720,1089
"147",1063,896,1035,1068,1116,718,1077
"148",1070,879,1050,1070,1102,712,1064
"149",1081,907,1066,1072,1089,707,1052
"150",1094,934,1081,1074,1075,704,1040
"151",1106,962,1089,1076,1061,700,1033
"152",1118,948,1097,1078,1051,697,1025
"153",1131,935,1105,1028,1042,695,1018
"154",1150,921,1113,1069,1032,693,1010
"155",1168,938,1121,1045,1022,691,1003
"156",1179,956,1129,1021,1013,690,1032
"157",1190,973,1114,1027,1003,688,1061
"158",1202,990,1099,1033,993,686,992
"159",1213,986,1084,1039,984,684,1000
"160",1214,982,1104,1045,974,682,1007
"161",1216,978,1123,1051,964,724,995
"162",1217,974,1128,1057,880,766,983
"163",1218,971,1133,1063,872,756,971
"164",1219,967,1143,1069,863,771,959
"165",1220,963,1154,1094,855,786,956
"166",1222,959,1164,1099,850,802,954
"167",1223,921,1153,1104,845,817,952
"168",1227,883,1141,1108,836,832,949
"169",1230,878,1130,1113,826,831,946
"170",1234,872,1118,1142,824,830,944
"171",1238,883,1107,1170,821,829,942
"172",1241,894,1113,1200,819,827,939
"173",1181,904,1119,1230,798,826,936
"174",1175,915,1125,1234,776,825,934
"175",1170,926,1131,1238,762,824,932
"176",1164,936,1137,1221,747,846,929
"177",1159,947,1138,1204,733,867,937
"178",1153,958,1140,1188,721,824,945
"179",1147,973,1141,1171,709,818,953
"180",1142,988,1143,1154,706,812,1037
"181",1136,1004,1144,1146,702,806,1006
"182",1130,1019,1122,1137,701,800,976
"183",1125,1052,1099,1129,701,794,1006
"184",1119,1086,1077,1120,700,786,1030
"185",1114,1106,1093,1112,699,778,1055
"186",1108,1125,1110,1103,698,774,1079
"187",1082,1145,1128,1095,698,770,1082
"188",1056,1158,1145,1089,697,766,1084
"189",1072,1172,1137,1082,696,762,1087
"190",1032,1185,1129,1076,695,756,1089
"191",1026,1198,1121,1070,695,749,1092
"192",1021,1210,1113,1063,694,744,1100
"193",1016,1223,1105,1057,691,740,1119
"194",1010,1212,1097,1071,688,735,1137
"195",1004,1201,1089,1065,686,733,1156
"196",999,1190,1092,1059,683,731,1189
"197",1013,1179,1094,1052,680,728,1216
"198",1018,1168,1097,1046,679,726,1244
"199",1023,1170,1100,1040,679,724,1246
"200",1028,1171,1120,1034,678,709,1248
"201",1047,1173,1140,1027,678,704,1251
"202",1065,1113,1160,1021,677,709,1253
"203",1084,1115,1162,1015,677,714,1255
"204",1104,1117,1164,1018,676,719,1257
"205",1125,1119,1134,1020,670,724,1259
"206",1145,1126,1103,1023,664,728,1262
"207",1146,1132,1115,1026,659,733,1264
"208",1146,1139,1127,1004,644,738,1266
"209",1146,1146,1139,968,630,743,1252
"210",1147,1153,1140,966,615,748,1238
"211",1148,1160,1142,965,612,767,1224
"212",1148,1166,1149,963,609,787,1211
"213",1094,1173,1155,961,608,806,1197
"214",1084,1175,1162,960,607,826,1183
"215",1074,1200,1169,958,605,845,1169
"216",1063,1224,1176,956,603,840,1120
"217",1053,1233,1182,954,602,836,1096
"218",1043,1242,1189,953,600,856,1073
"219",1032,1250,1172,951,598,877,1074
"220",1022,1245,1156,962,596,898,1076
"221",1012,1240,1139,954,594,918,1077
"222",1004,1235,1123,946,591,960,1078
"223",996,1230,1106,939,589,1001,1082
"224",987,1225,1137,931,588,1003,1086
"225",979,1220,1170,950,586,1006,1090
"226",950,1214,1180,969,584,1008,1095
"227",922,1209,1190,988,595,1032,1099
"228",908,1204,1200,941,606,1055,1103
"229",893,1199,1211,927,617,1062,1107
"230",884,1194,1221,913,628,1069,1135
"231",874,1189,1231,891,639,1076,1121
"232",865,1210,1218,869,650,1083,1107
"233",864,1231,1206,847,661,1078,1093
"234",864,1256,1194,825,672,1073,1080
"235",863,1281,1181,820,695,1069,1068
"236",862,1293,1219,815,718,1064,1055
"237",861,1305,1221,810,740,1059,1068
"238",860,1307,1224,804,763,968,1080
"239",860,1309,1226,799,756,930,1093
"240",859,1311,1228,794,748,948,1098
"241",871,1295,1231,789,741,966,1102
"242",884,1279,1233,775,733,960,1107
"243",896,1262,1236,773,726,953,1109
"244",882,1246,1238,772,745,947,1111
"245",869,1230,1243,770,765,953,1113
"246",856,1214,1211,867,784,960,1116
"247",842,1183,1178,921,804,966,1118
"248",836,1153,1146,925,823,973,1120
"249",831,1122,1150,928,915,979,1122
"250",825,1125,1155,932,907,986,1124
"251",812,1128,1159,936,900,992,1136
"252",807,1130,1133,939,892,999,1147
"253",803,1133,1107,943,890,1005,1199
"254",798,1136,1072,947,889,1012,1204
"255",782,1111,1036,950,887,1018,1209
"256",765,1087,1038,954,885,1009,1215
"257",761,1062,1040,1028,883,1001,1220
"258",757,1071,1042,1037,882,992,1225
"259",752,1079,1044,1045,880,999,1237
"260",748,1088,1045,1054,854,1006,1226
"261",744,1095,1047,1062,840,1013,1215
"262",736,1101,1049,1071,825,1042,1204
"263",729,1108,1051,1079,794,1037,1193
"264",792,1115,1058,1088,762,1031,1182
"265",802,1122,1066,1096,747,1026,1171
"266",811,1128,1042,1105,744,1021,1160
"267",821,1135,1019,1110,740,1016,1152
"268",831,1154,1007,1115,737,1010,1144
"269",840,1172,994,1134,735,1005,1136
"270",850,1188,982,1152,733,1040,1128
"271",860,1204,977,1082,731,1075,1120
"272",869,1220,971,1076,728,1098,1112
"273",879,1185,966,1071,726,1122,1025
"274",891,1150,961,1065,724,1145,1032
"275",903,1128,956,1059,722,1148,1040
"276",915,1107,950,1053,715,1152,1072
"277",927,1085,945,1048,712,1172,1105
"278",939,1089,940,1042,710,1192,1115
"279",951,1093,935,970,707,1198,1124
"280",922,1097,929,974,705,1204,1134
"281",980,1102,924,979,702,1209,1125
"282",957,1106,919,984,700,1215,1116
"283",946,1110,914,988,697,1222,1108
"284",935,1114,909,1002,692,1230,1099
"285",924,1118,898,1016,686,1233,1090
"286",934,1141,886,1030,681,1236,1082
"287",945,1120,880,1044,676,1239,1073
"288",945,1100,873,1058,690,1242,1064
"289",945,1079,866,1120,705,1246,1077
"290",945,1082,860,1129,719,1249,1090
"291",945,1085,842,1138,734,1252,1082
"292",945,1088,770,1138,748,1255,1074
"293",945,1091,770,1138,736,1258,1067
"294",945,1091,770,1138,736,1261,1059
