participant_number,participant_code,answer,,,,,,,,
1,6i14i7j9,"
""I think we made an agreement at the very beginning. We made blue color over pink color over yellow color. And in each type of color like we chose blue over light blue pink over light pink. When it came to the bright yellow and bright orange  I followed my partner's choice to choose bright yellow over orange. Also  we chose the less bright color when the two colors are in the same type.""",,,,,,,,
2,sgswxv5y," ""followed partners lead recognized descending clickability of dark blue then light blue, purple, pink, brown, yellow, orange finally. occasionally made mistakes but mostly followed oder once established  which seemed to come from always picking blue  then descending order by closeness in color. ""    	",,,,,,,,
session,participant_code,round_number,participant_number,left_stimuli,right_stimuli,response,loser,answered_time,payoff_round,total_payoff
9klxcei6,6i14i7j9,1,1,6,2,6,2,1186,10,5510
9klxcei6,sgswxv5y,1,2,2,6,6,2,1329,10,5510
9klxcei6,6i14i7j9,2,1,2,5,5,2,1078,10,5510
9klxcei6,sgswxv5y,2,2,5,2,5,2,1382,10,5510
9klxcei6,6i14i7j9,3,1,1,6,1,6,742,10,5510
9klxcei6,sgswxv5y,3,2,6,1,1,6,1247,10,5510
9klxcei6,6i14i7j9,4,1,7,5,5,7,2008,10,5510
9klxcei6,sgswxv5y,4,2,7,5,5,7,1481,10,5510
9klxcei6,6i14i7j9,5,1,7,6,6,7,1030,10,5510
9klxcei6,sgswxv5y,5,2,7,6,6,7,1316,10,5510
9klxcei6,6i14i7j9,6,1,4,6,6,4,948,10,5510
9klxcei6,sgswxv5y,6,2,6,4,6,4,1266,10,5510
9klxcei6,6i14i7j9,7,1,3,2,3,2,1331,10,5510
9klxcei6,sgswxv5y,7,2,2,3,3,2,935,10,5510
9klxcei6,6i14i7j9,8,1,4,5,5,4,997,10,5510
9klxcei6,sgswxv5y,8,2,5,4,5,4,1346,10,5510
9klxcei6,6i14i7j9,9,1,5,6,6,5,1240,10,5510
9klxcei6,sgswxv5y,9,2,6,5,6,5,1456,10,5510
9klxcei6,6i14i7j9,10,1,1,2,1,2,743,10,5510
9klxcei6,sgswxv5y,10,2,1,2,1,2,872,10,5510
9klxcei6,6i14i7j9,11,1,7,3,3,7,848,10,5510
9klxcei6,sgswxv5y,11,2,3,7,3,7,746,10,5510
9klxcei6,6i14i7j9,12,1,4,1,1,4,808,10,5510
9klxcei6,sgswxv5y,12,2,1,4,1,4,656,10,5510
9klxcei6,6i14i7j9,13,1,3,1,3,1,920,10,5510
9klxcei6,sgswxv5y,13,2,1,3,3,1,771,10,5510
9klxcei6,6i14i7j9,14,1,7,2,7,2,3164,0,5510
9klxcei6,sgswxv5y,14,2,2,7,2,7,859,0,5510
9klxcei6,6i14i7j9,15,1,4,3,3,4,1007,10,5510
9klxcei6,sgswxv5y,15,2,4,3,3,4,910,10,5510
9klxcei6,6i14i7j9,16,1,2,4,2,4,1167,10,5510
9klxcei6,sgswxv5y,16,2,2,4,2,4,1212,10,5510
9klxcei6,6i14i7j9,17,1,7,4,7,4,1506,10,5510
9klxcei6,sgswxv5y,17,2,4,7,7,4,1532,10,5510
9klxcei6,6i14i7j9,18,1,1,5,1,5,821,10,5510
9klxcei6,sgswxv5y,18,2,5,1,1,5,731,10,5510
9klxcei6,6i14i7j9,19,1,3,6,3,6,785,10,5510
9klxcei6,sgswxv5y,19,2,3,6,3,6,751,10,5510
9klxcei6,6i14i7j9,20,1,5,3,3,5,827,10,5510
9klxcei6,sgswxv5y,20,2,5,3,3,5,849,10,5510
9klxcei6,6i14i7j9,21,1,7,1,1,7,778,10,5510
9klxcei6,sgswxv5y,21,2,7,1,1,7,1302,10,5510
9klxcei6,6i14i7j9,22,1,1,2,1,2,855,10,5510
9klxcei6,sgswxv5y,22,2,1,2,1,2,927,10,5510
9klxcei6,6i14i7j9,23,1,3,1,3,1,826,10,5510
9klxcei6,sgswxv5y,23,2,3,1,3,1,793,10,5510
9klxcei6,6i14i7j9,24,1,4,5,5,4,1165,10,5510
9klxcei6,sgswxv5y,24,2,5,4,5,4,1094,10,5510
9klxcei6,6i14i7j9,25,1,5,6,6,5,1472,0,5510
9klxcei6,sgswxv5y,25,2,5,6,5,6,857,0,5510
9klxcei6,6i14i7j9,26,1,6,3,3,6,829,10,5510
9klxcei6,sgswxv5y,26,2,6,3,3,6,1268,10,5510
9klxcei6,6i14i7j9,27,1,1,7,1,7,762,10,5510
9klxcei6,sgswxv5y,27,2,7,1,1,7,1559,10,5510
9klxcei6,6i14i7j9,28,1,1,4,1,4,1007,10,5510
9klxcei6,sgswxv5y,28,2,4,1,1,4,739,10,5510
9klxcei6,6i14i7j9,29,1,3,2,3,2,797,10,5510
9klxcei6,sgswxv5y,29,2,3,2,3,2,934,10,5510
9klxcei6,6i14i7j9,30,1,3,7,3,7,815,10,5510
9klxcei6,sgswxv5y,30,2,3,7,3,7,715,10,5510
9klxcei6,6i14i7j9,31,1,7,2,2,7,1160,10,5510
9klxcei6,sgswxv5y,31,2,7,2,2,7,2328,10,5510
9klxcei6,6i14i7j9,32,1,7,6,6,7,852,10,5510
9klxcei6,sgswxv5y,32,2,6,7,6,7,677,10,5510
9klxcei6,6i14i7j9,33,1,2,5,5,2,2468,10,5510
9klxcei6,sgswxv5y,33,2,2,5,5,2,1571,10,5510
9klxcei6,6i14i7j9,34,1,2,4,2,4,1187,10,5510
9klxcei6,sgswxv5y,34,2,4,2,2,4,905,10,5510
9klxcei6,6i14i7j9,35,1,2,6,6,2,971,10,5510
9klxcei6,sgswxv5y,35,2,2,6,6,2,1360,10,5510
9klxcei6,6i14i7j9,36,1,4,6,6,4,871,10,5510
9klxcei6,sgswxv5y,36,2,4,6,6,4,812,10,5510
9klxcei6,6i14i7j9,37,1,5,3,3,5,722,10,5510
9klxcei6,sgswxv5y,37,2,5,3,3,5,1202,10,5510
9klxcei6,6i14i7j9,38,1,1,6,1,6,829,10,5510
9klxcei6,sgswxv5y,38,2,6,1,1,6,810,10,5510
9klxcei6,6i14i7j9,39,1,3,4,3,4,766,10,5510
9klxcei6,sgswxv5y,39,2,3,4,3,4,731,10,5510
9klxcei6,6i14i7j9,40,1,7,4,7,4,3350,10,5510
9klxcei6,sgswxv5y,40,2,7,4,7,4,1898,10,5510
9klxcei6,6i14i7j9,41,1,5,7,5,7,1446,10,5510
9klxcei6,sgswxv5y,41,2,5,7,5,7,829,10,5510
9klxcei6,6i14i7j9,42,1,5,1,1,5,818,10,5510
9klxcei6,sgswxv5y,42,2,5,1,1,5,941,10,5510
9klxcei6,6i14i7j9,43,1,3,2,3,2,864,10,5510
9klxcei6,sgswxv5y,43,2,2,3,3,2,764,10,5510
9klxcei6,6i14i7j9,44,1,2,4,2,4,1744,10,5510
9klxcei6,sgswxv5y,44,2,2,4,2,4,881,10,5510
9klxcei6,6i14i7j9,45,1,5,2,5,2,1156,0,5510
9klxcei6,sgswxv5y,45,2,2,5,2,5,821,0,5510
9klxcei6,6i14i7j9,46,1,6,5,6,5,1122,10,5510
9klxcei6,sgswxv5y,46,2,6,5,6,5,1386,10,5510
9klxcei6,6i14i7j9,47,1,2,1,1,2,841,10,5510
9klxcei6,sgswxv5y,47,2,1,2,1,2,1156,10,5510
9klxcei6,6i14i7j9,48,1,7,1,1,7,778,10,5510
9klxcei6,sgswxv5y,48,2,7,1,1,7,879,10,5510
9klxcei6,6i14i7j9,49,1,3,6,3,6,806,10,5510
9klxcei6,sgswxv5y,49,2,6,3,3,6,953,10,5510
9klxcei6,6i14i7j9,50,1,3,4,3,4,817,10,5510
9klxcei6,sgswxv5y,50,2,3,4,3,4,1135,10,5510
9klxcei6,6i14i7j9,51,1,7,5,5,7,1169,10,5510
9klxcei6,sgswxv5y,51,2,7,5,5,7,2102,10,5510
9klxcei6,6i14i7j9,52,1,1,3,3,1,972,10,5510
9klxcei6,sgswxv5y,52,2,1,3,3,1,882,10,5510
9klxcei6,6i14i7j9,53,1,3,7,3,7,723,10,5510
9klxcei6,sgswxv5y,53,2,7,3,3,7,665,10,5510
9klxcei6,6i14i7j9,54,1,1,6,1,6,757,10,5510
9klxcei6,sgswxv5y,54,2,1,6,1,6,963,10,5510
9klxcei6,6i14i7j9,55,1,4,7,7,4,1843,10,5510
9klxcei6,sgswxv5y,55,2,4,7,7,4,1721,10,5510
9klxcei6,6i14i7j9,56,1,5,1,1,5,736,10,5510
9klxcei6,sgswxv5y,56,2,1,5,1,5,843,10,5510
9klxcei6,6i14i7j9,57,1,4,5,5,4,1030,10,5510
9klxcei6,sgswxv5y,57,2,4,5,5,4,1231,10,5510
9klxcei6,6i14i7j9,58,1,6,7,6,7,940,10,5510
9klxcei6,sgswxv5y,58,2,7,6,6,7,855,10,5510
9klxcei6,6i14i7j9,59,1,5,3,3,5,838,10,5510
9klxcei6,sgswxv5y,59,2,5,3,3,5,721,10,5510
9klxcei6,6i14i7j9,60,1,7,2,7,2,2769,0,5510
9klxcei6,sgswxv5y,60,2,7,2,2,7,1571,0,5510
9klxcei6,6i14i7j9,61,1,1,4,1,4,843,10,5510
9klxcei6,sgswxv5y,61,2,4,1,1,4,1035,10,5510
9klxcei6,6i14i7j9,62,1,4,6,6,4,965,10,5510
9klxcei6,sgswxv5y,62,2,6,4,6,4,1620,10,5510
9klxcei6,6i14i7j9,63,1,2,6,6,2,1070,10,5510
9klxcei6,sgswxv5y,63,2,6,2,6,2,1256,10,5510
9klxcei6,6i14i7j9,64,1,1,6,1,6,1008,10,5510
9klxcei6,sgswxv5y,64,2,6,1,1,6,792,10,5510
9klxcei6,6i14i7j9,65,1,1,4,1,4,766,10,5510
9klxcei6,sgswxv5y,65,2,4,1,1,4,835,10,5510
9klxcei6,6i14i7j9,66,1,3,4,3,4,764,10,5510
9klxcei6,sgswxv5y,66,2,4,3,3,4,875,10,5510
9klxcei6,6i14i7j9,67,1,2,4,2,4,2408,10,5510
9klxcei6,sgswxv5y,67,2,2,4,2,4,1914,10,5510
9klxcei6,6i14i7j9,68,1,4,7,7,4,1754,10,5510
9klxcei6,sgswxv5y,68,2,7,4,7,4,1316,10,5510
9klxcei6,6i14i7j9,69,1,5,4,5,4,820,10,5510
9klxcei6,sgswxv5y,69,2,5,4,5,4,1105,10,5510
9klxcei6,6i14i7j9,70,1,2,7,2,7,1209,10,5510
9klxcei6,sgswxv5y,70,2,2,7,2,7,2368,10,5510
9klxcei6,6i14i7j9,71,1,5,1,1,5,937,10,5510
9klxcei6,sgswxv5y,71,2,5,1,1,5,924,10,5510
9klxcei6,6i14i7j9,72,1,3,5,3,5,703,10,5510
9klxcei6,sgswxv5y,72,2,5,3,3,5,709,10,5510
9klxcei6,6i14i7j9,73,1,6,3,3,6,772,10,5510
9klxcei6,sgswxv5y,73,2,3,6,3,6,1572,10,5510
9klxcei6,6i14i7j9,74,1,6,7,6,7,1322,10,5510
9klxcei6,sgswxv5y,74,2,6,7,6,7,822,10,5510
9klxcei6,6i14i7j9,75,1,7,5,5,7,1634,10,5510
9klxcei6,sgswxv5y,75,2,5,7,5,7,1055,10,5510
9klxcei6,6i14i7j9,76,1,3,1,3,1,841,10,5510
9klxcei6,sgswxv5y,76,2,1,3,3,1,1540,10,5510
9klxcei6,6i14i7j9,77,1,7,1,1,7,686,10,5510
9klxcei6,sgswxv5y,77,2,7,1,1,7,1681,10,5510
9klxcei6,6i14i7j9,78,1,1,2,1,2,688,10,5510
9klxcei6,sgswxv5y,78,2,2,1,1,2,730,10,5510
9klxcei6,6i14i7j9,79,1,5,6,6,5,1311,10,5510
9klxcei6,sgswxv5y,79,2,6,5,6,5,1105,10,5510
9klxcei6,6i14i7j9,80,1,2,5,2,5,1609,0,5510
9klxcei6,sgswxv5y,80,2,5,2,5,2,1215,0,5510
9klxcei6,6i14i7j9,81,1,4,6,6,4,765,10,5510
9klxcei6,sgswxv5y,81,2,6,4,6,4,1605,10,5510
9klxcei6,6i14i7j9,82,1,2,3,3,2,916,10,5510
9klxcei6,sgswxv5y,82,2,3,2,3,2,762,10,5510
9klxcei6,6i14i7j9,83,1,2,6,6,2,1054,10,5510
9klxcei6,sgswxv5y,83,2,2,6,6,2,2124,10,5510
9klxcei6,6i14i7j9,84,1,7,3,3,7,796,10,5510
9klxcei6,sgswxv5y,84,2,7,3,3,7,921,10,5510
9klxcei6,6i14i7j9,85,1,6,5,6,5,925,10,5510
9klxcei6,sgswxv5y,85,2,5,6,6,5,1333,10,5510
9klxcei6,6i14i7j9,86,1,6,1,1,6,767,10,5510
9klxcei6,sgswxv5y,86,2,1,6,1,6,1621,10,5510
9klxcei6,6i14i7j9,87,1,2,1,1,2,818,10,5510
9klxcei6,sgswxv5y,87,2,2,1,1,2,744,10,5510
9klxcei6,6i14i7j9,88,1,7,5,5,7,1279,10,5510
9klxcei6,sgswxv5y,88,2,7,5,5,7,1488,10,5510
9klxcei6,6i14i7j9,89,1,7,6,6,7,764,10,5510
9klxcei6,sgswxv5y,89,2,7,6,6,7,1135,10,5510
9klxcei6,6i14i7j9,90,1,1,4,1,4,856,10,5510
9klxcei6,sgswxv5y,90,2,1,4,1,4,854,10,5510
9klxcei6,6i14i7j9,91,1,2,3,3,2,681,10,5510
9klxcei6,sgswxv5y,91,2,2,3,3,2,665,10,5510
9klxcei6,6i14i7j9,92,1,3,7,3,7,733,10,5510
9klxcei6,sgswxv5y,92,2,3,7,3,7,995,10,5510
9klxcei6,6i14i7j9,93,1,3,4,3,4,708,10,5510
9klxcei6,sgswxv5y,93,2,4,3,3,4,704,10,5510
9klxcei6,6i14i7j9,94,1,5,3,3,5,765,10,5510
9klxcei6,sgswxv5y,94,2,5,3,3,5,723,10,5510
9klxcei6,6i14i7j9,95,1,3,1,3,1,818,10,5510
9klxcei6,sgswxv5y,95,2,1,3,3,1,819,10,5510
9klxcei6,6i14i7j9,96,1,6,2,6,2,974,10,5510
9klxcei6,sgswxv5y,96,2,2,6,6,2,976,10,5510
9klxcei6,6i14i7j9,97,1,7,4,7,4,1474,10,5510
9klxcei6,sgswxv5y,97,2,7,4,7,4,1896,10,5510
9klxcei6,6i14i7j9,98,1,4,6,6,4,848,10,5510
9klxcei6,sgswxv5y,98,2,6,4,6,4,1447,10,5510
9klxcei6,6i14i7j9,99,1,1,7,1,7,1005,10,5510
9klxcei6,sgswxv5y,99,2,7,1,1,7,742,10,5510
9klxcei6,6i14i7j9,100,1,5,4,5,4,2114,10,5510
9klxcei6,sgswxv5y,100,2,5,4,5,4,1189,10,5510
9klxcei6,6i14i7j9,101,1,5,2,5,2,3114,10,5510
9klxcei6,sgswxv5y,101,2,2,5,5,2,738,10,5510
9klxcei6,6i14i7j9,102,1,6,3,3,6,750,10,5510
9klxcei6,sgswxv5y,102,2,6,3,3,6,1164,10,5510
9klxcei6,6i14i7j9,103,1,7,2,2,7,1443,10,5510
9klxcei6,sgswxv5y,103,2,7,2,2,7,1019,10,5510
9klxcei6,6i14i7j9,104,1,2,4,2,4,2010,10,5510
9klxcei6,sgswxv5y,104,2,2,4,2,4,963,10,5510
9klxcei6,6i14i7j9,105,1,5,1,1,5,883,10,5510
9klxcei6,sgswxv5y,105,2,1,5,1,5,976,10,5510
9klxcei6,6i14i7j9,106,1,5,4,5,4,1332,10,5510
9klxcei6,sgswxv5y,106,2,4,5,5,4,1902,10,5510
9klxcei6,6i14i7j9,107,1,6,5,6,5,1176,10,5510
9klxcei6,sgswxv5y,107,2,6,5,6,5,2551,10,5510
9klxcei6,6i14i7j9,108,1,5,2,5,2,2056,10,5510
9klxcei6,sgswxv5y,108,2,2,5,5,2,2499,10,5510
9klxcei6,6i14i7j9,109,1,1,2,1,2,788,10,5510
9klxcei6,sgswxv5y,109,2,1,2,1,2,1064,10,5510
9klxcei6,6i14i7j9,110,1,2,7,2,7,4818,10,5510
9klxcei6,sgswxv5y,110,2,7,2,2,7,842,10,5510
9klxcei6,6i14i7j9,111,1,6,1,1,6,840,10,5510
9klxcei6,sgswxv5y,111,2,6,1,1,6,1298,10,5510
9klxcei6,6i14i7j9,112,1,6,3,3,6,966,10,5510
9klxcei6,sgswxv5y,112,2,6,3,3,6,904,10,5510
9klxcei6,6i14i7j9,113,1,3,7,3,7,732,10,5510
9klxcei6,sgswxv5y,113,2,3,7,3,7,781,10,5510
9klxcei6,6i14i7j9,114,1,7,4,7,4,2140,10,5510
9klxcei6,sgswxv5y,114,2,7,4,7,4,1638,10,5510
9klxcei6,6i14i7j9,115,1,6,2,6,2,955,10,5510
9klxcei6,sgswxv5y,115,2,2,6,6,2,812,10,5510
9klxcei6,6i14i7j9,116,1,6,4,6,4,959,10,5510
9klxcei6,sgswxv5y,116,2,6,4,6,4,934,10,5510
9klxcei6,6i14i7j9,117,1,5,7,5,7,1290,10,5510
9klxcei6,sgswxv5y,117,2,7,5,5,7,2594,10,5510
9klxcei6,6i14i7j9,118,1,3,2,3,2,782,10,5510
9klxcei6,sgswxv5y,118,2,2,3,3,2,988,10,5510
9klxcei6,6i14i7j9,119,1,1,3,3,1,1353,10,5510
9klxcei6,sgswxv5y,119,2,1,3,3,1,831,10,5510
9klxcei6,6i14i7j9,120,1,1,4,1,4,845,10,5510
9klxcei6,sgswxv5y,120,2,1,4,1,4,717,10,5510
9klxcei6,6i14i7j9,121,1,4,2,2,4,1719,10,5510
9klxcei6,sgswxv5y,121,2,2,4,2,4,1397,10,5510
9klxcei6,6i14i7j9,122,1,1,7,1,7,797,10,5510
9klxcei6,sgswxv5y,122,2,1,7,1,7,754,10,5510
9klxcei6,6i14i7j9,123,1,5,3,3,5,759,10,5510
9klxcei6,sgswxv5y,123,2,5,3,3,5,713,10,5510
9klxcei6,6i14i7j9,124,1,4,3,3,4,769,10,5510
9klxcei6,sgswxv5y,124,2,3,4,3,4,640,10,5510
9klxcei6,6i14i7j9,125,1,5,1,1,5,743,10,5510
9klxcei6,sgswxv5y,125,2,1,5,1,5,624,10,5510
9klxcei6,6i14i7j9,126,1,6,7,6,7,887,10,5510
9klxcei6,sgswxv5y,126,2,6,7,6,7,1112,10,5510
9klxcei6,6i14i7j9,127,1,2,4,2,4,1388,10,5510
9klxcei6,sgswxv5y,127,2,4,2,2,4,2187,10,5510
9klxcei6,6i14i7j9,128,1,7,4,7,4,1106,10,5510
9klxcei6,sgswxv5y,128,2,4,7,7,4,2009,10,5510
9klxcei6,6i14i7j9,129,1,1,3,3,1,727,10,5510
9klxcei6,sgswxv5y,129,2,1,3,3,1,863,10,5510
9klxcei6,6i14i7j9,130,1,1,7,1,7,873,10,5510
9klxcei6,sgswxv5y,130,2,1,7,1,7,707,10,5510
9klxcei6,6i14i7j9,131,1,1,4,1,4,789,10,5510
9klxcei6,sgswxv5y,131,2,1,4,1,4,692,10,5510
9klxcei6,6i14i7j9,132,1,5,7,5,7,1042,10,5510
9klxcei6,sgswxv5y,132,2,5,7,5,7,1103,10,5510
9klxcei6,6i14i7j9,133,1,6,2,6,2,958,10,5510
9klxcei6,sgswxv5y,133,2,2,6,6,2,881,10,5510
9klxcei6,6i14i7j9,134,1,4,6,6,4,1072,10,5510
9klxcei6,sgswxv5y,134,2,4,6,6,4,1335,10,5510
9klxcei6,6i14i7j9,135,1,2,3,3,2,802,10,5510
9klxcei6,sgswxv5y,135,2,3,2,3,2,956,10,5510
9klxcei6,6i14i7j9,136,1,1,2,1,2,1684,10,5510
9klxcei6,sgswxv5y,136,2,2,1,1,2,806,10,5510
9klxcei6,6i14i7j9,137,1,5,6,6,5,1079,10,5510
9klxcei6,sgswxv5y,137,2,5,6,6,5,857,10,5510
9klxcei6,6i14i7j9,138,1,7,2,2,7,1704,10,5510
9klxcei6,sgswxv5y,138,2,7,2,2,7,1366,10,5510
9klxcei6,6i14i7j9,139,1,3,7,3,7,807,10,5510
9klxcei6,sgswxv5y,139,2,3,7,3,7,1227,10,5510
9klxcei6,6i14i7j9,140,1,5,3,3,5,724,10,5510
9klxcei6,sgswxv5y,140,2,5,3,3,5,1195,10,5510
9klxcei6,6i14i7j9,141,1,1,6,1,6,729,10,5510
9klxcei6,sgswxv5y,141,2,1,6,1,6,735,10,5510
9klxcei6,6i14i7j9,142,1,3,6,3,6,717,10,5510
9klxcei6,sgswxv5y,142,2,3,6,3,6,646,10,5510
9klxcei6,6i14i7j9,143,1,3,4,3,4,690,10,5510
9klxcei6,sgswxv5y,143,2,4,3,3,4,690,10,5510
9klxcei6,6i14i7j9,144,1,7,6,6,7,1038,10,5510
9klxcei6,sgswxv5y,144,2,6,7,6,7,788,10,5510
9klxcei6,6i14i7j9,145,1,5,2,5,2,810,10,5510
9klxcei6,sgswxv5y,145,2,2,5,5,2,1812,10,5510
9klxcei6,6i14i7j9,146,1,4,5,5,4,1153,10,5510
9klxcei6,sgswxv5y,146,2,5,4,5,4,855,10,5510
9klxcei6,6i14i7j9,147,1,5,1,1,5,997,10,5510
9klxcei6,sgswxv5y,147,2,5,1,1,5,621,10,5510
9klxcei6,6i14i7j9,148,1,2,1,1,2,697,10,5510
9klxcei6,sgswxv5y,148,2,1,2,1,2,994,10,5510
9klxcei6,6i14i7j9,149,1,7,6,6,7,1146,10,5510
9klxcei6,sgswxv5y,149,2,6,7,6,7,882,10,5510
9klxcei6,6i14i7j9,150,1,3,2,3,2,710,10,5510
9klxcei6,sgswxv5y,150,2,3,2,3,2,1220,10,5510
9klxcei6,6i14i7j9,151,1,4,6,6,4,880,10,5510
9klxcei6,sgswxv5y,151,2,6,4,6,4,910,10,5510
9klxcei6,6i14i7j9,152,1,1,6,1,6,767,10,5510
9klxcei6,sgswxv5y,152,2,1,6,1,6,1040,10,5510
9klxcei6,6i14i7j9,153,1,5,3,3,5,843,10,5510
9klxcei6,sgswxv5y,153,2,3,5,3,5,626,10,5510
9klxcei6,6i14i7j9,154,1,4,1,1,4,750,10,5510
9klxcei6,sgswxv5y,154,2,4,1,1,4,988,10,5510
9klxcei6,6i14i7j9,155,1,7,5,5,7,1530,10,5510
9klxcei6,sgswxv5y,155,2,5,7,5,7,779,10,5510
9klxcei6,6i14i7j9,156,1,7,1,1,7,721,10,5510
9klxcei6,sgswxv5y,156,2,7,1,1,7,1352,10,5510
9klxcei6,6i14i7j9,157,1,6,2,6,2,1161,10,5510
9klxcei6,sgswxv5y,157,2,6,2,6,2,990,10,5510
9klxcei6,6i14i7j9,158,1,2,5,5,2,1779,10,5510
9klxcei6,sgswxv5y,158,2,2,5,5,2,1385,10,5510
9klxcei6,6i14i7j9,159,1,3,7,3,7,721,10,5510
9klxcei6,sgswxv5y,159,2,7,3,3,7,824,10,5510
9klxcei6,6i14i7j9,160,1,3,1,3,1,821,10,5510
9klxcei6,sgswxv5y,160,2,1,3,3,1,738,10,5510
9klxcei6,6i14i7j9,161,1,4,3,3,4,758,10,5510
9klxcei6,sgswxv5y,161,2,4,3,3,4,636,10,5510
9klxcei6,6i14i7j9,162,1,2,4,2,4,1241,10,5510
9klxcei6,sgswxv5y,162,2,2,4,2,4,1241,10,5510
9klxcei6,6i14i7j9,163,1,3,6,3,6,929,10,5510
9klxcei6,sgswxv5y,163,2,3,6,3,6,744,10,5510
9klxcei6,6i14i7j9,164,1,1,5,1,5,1049,10,5510
9klxcei6,sgswxv5y,164,2,1,5,1,5,1059,10,5510
9klxcei6,6i14i7j9,165,1,2,7,2,7,1296,10,5510
9klxcei6,sgswxv5y,165,2,2,7,2,7,1142,10,5510
9klxcei6,6i14i7j9,166,1,4,5,5,4,832,10,5510
9klxcei6,sgswxv5y,166,2,4,5,5,4,986,10,5510
9klxcei6,6i14i7j9,167,1,6,5,6,5,1406,10,5510
9klxcei6,sgswxv5y,167,2,5,6,6,5,1056,10,5510
9klxcei6,6i14i7j9,168,1,7,4,7,4,1673,10,5510
9klxcei6,sgswxv5y,168,2,7,4,7,4,1178,10,5510
9klxcei6,6i14i7j9,169,1,6,3,3,6,759,10,5510
9klxcei6,sgswxv5y,169,2,6,3,3,6,774,10,5510
9klxcei6,6i14i7j9,170,1,6,7,6,7,932,10,5510
9klxcei6,sgswxv5y,170,2,7,6,6,7,853,10,5510
9klxcei6,6i14i7j9,171,1,1,7,1,7,747,10,5510
9klxcei6,sgswxv5y,171,2,1,7,1,7,694,10,5510
9klxcei6,6i14i7j9,172,1,5,2,5,2,988,10,5510
9klxcei6,sgswxv5y,172,2,2,5,5,2,2821,10,5510
9klxcei6,6i14i7j9,173,1,2,1,1,2,716,10,5510
9klxcei6,sgswxv5y,173,2,2,1,1,2,795,10,5510
9klxcei6,6i14i7j9,174,1,2,4,2,4,1556,10,5510
9klxcei6,sgswxv5y,174,2,4,2,2,4,2071,10,5510
9klxcei6,6i14i7j9,175,1,5,1,1,5,783,10,5510
9klxcei6,sgswxv5y,175,2,1,5,1,5,653,10,5510
9klxcei6,6i14i7j9,176,1,2,3,3,2,744,10,5510
9klxcei6,sgswxv5y,176,2,3,2,3,2,666,10,5510
9klxcei6,6i14i7j9,177,1,7,2,2,7,1078,10,5510
9klxcei6,sgswxv5y,177,2,7,2,2,7,1492,10,5510
9klxcei6,6i14i7j9,178,1,2,6,6,2,1359,10,5510
9klxcei6,sgswxv5y,178,2,2,6,6,2,999,10,5510
9klxcei6,6i14i7j9,179,1,6,4,6,4,849,10,5510
9klxcei6,sgswxv5y,179,2,6,4,6,4,695,10,5510
9klxcei6,6i14i7j9,180,1,4,1,1,4,661,10,5510
9klxcei6,sgswxv5y,180,2,4,1,1,4,623,10,5510
9klxcei6,6i14i7j9,181,1,5,3,3,5,909,10,5510
9klxcei6,sgswxv5y,181,2,5,3,3,5,738,10,5510
9klxcei6,6i14i7j9,182,1,1,3,3,1,769,10,5510
9klxcei6,sgswxv5y,182,2,3,1,3,1,859,10,5510
9klxcei6,6i14i7j9,183,1,7,3,3,7,675,10,5510
9klxcei6,sgswxv5y,183,2,3,7,3,7,827,10,5510
9klxcei6,6i14i7j9,184,1,5,4,5,4,1200,10,5510
9klxcei6,sgswxv5y,184,2,4,5,5,4,1429,10,5510
9klxcei6,6i14i7j9,185,1,4,7,7,4,1525,10,5510
9klxcei6,sgswxv5y,185,2,7,4,7,4,1461,10,5510
9klxcei6,6i14i7j9,186,1,4,3,3,4,763,10,5510
9klxcei6,sgswxv5y,186,2,3,4,3,4,749,10,5510
9klxcei6,6i14i7j9,187,1,5,7,5,7,851,10,5510
9klxcei6,sgswxv5y,187,2,5,7,5,7,1091,10,5510
9klxcei6,6i14i7j9,188,1,1,6,1,6,932,10,5510
9klxcei6,sgswxv5y,188,2,6,1,1,6,1200,10,5510
9klxcei6,6i14i7j9,189,1,6,5,6,5,1101,10,5510
9klxcei6,sgswxv5y,189,2,5,6,6,5,2808,10,5510
9klxcei6,6i14i7j9,190,1,6,2,6,2,757,10,5510
9klxcei6,sgswxv5y,190,2,2,6,6,2,1176,10,5510
9klxcei6,6i14i7j9,191,1,5,3,3,5,778,10,5510
9klxcei6,sgswxv5y,191,2,5,3,3,5,652,10,5510
9klxcei6,6i14i7j9,192,1,6,1,1,6,897,10,5510
9klxcei6,sgswxv5y,192,2,6,1,1,6,932,10,5510
9klxcei6,6i14i7j9,193,1,4,2,2,4,1418,10,5510
9klxcei6,sgswxv5y,193,2,4,2,2,4,1320,10,5510
9klxcei6,6i14i7j9,194,1,1,3,3,1,921,10,5510
9klxcei6,sgswxv5y,194,2,1,3,3,1,786,10,5510
9klxcei6,6i14i7j9,195,1,2,5,5,2,804,10,5510
9klxcei6,sgswxv5y,195,2,5,2,5,2,1186,10,5510
9klxcei6,6i14i7j9,196,1,6,3,3,6,786,10,5510
9klxcei6,sgswxv5y,196,2,6,3,3,6,957,10,5510
9klxcei6,6i14i7j9,197,1,4,6,6,4,1059,10,5510
9klxcei6,sgswxv5y,197,2,6,4,6,4,1366,10,5510
9klxcei6,6i14i7j9,198,1,5,7,5,7,1022,10,5510
9klxcei6,sgswxv5y,198,2,7,5,5,7,1867,10,5510
9klxcei6,6i14i7j9,199,1,1,4,1,4,735,10,5510
9klxcei6,sgswxv5y,199,2,4,1,1,4,740,10,5510
9klxcei6,6i14i7j9,200,1,4,5,5,4,792,10,5510
9klxcei6,sgswxv5y,200,2,5,4,5,4,1060,10,5510
9klxcei6,6i14i7j9,201,1,7,1,1,7,721,10,5510
9klxcei6,sgswxv5y,201,2,1,7,1,7,702,10,5510
9klxcei6,6i14i7j9,202,1,6,7,6,7,754,10,5510
9klxcei6,sgswxv5y,202,2,6,7,6,7,646,10,5510
9klxcei6,6i14i7j9,203,1,7,2,2,7,1159,10,5510
9klxcei6,sgswxv5y,203,2,7,2,2,7,1169,10,5510
9klxcei6,6i14i7j9,204,1,3,7,3,7,791,10,5510
9klxcei6,sgswxv5y,204,2,7,3,3,7,777,10,5510
9klxcei6,6i14i7j9,205,1,3,4,3,4,740,10,5510
9klxcei6,sgswxv5y,205,2,3,4,3,4,633,10,5510
9klxcei6,6i14i7j9,206,1,6,5,6,5,1372,10,5510
9klxcei6,sgswxv5y,206,2,6,5,6,5,1131,10,5510
9klxcei6,6i14i7j9,207,1,3,2,3,2,727,10,5510
9klxcei6,sgswxv5y,207,2,2,3,3,2,703,10,5510
9klxcei6,6i14i7j9,208,1,2,1,1,2,751,10,5510
9klxcei6,sgswxv5y,208,2,2,1,1,2,1737,10,5510
9klxcei6,6i14i7j9,209,1,5,1,1,5,671,10,5510
9klxcei6,sgswxv5y,209,2,5,1,1,5,674,10,5510
9klxcei6,6i14i7j9,210,1,7,4,7,4,1418,10,5510
9klxcei6,sgswxv5y,210,2,7,4,7,4,1244,10,5510
9klxcei6,6i14i7j9,211,1,1,5,1,5,756,10,5510
9klxcei6,sgswxv5y,211,2,5,1,1,5,1258,10,5510
9klxcei6,6i14i7j9,212,1,6,1,1,6,703,10,5510
9klxcei6,sgswxv5y,212,2,1,6,1,6,916,10,5510
9klxcei6,6i14i7j9,213,1,5,6,6,5,1174,10,5510
9klxcei6,sgswxv5y,213,2,5,6,6,5,2286,10,5510
9klxcei6,6i14i7j9,214,1,6,7,6,7,1456,10,5510
9klxcei6,sgswxv5y,214,2,6,7,6,7,1031,10,5510
9klxcei6,6i14i7j9,215,1,7,1,1,7,713,10,5510
9klxcei6,sgswxv5y,215,2,1,7,1,7,594,10,5510
9klxcei6,6i14i7j9,216,1,7,2,2,7,1315,10,5510
9klxcei6,sgswxv5y,216,2,2,7,2,7,2106,10,5510
9klxcei6,6i14i7j9,217,1,2,4,2,4,1583,10,5510
9klxcei6,sgswxv5y,217,2,4,2,2,4,1054,10,5510
9klxcei6,6i14i7j9,218,1,3,2,3,2,904,10,5510
9klxcei6,sgswxv5y,218,2,3,2,3,2,758,10,5510
9klxcei6,6i14i7j9,219,1,7,5,5,7,1440,10,5510
9klxcei6,sgswxv5y,219,2,7,5,5,7,1222,10,5510
9klxcei6,6i14i7j9,220,1,5,2,5,2,1097,10,5510
9klxcei6,sgswxv5y,220,2,5,2,5,2,1281,10,5510
9klxcei6,6i14i7j9,221,1,6,4,6,4,709,10,5510
9klxcei6,sgswxv5y,221,2,4,6,6,4,760,10,5510
9klxcei6,6i14i7j9,222,1,1,3,3,1,842,10,5510
9klxcei6,sgswxv5y,222,2,3,1,3,1,692,10,5510
9klxcei6,6i14i7j9,223,1,3,6,3,6,846,10,5510
9klxcei6,sgswxv5y,223,2,3,6,3,6,848,10,5510
9klxcei6,6i14i7j9,224,1,7,3,3,7,826,10,5510
9klxcei6,sgswxv5y,224,2,7,3,3,7,646,10,5510
9klxcei6,6i14i7j9,225,1,2,6,6,2,1631,10,5510
9klxcei6,sgswxv5y,225,2,6,2,6,2,1201,10,5510
9klxcei6,6i14i7j9,226,1,4,5,5,4,1935,10,5510
9klxcei6,sgswxv5y,226,2,5,4,5,4,1278,10,5510
9klxcei6,6i14i7j9,227,1,3,4,3,4,1000,10,5510
9klxcei6,sgswxv5y,227,2,4,3,3,4,1154,10,5510
9klxcei6,6i14i7j9,228,1,1,4,1,4,834,10,5510
9klxcei6,sgswxv5y,228,2,1,4,1,4,681,10,5510
9klxcei6,6i14i7j9,229,1,3,5,3,5,752,10,5510
9klxcei6,sgswxv5y,229,2,3,5,3,5,600,10,5510
9klxcei6,6i14i7j9,230,1,7,4,7,4,1623,10,5510
9klxcei6,sgswxv5y,230,2,7,4,7,4,1603,10,5510
9klxcei6,6i14i7j9,231,1,1,2,1,2,710,10,5510
9klxcei6,sgswxv5y,231,2,1,2,1,2,1248,10,5510
9klxcei6,6i14i7j9,232,1,6,2,6,2,793,10,5510
9klxcei6,sgswxv5y,232,2,2,6,6,2,838,10,5510
9klxcei6,6i14i7j9,233,1,1,4,1,4,786,10,5510
9klxcei6,sgswxv5y,233,2,4,1,1,4,1445,10,5510
9klxcei6,6i14i7j9,234,1,6,5,6,5,914,10,5510
9klxcei6,sgswxv5y,234,2,6,5,6,5,1595,10,5510
9klxcei6,6i14i7j9,235,1,1,2,1,2,733,10,5510
9klxcei6,sgswxv5y,235,2,2,1,1,2,706,10,5510
9klxcei6,6i14i7j9,236,1,7,4,7,4,1120,10,5510
9klxcei6,sgswxv5y,236,2,7,4,7,4,1099,10,5510
9klxcei6,6i14i7j9,237,1,4,3,3,4,685,10,5510
9klxcei6,sgswxv5y,237,2,3,4,3,4,803,10,5510
9klxcei6,6i14i7j9,238,1,3,2,3,2,888,10,5510
9klxcei6,sgswxv5y,238,2,3,2,3,2,654,10,5510
9klxcei6,6i14i7j9,239,1,3,6,3,6,819,10,5510
9klxcei6,sgswxv5y,239,2,3,6,3,6,668,10,5510
9klxcei6,6i14i7j9,240,1,2,4,2,4,1572,10,5510
9klxcei6,sgswxv5y,240,2,4,2,2,4,1018,10,5510
9klxcei6,6i14i7j9,241,1,1,7,1,7,736,10,5510
9klxcei6,sgswxv5y,241,2,1,7,1,7,850,10,5510
9klxcei6,6i14i7j9,242,1,7,6,6,7,1046,10,5510
9klxcei6,sgswxv5y,242,2,6,7,6,7,874,10,5510
9klxcei6,6i14i7j9,243,1,5,7,5,7,819,10,5510
9klxcei6,sgswxv5y,243,2,5,7,5,7,1303,10,5510
9klxcei6,6i14i7j9,244,1,6,4,6,4,783,10,5510
9klxcei6,sgswxv5y,244,2,6,4,6,4,829,10,5510
9klxcei6,6i14i7j9,245,1,7,2,2,7,1599,10,5510
9klxcei6,sgswxv5y,245,2,2,7,2,7,2541,10,5510
9klxcei6,6i14i7j9,246,1,3,5,3,5,1246,10,5510
9klxcei6,sgswxv5y,246,2,5,3,3,5,1009,10,5510
9klxcei6,6i14i7j9,247,1,4,5,5,4,1217,10,5510
9klxcei6,sgswxv5y,247,2,4,5,5,4,982,10,5510
9klxcei6,6i14i7j9,248,1,1,6,1,6,1287,10,5510
9klxcei6,sgswxv5y,248,2,6,1,1,6,1932,10,5510
9klxcei6,6i14i7j9,249,1,3,1,3,1,914,10,5510
9klxcei6,sgswxv5y,249,2,1,3,3,1,925,10,5510
9klxcei6,6i14i7j9,250,1,5,2,5,2,1281,10,5510
9klxcei6,sgswxv5y,250,2,5,2,5,2,3615,10,5510
9klxcei6,6i14i7j9,251,1,3,7,3,7,732,10,5510
9klxcei6,sgswxv5y,251,2,3,7,3,7,603,10,5510
9klxcei6,6i14i7j9,252,1,1,5,1,5,2114,10,5510
9klxcei6,sgswxv5y,252,2,5,1,1,5,755,10,5510
9klxcei6,6i14i7j9,253,1,6,4,6,4,861,10,5510
9klxcei6,sgswxv5y,253,2,4,6,6,4,950,10,5510
9klxcei6,6i14i7j9,254,1,4,5,5,4,956,10,5510
9klxcei6,sgswxv5y,254,2,5,4,5,4,959,10,5510
9klxcei6,6i14i7j9,255,1,7,5,5,7,1286,10,5510
9klxcei6,sgswxv5y,255,2,5,7,5,7,863,10,5510
9klxcei6,6i14i7j9,256,1,3,7,3,7,693,10,5510
9klxcei6,sgswxv5y,256,2,3,7,3,7,991,10,5510
9klxcei6,6i14i7j9,257,1,6,7,6,7,746,10,5510
9klxcei6,sgswxv5y,257,2,6,7,6,7,901,10,5510
9klxcei6,6i14i7j9,258,1,4,3,3,4,737,10,5510
9klxcei6,sgswxv5y,258,2,3,4,3,4,707,10,5510
9klxcei6,6i14i7j9,259,1,6,5,6,5,1020,10,5510
9klxcei6,sgswxv5y,259,2,6,5,6,5,784,10,5510
9klxcei6,6i14i7j9,260,1,1,5,1,5,1503,10,5510
9klxcei6,sgswxv5y,260,2,5,1,1,5,778,10,5510
9klxcei6,6i14i7j9,261,1,2,1,1,2,1151,10,5510
9klxcei6,sgswxv5y,261,2,1,2,1,2,759,10,5510
9klxcei6,6i14i7j9,262,1,7,1,1,7,1155,10,5510
9klxcei6,sgswxv5y,262,2,7,1,1,7,693,10,5510
9klxcei6,6i14i7j9,263,1,3,5,3,5,706,10,5510
9klxcei6,sgswxv5y,263,2,5,3,3,5,640,10,5510
9klxcei6,6i14i7j9,264,1,3,2,3,2,773,10,5510
9klxcei6,sgswxv5y,264,2,3,2,3,2,698,10,5510
9klxcei6,6i14i7j9,265,1,7,4,7,4,1633,10,5510
9klxcei6,sgswxv5y,265,2,7,4,7,4,1186,10,5510
9klxcei6,6i14i7j9,266,1,1,3,3,1,800,10,5510
9klxcei6,sgswxv5y,266,2,1,3,3,1,733,10,5510
9klxcei6,6i14i7j9,267,1,2,4,2,4,1251,10,5510
9klxcei6,sgswxv5y,267,2,2,4,2,4,1532,10,5510
9klxcei6,6i14i7j9,268,1,1,4,1,4,762,10,5510
9klxcei6,sgswxv5y,268,2,4,1,1,4,812,10,5510
9klxcei6,6i14i7j9,269,1,3,6,3,6,739,10,5510
9klxcei6,sgswxv5y,269,2,3,6,3,6,725,10,5510
9klxcei6,6i14i7j9,270,1,2,6,6,2,1009,10,5510
9klxcei6,sgswxv5y,270,2,2,6,6,2,1107,10,5510
9klxcei6,6i14i7j9,271,1,7,2,2,7,1383,10,5510
9klxcei6,sgswxv5y,271,2,2,7,2,7,842,10,5510
9klxcei6,6i14i7j9,272,1,1,6,1,6,833,10,5510
9klxcei6,sgswxv5y,272,2,1,6,1,6,740,10,5510
9klxcei6,6i14i7j9,273,1,5,2,5,2,979,0,5510
9klxcei6,sgswxv5y,273,2,2,5,2,5,1107,0,5510
9klxcei6,6i14i7j9,274,1,1,6,1,6,1101,10,5510
9klxcei6,sgswxv5y,274,2,1,6,1,6,1109,10,5510
9klxcei6,6i14i7j9,275,1,3,5,3,5,803,10,5510
9klxcei6,sgswxv5y,275,2,5,3,3,5,1036,10,5510
9klxcei6,6i14i7j9,276,1,1,3,3,1,780,10,5510
9klxcei6,sgswxv5y,276,2,1,3,3,1,779,10,5510
9klxcei6,6i14i7j9,277,1,6,7,6,7,789,10,5510
9klxcei6,sgswxv5y,277,2,6,7,6,7,992,10,5510
9klxcei6,6i14i7j9,278,1,2,4,2,4,1093,10,5510
9klxcei6,sgswxv5y,278,2,2,4,2,4,1163,10,5510
9klxcei6,6i14i7j9,279,1,6,2,6,2,755,10,5510
9klxcei6,sgswxv5y,279,2,6,2,6,2,1163,10,5510
9klxcei6,6i14i7j9,280,1,3,7,3,7,681,10,5510
9klxcei6,sgswxv5y,280,2,3,7,3,7,907,10,5510
9klxcei6,6i14i7j9,281,1,2,1,1,2,898,10,5510
9klxcei6,sgswxv5y,281,2,2,1,1,2,1536,10,5510
9klxcei6,6i14i7j9,282,1,5,4,5,4,865,10,5510
9klxcei6,sgswxv5y,282,2,4,5,5,4,2060,10,5510
9klxcei6,6i14i7j9,283,1,7,1,1,7,2316,10,5510
9klxcei6,sgswxv5y,283,2,7,1,1,7,766,10,5510
9klxcei6,6i14i7j9,284,1,6,4,6,4,881,10,5510
9klxcei6,sgswxv5y,284,2,4,6,6,4,1609,10,5510
9klxcei6,6i14i7j9,285,1,3,4,3,4,715,10,5510
9klxcei6,sgswxv5y,285,2,4,3,3,4,709,10,5510
9klxcei6,6i14i7j9,286,1,3,2,3,2,890,10,5510
9klxcei6,sgswxv5y,286,2,2,3,3,2,974,10,5510
9klxcei6,6i14i7j9,287,1,4,7,7,4,1797,10,5510
9klxcei6,sgswxv5y,287,2,4,7,7,4,948,10,5510
9klxcei6,6i14i7j9,288,1,1,5,1,5,673,10,5510
9klxcei6,sgswxv5y,288,2,5,1,1,5,789,10,5510
9klxcei6,6i14i7j9,289,1,7,2,2,7,1270,10,5510
9klxcei6,sgswxv5y,289,2,7,2,2,7,2785,10,5510
9klxcei6,6i14i7j9,290,1,2,5,5,2,1032,10,5510
9klxcei6,sgswxv5y,290,2,5,2,5,2,2001,10,5510
9klxcei6,6i14i7j9,291,1,1,4,1,4,1187,10,5510
9klxcei6,sgswxv5y,291,2,1,4,1,4,789,10,5510
9klxcei6,6i14i7j9,292,1,6,5,6,5,1060,10,5510
9klxcei6,sgswxv5y,292,2,5,6,6,5,1140,10,5510
9klxcei6,6i14i7j9,293,1,3,6,3,6,954,10,5510
9klxcei6,sgswxv5y,293,2,6,3,3,6,907,10,5510
9klxcei6,6i14i7j9,294,1,5,7,5,7,906,10,5510
9klxcei6,sgswxv5y,294,2,7,5,5,7,1595,10,5510
