"","4","2","3","1","7","6","5"
"1",1050,950,1000,1000,1000,1000,1000
"2",1037,969,1050,950,1025,975,981
"3",1024,988,1038,938,1050,950,962
"4",1012,1007,1026,926,1068,971,943
"5",999,1019,1015,914,1086,993,937
"6",986,1031,1003,903,1071,1014,932
"7",1045,1044,991,893,1056,1022,926
"8",1077,1056,1011,882,1040,1030,920
"9",1082,1068,1032,877,1025,1038,914
"10",1087,1007,1052,871,1003,1046,909
"11",1092,1012,1037,866,980,1054,903
"12",1096,1017,1022,860,958,1068,970
"13",1101,1022,1006,855,947,1081,1000
"14",1106,1027,991,845,935,1066,1031
"15",1111,1032,1012,835,924,1050,1024
"16",1119,1037,1032,825,913,1034,1018
"17",1127,1019,1053,819,903,1019,1012
"18",1134,1002,1085,814,892,1046,1005
"19",1142,984,1091,808,905,1072,998
"20",1150,968,1097,803,917,1055,992
"21",1156,952,1103,797,930,1038,1020
"22",1161,937,1109,786,942,1022,1028
"23",1151,921,1116,828,955,1005,1035
"24",1141,938,1122,870,924,988,1042
"25",1130,956,1128,932,893,973,1050
"26",1120,973,1134,880,907,958,1058
"27",1110,967,1140,894,922,943,1065
"28",1100,961,1146,909,936,914,1055
"29",1061,955,1159,923,950,886,1046
"30",1022,948,1172,937,943,964,1036
"31",1030,942,1185,952,937,974,1026
"32",1038,936,1099,966,930,984,1048
"33",1046,930,1063,974,923,994,1069
"34",1054,1002,1027,982,917,1003,1076
"35",1062,994,998,990,910,1013,1084
"36",1051,986,968,998,896,1023,1091
"37",1040,978,937,1007,881,1030,1098
"38",1028,970,906,1015,943,1036,1120
"39",1017,962,900,1023,939,1043,1143
"40",1065,954,894,1031,936,1050,1106
"41",1050,934,889,1039,932,1056,1070
"42",1035,914,883,1046,928,1063,1046
"43",1020,950,877,1054,924,1092,1023
"44",1005,985,914,1061,920,1102,999
"45",990,991,952,1068,917,1112,984
"46",999,996,961,1076,913,1122,970
"47",1008,1002,969,1083,941,1108,955
"48",1018,1007,978,1097,969,1095,899
"49",1027,1013,987,1111,952,1081,862
"50",985,1018,995,1125,934,1067,889
"51",968,1024,1004,1134,917,1054,917
"52",952,1029,1018,1144,924,1040,944
"53",935,1035,1031,1154,930,1021,940
"54",921,1008,1044,1163,937,1002,936
"55",908,981,1058,1148,944,1022,933
"56",894,960,1064,1133,951,1043,929
"57",870,940,1069,1117,957,1084,925
"58",847,961,1075,1102,964,1086,921
"59",854,983,1081,1087,1040,1087,918
"60",861,1004,1086,1066,976,1089,914
"61",867,1035,1092,1046,968,1090,910
"62",874,1066,1062,1025,959,1092,904
"63",881,1052,1033,1084,950,1093,899
"64",888,1038,990,1127,942,1095,894
"65",895,1025,958,1149,934,1097,888
"66",901,1011,926,1153,925,1098,952
"67",908,997,995,1157,916,1100,959
"68",915,1016,984,1161,908,1101,966
"69",905,1035,972,1165,870,1103,973
"70",895,1049,960,1169,859,1104,980
"71",874,1062,949,1152,848,1106,987
"72",853,1076,938,1135,868,1111,994
"73",922,1089,926,1118,888,1116,1004
"74",913,1103,932,1101,909,1122,1013
"75",905,1111,938,1020,929,1127,1023
"76",896,1118,943,1008,923,1132,1033
"77",873,1126,949,997,916,1150,1043
"78",878,1092,955,985,910,1167,1052
"79",882,1058,960,975,903,1148,1062
"80",887,1072,966,966,897,1130,1094
"81",891,1086,972,956,851,1111,1104
"82",896,1099,1047,946,868,1092,1115
"83",901,1113,1055,936,885,1037,1126
"84",905,1094,1063,927,902,995,1136
"85",910,1076,1071,917,919,984,1140
"86",914,1057,1079,885,956,973,1143
"87",919,1038,1092,875,994,962,1147
"88",923,1082,1104,864,975,951,1151
"89",928,1071,1117,854,956,972,1155
"90",933,1059,1120,844,943,992,1158
"91",937,1048,1122,860,930,1028,1162
"92",942,1036,1125,876,964,1065,1089
"93",946,1025,1128,892,998,997,1050
"94",951,1013,1131,908,1003,991,1011
"95",924,1002,1134,924,1007,985,1005
"96",897,1005,1136,978,1012,978,999
"97",875,1008,1139,986,1017,972,994
"98",864,1011,1170,995,1022,966,988
"99",853,1014,1199,1004,1026,977,982
"100",842,1018,1204,1012,1031,988,965
"101",809,1021,1210,1020,1020,999,948
"102",796,1024,1215,1029,1009,1010,931
"103",784,1027,1220,1026,998,1022,912
"104",806,1064,1226,1023,988,1033,894
"105",827,1032,1231,1020,977,1044,862
"106",849,1037,1205,1017,966,1055,829
"107",840,1042,1178,1014,955,1067,905
"108",832,1046,1152,1011,967,1078,892
"109",823,1051,1141,1009,978,1105,878
"110",814,1056,1131,1006,990,1109,864
"111",809,1061,1120,1003,1020,1112,849
"112",804,1001,1109,1000,1050,1116,845
"113",799,991,1099,997,1082,1120,841
"114",808,981,1088,994,1114,1123,837
"115",818,970,1098,991,1152,1127,833
"116",827,960,1108,955,1148,1130,829
"117",836,950,1117,919,1143,1133,901
"118",845,940,1127,980,1139,1136,907
"119",854,912,1136,955,1134,1140,913
"120",864,889,1141,931,1130,1143,919
"121",873,913,1146,906,1125,1148,925
"122",825,937,1152,896,1121,1152,931
"123",821,942,1157,885,1116,1156,937
"124",817,947,1163,867,1112,1161,943
"125",813,952,1169,874,1107,1186,949
"126",805,957,1197,881,1103,1210,955
"127",796,962,1225,888,1086,1154,961
"128",788,967,1258,895,1070,1157,967
"129",779,972,1258,902,998,1160,973
"130",771,977,1259,909,967,1163,959
"131",757,982,1259,971,936,1165,946
"132",743,987,1259,968,964,1168,932
"133",742,992,1260,964,955,1171,918
"134",742,1029,1260,961,946,1174,898
"135",741,1066,1260,957,937,1100,906
"136",741,1102,1261,954,928,1107,914
"137",740,1107,1261,950,919,1114,922
"138",730,1112,1247,947,910,1120,930
"139",742,1128,1232,943,901,1127,938
"140",755,1143,1218,940,899,1100,946
"141",767,1150,1204,884,897,1074,954
"142",779,1158,1189,964,895,1047,997
"143",791,1165,1175,1002,893,1031,1040
"144",804,1172,1098,1041,891,1015,997
"145",816,1180,1076,1036,889,1000,954
"146",856,1187,1054,1030,888,984,968
"147",895,1144,1068,1025,886,968,981
"148",980,1102,1082,1019,884,960,994
"149",926,1074,1097,1014,882,951,1008
"150",924,1045,1111,1009,880,942,986
"151",922,1090,1102,1003,878,934,963
"152",919,1115,1092,998,876,926,988
"153",917,1121,1083,992,901,917,1014
"154",915,1127,1073,987,926,909,1068
"155",912,1133,1064,996,951,901,993
"156",910,1139,1054,1006,947,893,1026
"157",908,1117,1045,1015,944,874,1059
"158",906,1095,1064,1024,940,856,1061
"159",904,1073,1082,1090,937,870,1062
"160",901,1067,1101,1034,933,884,1064
"161",899,1062,1128,1009,929,898,1066
"162",843,1056,1102,984,926,912,1068
"163",918,1050,1076,959,922,951,1069
"164",932,1045,1050,968,919,990,1071
"165",947,1039,1086,977,915,960,1073
"166",962,1034,1095,985,975,930,1075
"167",976,1028,1104,994,917,949,1076
"168",958,1022,1112,1003,873,968,1078
"169",941,1017,1121,1013,866,986,1080
"170",920,1011,1046,1023,860,1005,1082
"171",900,1005,1037,1034,854,1046,1083
"172",915,1000,1027,1044,847,1037,1085
"173",931,994,1018,1054,926,1027,1054
"174",946,1008,1008,1064,939,1018,1024
"175",962,1021,999,1111,952,1008,1006
"176",977,1034,990,1034,966,999,988
"177",997,1048,981,1020,979,989,970
"178",1017,1018,972,1005,992,980,984
"179",1037,988,963,990,985,1009,997
"180",1053,977,954,976,978,1038,1010
"181",1069,966,945,982,971,1052,1024
"182",1085,956,962,989,963,1067,976
"183",1091,945,978,996,956,1081,987
"184",1097,895,995,1002,949,1068,997
"185",1104,876,1045,1008,942,1055,1008
"186",1110,856,1030,1015,926,1043,1019
"187",1116,875,1015,994,911,1030,1029
"188",1102,894,1000,972,943,1017,1040
"189",1087,912,985,951,975,1025,1053
"190",1073,931,970,975,986,1032,1067
"191",1058,918,930,999,998,1040,1080
"192",1044,906,940,1023,1009,1047,1087
"193",1061,893,950,994,1021,1055,1094
"194",1079,890,960,966,1032,1029,1100
"195",1096,888,970,949,1041,1003,1107
"196",1105,886,980,932,1049,973,1114
"197",1114,883,990,958,1058,943,1102
"198",1122,880,972,984,1067,891,1090
"199",1131,878,955,957,1076,884,1077
"200",1124,876,1009,930,1084,877,1065
"201",1118,873,1024,924,1093,870,1053
"202",1111,870,1040,918,1072,863,1081
"203",1104,868,1056,912,1052,854,1106
"204",1097,904,1071,906,1031,844,1120
"205",1090,940,1076,899,959,835,1133
"206",1084,956,1081,893,996,826,1146
"207",1077,973,1087,887,1012,839,1160
"208",1096,989,1092,881,1029,853,1148
"209",1115,951,1097,890,1046,866,1136
"210",1049,918,1102,898,1062,880,1124
"211",1033,884,1108,907,1076,893,1111
"212",1018,879,1113,915,1090,865,1099
"213",1002,875,1118,924,1092,908,1087
"214",980,870,1109,932,1094,950,1075
"215",959,865,1099,941,1096,890,1052
"216",937,860,1090,975,1097,955,1030
"217",916,856,1081,1009,1099,965,1007
"218",896,851,1072,1042,1101,975,1029
"219",875,913,1062,1030,1103,985,1050
"220",871,898,1053,1018,1105,995,1072
"221",866,884,1077,1006,1106,1005,1101
"222",862,881,1101,994,1108,1015,1096
"223",857,878,1031,983,1110,1025,1091
"224",853,875,1017,971,1112,1027,1086
"225",886,872,1002,960,1146,1029,1080
"226",918,869,988,895,1155,1031,1075
"227",912,866,973,888,1164,1033,1070
"228",906,938,959,880,1184,1034,1065
"229",899,949,950,873,1205,1036,1060
"230",893,960,940,866,1224,1038,1076
"231",887,971,959,858,1203,1040,1091
"232",873,982,977,851,1182,1042,1078
"233",860,926,996,869,1160,1044,1066
"234",846,1011,972,888,1139,1046,1054
"235",832,1020,948,906,1147,1048,1041
"236",904,1029,924,900,1156,1050,1028
"237",979,1038,914,895,1164,1051,1016
"238",956,1047,903,889,1172,1053,983
"239",934,1056,892,883,1175,1055,1004
"240",930,1051,882,878,1179,1057,1025
"241",926,1046,906,872,1182,1059,1040
"242",922,1041,931,843,1185,1022,1054
"243",918,1036,955,859,1189,986,1068
"244",914,1031,933,876,1192,966,1081
"245",907,1026,912,892,1198,945,1095
"246",900,1021,890,908,1205,936,1110
"247",894,1016,919,904,1211,926,1125
"248",887,1011,948,899,1168,913,1140
"249",880,1030,977,895,1124,901,1128
"250",874,1049,983,890,1135,888,1116
"251",867,1025,989,886,1146,915,1104
"252",860,1001,994,922,1154,942,1092
"253",888,977,1000,958,1163,930,1080
"254",916,970,1006,933,1171,919,1068
"255",944,963,1012,909,1158,907,1056
"256",992,956,1017,885,1145,896,1063
"257",966,950,1023,943,1132,884,1069
"258",940,943,1029,952,1120,919,1076
"259",958,936,959,962,1107,954,1083
"260",977,929,1036,971,1094,963,1090
"261",995,922,1012,980,1078,972,1096
"262",999,907,989,990,1063,981,1103
"263",1004,892,933,999,1047,990,1086
"264",1008,877,944,1011,1032,999,1068
"265",1013,955,954,1023,1016,984,1050
"266",1017,1025,964,1036,1006,969,1033
"267",1021,1004,975,1048,996,954,1078
"268",1026,983,986,1060,986,943,1017
"269",1030,962,996,1064,976,932,1042
"270",1035,958,1008,1068,966,921,1067
"271",1039,955,1021,1072,987,910,1076
"272",1062,952,1033,1076,1008,868,1085
"273",1085,948,1046,1080,962,863,1093
"274",1023,944,1058,1083,968,858,1102
"275",979,941,1049,1087,974,853,1111
"276",966,938,1039,1091,980,848,1131
"277",953,934,1030,1095,986,875,1159
"278",940,926,1021,1099,991,902,1149
"279",924,917,1011,1018,997,929,1139
"280",909,908,1002,1074,1003,942,1129
"281",893,900,1008,1044,1009,954,1120
"282",905,892,1015,1015,1068,967,1110
"283",918,883,1021,1050,1043,980,1100
"284",930,920,1027,1084,1019,959,1090
"285",943,957,1033,1087,994,939,1077
"286",955,935,1040,1090,1010,918,1065
"287",977,913,1046,1093,1026,910,1052
"288",999,869,1057,1097,1041,902,1040
"289",999,862,1068,1100,1057,893,1027
"290",999,854,1079,1103,1047,885,1013
"291",999,847,1100,1106,1036,877,998
"292",999,847,1122,1106,1026,869,984
"293",999,847,1163,1106,1016,861,984
"294",999,847,1163,1106,1048,853,984
