"","3","1","4","6","7","5","2"
"1",1050,950,1000,1000,1000,1000,1000
"2",1058,969,1050,950,1022,981,990
"3",1066,988,1043,907,1043,962,981
"4",1073,1007,1036,892,1061,943,971
"5",1081,997,1028,876,1080,962,961
"6",1026,987,1021,886,1098,982,952
"7",1014,977,1014,895,1120,1001,942
"8",1003,967,1007,905,1141,988,956
"9",992,957,1057,914,1143,974,970
"10",980,971,1103,924,1146,961,983
"11",925,985,1110,933,1148,947,997
"12",913,999,1117,943,1150,934,969
"13",900,1013,1124,958,1153,950,941
"14",888,993,1131,973,1155,967,913
"15",876,973,1114,988,1157,983,906
"16",885,953,1096,1003,1160,1006,899
"17",893,948,1078,990,1162,1030,892
"18",902,944,1061,977,1180,1053,908
"19",911,939,1047,964,1197,1018,924
"20",920,934,1032,951,1216,1012,941
"21",928,923,1018,938,1217,1005,957
"22",937,912,1003,949,1218,999,896
"23",945,900,989,960,1219,992,968
"24",954,889,972,970,1220,986,1013
"25",962,846,955,981,1221,980,1030
"26",970,839,938,1032,1222,973,1047
"27",979,831,913,1047,1224,967,1064
"28",987,824,888,1061,1225,949,1074
"29",943,816,896,1076,1226,932,1085
"30",980,809,904,1057,1227,914,1095
"31",993,880,911,1038,1228,896,1105
"32",1006,889,919,1020,1229,883,1115
"33",1018,898,927,1001,1193,958,1126
"34",1031,906,935,986,1157,953,1136
"35",1044,915,943,972,1186,948,1145
"36",1057,924,950,958,1109,943,1155
"37",1066,932,958,944,1070,937,1164
"38",1075,941,966,941,1031,932,1167
"39",1084,950,982,938,961,927,1170
"40",1093,926,998,935,954,922,1173
"41",1087,902,1014,931,948,904,1177
"42",1081,937,1051,928,941,885,1180
"43",1074,972,981,925,934,906,1183
"44",1068,983,950,922,928,927,1186
"45",1062,994,918,908,921,948,1204
"46",1056,1004,933,893,914,939,1223
"47",1063,1015,948,879,907,931,1215
"48",1070,1030,963,834,901,922,1206
"49",1078,1045,958,901,894,913,1198
"50",1085,1060,954,872,888,904,1190
"51",1025,1075,949,902,881,896,1181
"52",1033,1088,944,933,874,887,1173
"53",1040,1101,940,938,868,877,1164
"54",1048,1168,935,942,860,866,1156
"55",1056,1170,931,947,851,856,1161
"56",1093,1173,926,952,843,849,1165
"57",1095,1175,947,956,834,842,1170
"58",1097,1178,968,961,826,836,1151
"59",1100,1180,993,966,802,830,1132
"60",1102,1162,1019,970,777,879,1113
"61",1104,1145,1044,975,770,875,1094
"62",1106,1127,1031,980,764,871,1050
"63",1113,1110,1018,985,852,866,1006
"64",1120,1092,1006,989,940,862,1001
"65",1127,1098,993,994,972,858,996
"66",1102,1104,980,999,1004,893,990
"67",1077,1110,994,1003,934,928,985
"68",1052,1116,1007,1008,917,925,980
"69",1086,1122,1020,981,900,921,975
"70",1095,1128,1034,954,911,918,970
"71",1104,1134,992,991,922,914,964
"72",1114,1060,1018,1028,934,911,959
"73",1123,1037,1044,1006,945,908,954
"74",1132,1014,1060,983,956,904,945
"75",1145,998,1077,961,967,901,937
"76",1158,983,1094,953,962,897,928
"77",1092,968,1110,945,957,894,959
"78",1085,952,1101,937,952,890,990
"79",1078,942,1091,929,946,887,1031
"80",1070,932,1082,921,941,914,1071
"81",1063,921,1072,866,936,942,1089
"82",1056,911,1063,885,931,968,1107
"83",1049,901,1053,904,924,993,1100
"84",1041,896,1044,922,917,1059,1094
"85",1034,891,1031,941,911,984,1087
"86",1027,886,1018,957,904,1049,1081
"87",993,880,1006,973,897,1083,1074
"88",959,875,993,989,965,1076,1068
"89",950,870,980,1005,960,1068,1061
"90",940,865,992,1041,955,1061,1055
"91",931,852,1004,1100,950,1054,1048
"92",921,839,1015,1104,944,1047,1074
"93",912,864,1027,1109,939,1039,1100
"94",920,889,1041,1114,934,1032,1125
"95",929,914,1054,1118,929,957,1112
"96",937,902,1068,1122,924,979,1099
"97",945,889,1036,1127,897,1000,1086
"98",954,876,1003,1132,923,1022,1072
"99",962,864,1013,1136,950,1024,1059
"100",955,848,1024,1141,976,1027,1046
"101",948,833,1034,1146,962,1029,1070
"102",941,850,986,1150,948,1032,1094
"103",934,868,996,1155,935,1034,1058
"104",1005,885,1006,1138,921,1036,1023
"105",1028,902,1015,1120,907,1039,1036
"106",1052,892,1025,1102,868,1041,1048
"107",1075,882,1000,1085,861,1044,1060
"108",1063,872,975,1066,854,1046,1073
"109",1052,862,1015,1046,846,1049,1082
"110",1040,901,1034,1026,839,1051,1092
"111",1029,940,1054,1007,846,1035,1101
"112",1017,960,1073,1012,852,1020,1111
"113",986,981,1075,1018,859,1004,1120
"114",956,1001,1077,1023,865,976,1098
"115",1013,1034,1079,1028,872,947,1076
"116",1002,1067,1081,1033,878,930,1054
"117",991,1101,1083,1039,885,913,1069
"118",980,1086,1085,1044,891,876,1083
"119",969,1071,1087,1023,898,872,1098
"120",976,1056,1089,1002,904,868,1140
"121",983,1041,1091,930,911,864,1150
"122",990,1026,1093,923,986,860,1159
"123",996,1030,1095,916,957,856,1169
"124",1003,1034,1097,909,941,852,1152
"125",1010,1038,1125,902,925,847,1134
"126",1017,1042,1131,894,909,842,1116
"127",1087,1046,1137,886,889,838,1099
"128",1079,1050,1143,878,868,833,1118
"129",1071,1054,1150,870,848,894,1108
"130",1063,1058,1156,862,836,862,1098
"131",1055,1081,1162,854,825,890,1089
"132",1048,1060,1168,846,843,918,1079
"133",1040,1038,1174,820,860,913,1069
"134",1032,1017,1179,793,878,907,1062
"135",1024,996,1184,878,874,902,1054
"136",1016,1009,1189,863,871,896,1047
"137",1008,1022,1196,942,868,891,1039
"138",1027,1034,1203,955,864,885,1032
"139",1046,1047,1177,969,901,880,1024
"140",972,1060,1152,982,938,890,1017
"141",960,1073,1126,996,950,901,1009
"142",948,1091,1101,1009,962,911,1002
"143",936,1109,1076,1003,973,922,982
"144",1011,1116,1051,997,985,932,963
"145",995,1123,1014,991,997,943,943
"146",980,1130,978,985,1004,953,929
"147",964,1137,968,979,1011,938,915
"148",948,1131,958,973,1018,922,978
"149",932,1124,948,967,1025,907,1024
"150",916,1118,938,961,1033,927,1072
"151",900,1111,928,1009,1040,947,1082
"152",890,1105,918,1019,1047,967,1091
"153",880,1099,889,1029,1054,981,1101
"154",869,1092,904,1039,1061,994,1037
"155",859,1086,918,1049,1054,1008,1058
"156",853,1079,933,1059,1046,958,1080
"157",847,1073,947,1022,1038,980,1101
"158",840,1040,962,986,1031,1002,1097
"159",834,1007,990,1001,1024,1024,1092
"160",828,951,1018,1016,1016,1028,1088
"161",822,988,1022,1031,1008,1032,1084
"162",813,967,1027,1046,1001,1036,1080
"163",805,946,1031,1088,1014,1040,1075
"164",796,966,1036,1096,1027,1044,1071
"165",774,987,1040,1104,996,1048,1067
"166",772,1007,1060,1112,966,1052,1062
"167",769,1003,1080,1121,926,1056,1058
"168",767,998,1056,1129,890,1060,1054
"169",765,994,1031,1137,880,1064,1050
"170",763,990,1061,1156,871,1068,1045
"171",760,986,1091,1166,867,1072,1041
"172",758,981,1094,1176,862,1076,1046
"173",750,977,1097,1186,858,1070,1052
"174",742,987,1100,1188,854,1063,1057
"175",722,997,1104,1191,849,1057,1070
"176",721,984,1107,1194,845,1050,1083
"177",720,972,1110,1196,826,1044,1102
"178",719,959,1132,1198,840,1037,1121
"179",718,942,1155,1201,853,1031,1140
"180",717,925,1158,1204,867,993,1159
"181",716,908,1161,1206,880,985,1150
"182",711,891,1167,1208,894,976,1142
"183",706,882,1172,1211,900,968,1133
"184",700,874,1178,1232,907,955,1125
"185",695,890,1179,1254,914,943,1116
"186",690,906,1180,1255,920,930,1121
"187",688,921,1181,1256,936,918,1126
"188",679,937,1182,1236,952,905,1131
"189",669,951,1183,1217,968,857,1136
"190",660,966,1184,1197,962,885,1141
"191",709,980,1185,1178,955,842,1146
"192",758,1017,1186,1158,949,840,1151
"193",753,1054,1187,1084,943,837,1156
"194",747,1073,1188,1039,936,835,1161
"195",742,1092,1189,1043,930,832,1139
"196",736,1084,1190,1048,944,830,1117
"197",731,1077,1191,1052,957,874,1095
"198",729,1069,1192,1057,930,918,1073
"199",728,1062,1194,1061,902,973,1086
"200",726,1054,1195,1066,886,966,1100
"201",723,1047,1199,1070,871,958,1113
"202",721,1039,1204,1082,912,951,1126
"203",718,1043,1208,1095,953,943,1044
"204",716,1048,1213,1107,950,936,1015
"205",713,1052,1217,1116,946,931,985
"206",801,1036,1222,1126,943,926,956
"207",808,1021,1226,1136,939,921,984
"208",814,1024,1243,1145,936,915,1012
"209",821,1027,1159,1154,953,910,1040
"210",828,1031,1102,1164,970,905,1058
"211",835,1034,1085,1174,988,900,1076
"212",842,1037,1068,1183,1005,892,1007
"213",848,1040,1052,1193,1024,884,978
"214",855,1044,1035,1168,1042,876,1045
"215",862,1047,1067,1143,1061,868,1025
"216",868,1050,1096,1118,1080,862,1004
"217",875,1053,1124,1061,1088,856,984
"218",882,1057,1127,1068,1095,851,964
"219",873,1060,1131,1074,1103,845,943
"220",865,1063,1134,1080,1114,829,922
"221",856,1048,1138,1087,1125,813,926
"222",904,1034,1141,1098,1136,797,929
"223",924,1019,1145,1109,1147,786,933
"224",944,1041,1148,1120,1120,775,937
"225",964,997,1152,1131,1094,774,941
"226",984,971,1155,1133,1067,772,944
"227",1036,945,1159,1134,1084,771,948
"228",998,934,1162,1136,1100,769,952
"229",1012,923,1184,1138,1116,768,955
"230",1025,949,1118,1139,1133,766,959
"231",1039,975,1104,1141,1110,765,963
"232",1052,1001,1090,1063,1088,760,966
"233",1066,1008,1075,1050,1065,755,970
"234",1123,1014,1061,1038,1082,750,974
"235",1130,1021,1068,1026,1098,745,978
"236",1136,1012,1076,1013,1115,768,981
"237",1143,1003,1083,950,1085,790,985
"238",1150,995,1090,923,1055,812,1002
"239",1151,986,1098,940,1025,835,1018
"240",1152,977,1105,956,1017,827,1034
"241",1153,972,1039,972,1010,820,1051
"242",1154,968,973,989,1002,812,1062
"243",1156,963,1004,1002,994,804,1074
"244",1157,958,990,1015,987,778,1086
"245",1158,954,977,1019,979,774,1097
"246",1159,949,964,1023,1006,769,1117
"247",1130,944,950,1027,1033,767,1136
"248",1100,940,944,1031,1054,765,1156
"249",1114,935,938,1036,1075,764,1159
"250",1128,907,932,1040,1077,762,1162
"251",1143,948,927,1044,1078,760,1165
"252",1157,989,921,1048,1080,778,1083
"253",1172,1004,915,1052,1082,795,1039
"254",1150,1018,909,1056,1083,812,1044
"255",1128,1033,839,1026,1085,830,1049
"256",1105,1048,831,997,1086,874,1054
"257",1083,1060,824,1010,1088,919,1059
"258",1078,1071,816,1023,1090,900,1064
"259",1073,1056,807,1036,1091,880,1069
"260",1067,1042,798,1024,1093,918,1074
"261",1062,1028,794,1011,1016,957,1079
"262",1057,1013,789,998,1074,953,1084
"263",1052,1031,785,986,1100,949,1089
"264",1047,1048,781,982,1126,945,1037
"265",1041,1066,776,977,1131,941,984
"266",1036,1092,772,973,1136,937,1010
"267",1031,1118,770,968,1142,933,1023
"268",1023,1146,767,964,1147,929,1036
"269",1014,1147,765,959,1152,890,1049
"270",1006,1147,762,955,1157,889,1054
"271",998,1148,760,933,1190,887,1059
"272",1042,1148,757,911,1177,886,1064
"273",1059,1149,755,901,1164,885,1070
"274",1073,1149,741,890,1151,884,1075
"275",1093,1150,739,880,1138,882,1080
"276",1113,1150,736,875,1125,881,1145
"277",1133,1151,734,870,1130,880,1085
"278",1142,1151,732,866,1134,878,1089
"279",1152,1152,726,861,1137,877,1092
"280",1144,1152,721,838,1140,876,1096
"281",1136,1153,714,814,1143,875,1104
"282",1128,1162,784,791,1146,873,1112
"283",1121,1171,781,781,1149,872,1120
"284",1113,1194,778,770,1152,854,1128
"285",1105,1218,774,760,1142,874,1136
"286",1114,1220,771,750,1132,895,1144
"287",1122,1223,768,745,1122,891,1152
"288",1130,1263,764,742,1112,886,1160
"289",1139,1191,761,740,1095,882,1168
"290",1148,1191,758,737,1078,878,1185
"291",1156,1191,755,735,1061,873,1185
"292",1164,1191,752,732,1074,867,1185
"293",1172,1191,748,732,1074,862,1185
"294",1172,1191,745,732,1074,901,1185
