"","7","5","6","3","4","1","2"
"1",1050,950,1000,1000,1000,1000,1000
"2",1033,925,1050,950,1012,1010,1007
"3",1017,900,1075,1000,1025,1020,1014
"4",1000,906,1100,983,1038,1030,1022
"5",950,912,1088,967,1050,1040,1029
"6",944,917,1077,950,1033,1050,1036
"7",938,923,1065,907,1017,1075,1043
"8",932,929,1054,895,1000,1100,1072
"9",926,934,1042,883,1008,1115,1101
"10",920,940,1034,871,1016,1130,1086
"11",968,946,1027,859,1023,1140,1071
"12",973,952,1019,828,1031,1149,1056
"13",978,958,1012,827,1091,1158,1041
"14",984,963,1004,825,1074,1168,1006
"15",989,969,993,824,1058,1180,972
"16",994,1002,982,823,1041,1192,948
"17",999,1036,970,821,1024,1179,936
"18",1005,1081,959,820,1044,1166,924
"19",1010,1103,918,818,1065,1153,913
"20",1015,1124,924,817,1054,1140,901
"21",1029,1146,930,816,1042,1127,892
"22",1044,1165,936,814,1031,1134,882
"23",1058,1170,942,813,1019,1142,878
"24",1072,1174,948,795,1008,1148,873
"25",1065,1179,954,777,1018,1154,868
"26",1058,1183,942,794,1028,1160,864
"27",1052,1188,931,810,1037,1154,859
"28",1045,1205,892,827,1047,1148,853
"29",1038,1222,886,843,1006,1142,848
"30",1052,1232,880,860,964,1137,842
"31",1065,1242,874,855,980,1131,837
"32",1071,1253,868,851,997,1125,804
"33",1076,1263,861,846,980,1119,818
"34",1082,1264,855,842,964,1152,832
"35",1088,1265,849,837,961,1154,845
"36",1082,1265,843,782,958,1156,859
"37",1075,1266,837,780,956,1158,914
"38",1068,1267,833,778,953,1161,919
"39",1062,1281,828,772,950,1163,925
"40",1056,1281,824,765,946,1165,930
"41",1049,1281,864,759,942,1204,935
"42",970,1282,903,752,938,1175,941
"43",960,1282,946,746,934,1147,946
"44",950,1282,989,740,930,1118,971
"45",940,1282,976,734,926,1148,997
"46",952,1282,962,727,922,1072,1022
"47",965,1282,949,721,918,1077,1035
"48",1018,1282,936,714,914,1081,1049
"49",1015,1283,947,706,910,1086,1062
"50",1011,1283,958,699,901,1091,1068
"51",1008,1283,955,697,891,1095,1073
"52",1004,1292,952,696,882,1100,1079
"53",1001,1300,950,695,891,1094,1085
"54",996,1311,947,694,900,1088,1090
"55",990,1322,913,693,909,1083,1096
"56",985,1334,924,692,918,1077,1136
"57",979,1254,935,692,927,1079,1176
"58",974,1256,946,691,936,1081,1203
"59",911,1258,957,690,945,1082,1204
"60",907,1260,968,689,890,1084,1204
"61",903,1261,973,688,902,1086,1204
"62",899,1263,979,664,914,1091,1205
"63",896,1265,984,662,903,1097,1206
"64",892,1286,990,661,916,1102,1206
"65",888,1307,995,669,929,1108,1164
"66",884,1312,1001,677,941,1113,1168
"67",846,1316,1006,686,954,1123,1173
"68",834,1321,942,694,967,1133,1177
"69",821,1326,931,702,937,1143,1182
"70",809,1330,920,710,934,1129,1186
"71",797,1335,926,719,932,1115,1187
"72",784,1343,933,727,929,1100,1188
"73",772,1344,940,735,941,1084,1190
"74",771,1344,946,709,953,1069,1191
"75",770,1345,945,740,965,1054,1192
"76",763,1346,944,770,978,1038,1193
"77",758,1348,943,801,990,1023,1206
"78",754,1349,941,820,1002,996,1220
"79",749,1350,940,840,1014,1004,1135
"80",744,1352,939,859,1033,1013,1142
"81",743,1353,938,879,1041,1021,1148
"82",742,1256,917,898,1049,1030,1155
"83",741,1247,896,882,1057,1038,1162
"84",740,1239,884,866,1065,1033,1168
"85",739,1230,873,856,1025,1028,1175
"86",738,1221,861,847,1040,1022,1181
"87",749,1212,850,837,1054,1017,1191
"88",759,1204,838,895,1035,1012,1202
"89",770,1195,822,886,1016,1007,1212
"90",781,1186,806,876,997,1064,1214
"91",791,1177,790,867,1007,1092,1215
"92",802,1169,774,865,1018,1097,1217
"93",794,1160,870,863,1028,1102,1218
"94",787,1164,868,860,1039,1107,1220
"95",778,1169,866,858,1049,1097,1221
"96",788,1132,863,856,1060,1086,1223
"97",799,1096,861,877,1070,1076,1228
"98",809,1122,859,898,1074,1065,1234
"99",819,1148,854,920,1078,1055,1210
"100",829,1063,850,941,1082,1059,1185
"101",840,1136,845,905,1085,1064,1161
"102",850,1142,841,869,1089,1068,1163
"103",843,1149,836,863,1093,1073,1164
"104",837,1155,814,858,1103,1077,1166
"105",830,1162,812,852,1113,1088,1168
"106",822,1168,811,846,1121,1100,1169
"107",814,1175,809,842,1129,1078,1171
"108",813,1181,807,837,1119,1055,1172
"109",811,1186,806,833,1108,1051,1174
"110",810,1191,804,841,1098,1047,1187
"111",809,1232,803,850,1088,1043,1199
"112",807,1201,802,858,1050,1039,1212
"113",806,1170,801,867,1044,1035,1220
"114",899,1139,801,875,1038,1031,1234
"115",870,1156,800,884,1032,1027,1248
"116",840,1172,799,892,1026,1036,1251
"117",855,1188,798,889,1021,1045,1254
"118",869,1205,776,886,1015,1054,1188
"119",884,1212,754,882,1009,1062,1189
"120",878,1218,783,879,1003,1071,1190
"121",872,1205,813,894,997,1080,1192
"122",866,1192,842,909,1005,992,1193
"123",861,1179,797,924,1013,1004,1194
"124",855,1167,773,945,1021,1015,1195
"125",849,1154,766,966,990,1027,1197
"126",894,1141,759,987,958,1043,1198
"127",939,1128,752,978,975,1059,1199
"128",967,1096,745,969,992,1075,1200
"129",964,1064,773,960,1009,1091,1201
"130",962,1068,801,952,1026,1023,1203
"131",959,1072,829,943,942,986,1204
"132",956,1076,904,934,958,948,1205
"133",953,1081,966,925,974,942,1206
"134",950,1085,960,877,990,936,1208
"135",948,1089,954,852,1002,929,1209
"136",945,1072,949,849,1014,923,1210
"137",958,1056,943,847,1025,917,1243
"138",970,1026,937,844,1037,910,1251
"139",982,997,932,840,1049,904,1253
"140",995,1020,926,835,1063,898,1255
"141",974,1043,920,831,1077,894,1258
"142",953,1048,916,826,1091,891,1260
"143",962,1053,913,822,1116,887,1262
"144",970,1058,909,818,1140,897,1273
"145",979,1062,907,813,1165,906,1199
"146",988,1067,904,809,1150,916,1204
"147",980,1072,902,770,1134,926,1208
"148",973,1077,900,767,1118,892,1213
"149",966,1139,898,764,1103,900,1218
"150",958,1169,896,761,1109,908,1223
"151",950,1178,893,758,1115,916,1228
"152",941,1187,891,757,1096,923,1232
"153",932,1188,897,756,1077,931,1237
"154",924,1190,903,754,1111,939,1223
"155",869,1192,909,753,1115,947,1209
"156",860,1193,914,752,1119,940,1195
"157",850,1249,920,750,1123,934,1181
"158",841,1250,926,748,1126,927,1201
"159",831,1251,932,746,1130,934,1207
"160",822,1252,938,737,1134,940,1208
"161",801,1253,911,729,1138,946,1209
"162",779,1254,930,720,1125,953,1210
"163",758,1255,948,784,1111,925,1210
"164",756,1256,967,771,1098,897,1211
"165",754,1258,993,758,1085,924,1212
"166",752,1259,986,757,1071,950,1213
"167",772,1260,978,757,1058,977,1224
"168",791,1261,971,756,1069,968,1235
"169",810,1262,932,756,1080,959,1253
"170",830,1263,893,755,1091,952,1254
"171",828,1264,891,755,1102,944,1256
"172",825,1238,888,754,1113,949,1257
"173",823,1213,886,748,1124,954,1264
"174",820,1187,884,742,1135,959,1284
"175",816,1148,882,735,1139,964,1303
"176",813,1152,880,729,1144,969,1308
"177",810,1156,877,736,1148,976,1313
"178",800,1161,875,743,1166,984,1318
"179",791,1165,858,750,1156,991,1324
"180",781,1166,882,758,1145,998,1329
"181",767,1166,906,765,1135,982,1334
"182",752,1167,929,772,1166,967,1286
"183",738,1168,953,779,1168,974,1239
"184",724,1169,967,786,1170,982,1240
"185",722,1170,981,758,1171,989,1240
"186",720,1170,968,751,1173,997,1241
"187",718,1171,955,748,1165,1004,1241
"188",709,1178,942,744,1157,1012,1242
"189",699,1186,929,742,1149,1019,1242
"190",690,1194,912,740,1141,1024,1243
"191",680,1202,894,764,1133,1028,1283
"192",671,1210,877,787,1135,1033,1270
"193",668,1218,860,856,1136,1038,1257
"194",666,1226,845,842,1138,1042,1245
"195",665,1234,830,828,1125,1047,1232
"196",665,1242,814,827,1113,1063,1219
"197",664,1244,799,826,1100,1078,1223
"198",740,1246,784,824,1088,1094,1227
"199",735,1248,783,823,1075,1110,1232
"200",730,1249,782,822,1078,1120,1236
"201",730,1251,780,821,1081,1124,1240
"202",729,1256,779,819,1083,1127,1244
"203",728,1261,768,817,1086,1131,1249
"204",728,1265,754,814,1089,1112,1253
"205",728,1270,753,812,1084,1093,1257
"206",727,1275,751,810,1079,1084,1260
"207",731,1279,750,808,1074,1074,1264
"208",735,1284,747,805,1069,1065,1268
"209",739,1309,745,803,1064,1062,1272
"210",743,1320,742,801,1084,1058,1276
"211",747,1330,740,800,1063,1055,1281
"212",751,1311,737,800,1076,1052,1285
"213",754,1293,730,799,1051,1049,1289
"214",758,1274,722,799,1067,1045,1345
"215",762,1297,715,798,1084,1042,1348
"216",766,1299,708,798,1100,993,1350
"217",770,1301,701,797,1102,988,1353
"218",774,1301,693,791,1103,982,1356
"219",778,1302,686,785,1104,990,1356
"220",778,1302,671,779,1106,997,1357
"221",777,1302,664,773,1108,1021,1358
"222",776,1303,657,771,1109,1027,1358
"223",776,1303,649,783,1110,1034,1360
"224",757,1303,642,795,1112,1040,1360
"225",754,1303,635,807,1114,1039,1360
"226",752,1304,634,792,1115,1037,1361
"227",750,1304,634,773,1120,1036,1361
"228",747,1304,634,755,1125,1034,1363
"229",803,1305,634,736,1122,1033,1365
"230",799,1305,633,730,1120,1031,1368
"231",797,1306,633,724,1117,1030,1370
"232",795,1310,633,718,1114,1028,1372
"233",806,1310,632,712,1112,1027,1374
"234",816,1311,632,706,1109,1019,1385
"235",826,1327,640,700,1107,1011,1396
"236",837,1306,648,694,1104,1014,1406
"237",835,1284,656,694,1101,1016,1417
"238",834,1298,665,693,1099,1019,1418
"239",832,1313,673,686,1096,1021,1418
"240",830,1280,681,680,1081,1024,1418
"241",829,1247,689,623,1066,1044,1418
"242",827,1214,685,722,1051,1064,1418
"243",826,1216,682,731,1036,1084,1418
"244",824,1217,678,740,1047,1087,1418
"245",822,1219,678,748,1045,1089,1418
"246",821,1220,670,757,1042,1092,1421
"247",819,1222,662,766,1040,1110,1424
"248",808,1224,654,775,1038,1111,1427
"249",797,1225,645,784,1060,1113,1428
"250",830,1227,637,792,1031,1114,1428
"251",828,1228,648,801,1001,1115,1429
"252",828,1230,660,810,972,1117,1432
"253",827,1231,671,808,967,1118,1434
"254",827,1233,683,805,948,1119,1434
"255",827,1240,694,803,913,1120,1435
"256",827,1241,706,873,878,1122,1435
"257",826,1242,717,793,875,1123,1436
"258",826,1242,716,793,872,1124,1436
"259",832,1243,714,792,869,1126,1436
"260",837,1280,713,792,866,1127,1437
"261",843,1318,704,791,863,1128,1362
"262",849,1320,696,791,860,1130,1364
"263",854,1323,688,785,857,1131,1365
"264",860,1325,679,779,866,1090,1367
"265",943,1328,666,773,874,1048,1368
"266",958,1330,653,767,883,1042,1370
"267",973,1333,651,761,898,1037,1371
"268",952,1335,650,752,914,1031,1372
"269",932,1336,648,744,930,1048,1374
"270",911,1338,647,741,945,1052,1375
"271",909,1339,645,738,946,1056,1377
"272",906,1341,643,735,947,1042,1378
"273",904,1342,642,732,948,1050,1380
"274",894,1342,640,729,949,1057,1381
"275",885,1342,638,741,950,1064,1383
"276",875,1342,620,754,951,1093,1384
"277",881,1342,601,766,952,1084,1386
"278",886,1342,601,766,953,1074,1387
"279",892,1312,584,766,954,1064,1389
"280",890,1281,574,765,955,1055,1390
"281",887,1251,574,765,1046,1046,1392
"282",884,1269,574,765,1103,1036,1393
"283",882,1286,574,765,1086,1031,1395
"284",880,1304,574,765,1090,1026,1405
"285",877,1322,574,765,1094,1018,1334
"286",874,1337,574,764,1098,1011,1334
"287",872,1338,574,764,1103,1011,1334
"288",870,1339,574,764,1107,1011,1334
"289",867,1342,574,763,1111,1011,1335
"290",862,1344,574,763,1114,1011,1336
"291",830,1344,574,762,1117,1011,1336
"292",798,1344,574,826,1121,1011,1338
"293",795,1344,574,818,1124,1011,1339
"294",795,1344,574,810,1127,1011,1339
