participant_number,,,,,,,,,,
1,ij2825oo,,,,,,,,,
2,odfwzomd,,,,,,,,,
session,participant_code,round_number,participant_number,left_stimuli,right_stimuli,response,loser,answered_time,payoff_round,total_payoff
uv19bgbf,ij2825oo,1,1,7,4,4,7,2339,0,2650
uv19bgbf,odfwzomd,1,2,7,4,7,4,3250,0,2650
uv19bgbf,ij2825oo,2,1,7,3,7,3,1348,10,2650
uv19bgbf,odfwzomd,2,2,3,7,7,3,2128,10,2650
uv19bgbf,ij2825oo,3,1,1,3,1,3,1496,0,2650
uv19bgbf,odfwzomd,3,2,1,3,3,1,2940,0,2650
uv19bgbf,ij2825oo,4,1,5,2,5,2,1723,10,2650
uv19bgbf,odfwzomd,4,2,5,2,5,2,3526,10,2650
uv19bgbf,ij2825oo,5,1,6,4,4,6,1766,0,2650
uv19bgbf,odfwzomd,5,2,6,4,6,4,2017,0,2650
uv19bgbf,ij2825oo,6,1,4,5,5,4,1402,10,2650
uv19bgbf,odfwzomd,6,2,4,5,5,4,2671,10,2650
uv19bgbf,ij2825oo,7,1,7,1,7,1,1297,10,2650
uv19bgbf,odfwzomd,7,2,1,7,7,1,1587,10,2650
uv19bgbf,ij2825oo,8,1,2,1,1,2,1195,10,2650
uv19bgbf,odfwzomd,8,2,1,2,1,2,1783,10,2650
uv19bgbf,ij2825oo,9,1,5,7,5,7,1598,10,2650
uv19bgbf,odfwzomd,9,2,7,5,5,7,2742,10,2650
uv19bgbf,ij2825oo,10,1,4,2,4,2,1048,10,2650
uv19bgbf,odfwzomd,10,2,2,4,4,2,1394,10,2650
uv19bgbf,ij2825oo,11,1,2,6,6,2,1599,10,2650
uv19bgbf,odfwzomd,11,2,6,2,6,2,1810,10,2650
uv19bgbf,ij2825oo,12,1,3,2,3,2,1422,10,2650
uv19bgbf,odfwzomd,12,2,3,2,3,2,1573,10,2650
uv19bgbf,ij2825oo,13,1,7,6,7,6,1136,0,2650
uv19bgbf,odfwzomd,13,2,6,7,6,7,1339,0,2650
uv19bgbf,ij2825oo,14,1,6,1,1,6,1203,0,2650
uv19bgbf,odfwzomd,14,2,1,6,6,1,1554,0,2650
uv19bgbf,ij2825oo,15,1,3,4,4,3,1574,0,2650
uv19bgbf,odfwzomd,15,2,4,3,3,4,2508,0,2650
uv19bgbf,ij2825oo,16,1,2,7,7,2,1516,10,2650
uv19bgbf,odfwzomd,16,2,2,7,7,2,1648,10,2650
uv19bgbf,ij2825oo,17,1,5,6,5,6,1374,10,2650
uv19bgbf,odfwzomd,17,2,6,5,5,6,1857,10,2650
uv19bgbf,ij2825oo,18,1,5,3,5,3,1570,10,2650
uv19bgbf,odfwzomd,18,2,3,5,5,3,1706,10,2650
uv19bgbf,ij2825oo,19,1,5,1,5,1,984,10,2650
uv19bgbf,odfwzomd,19,2,5,1,5,1,1593,10,2650
uv19bgbf,ij2825oo,20,1,4,1,4,1,1396,0,2650
uv19bgbf,odfwzomd,20,2,4,1,1,4,2884,0,2650
uv19bgbf,ij2825oo,21,1,3,6,3,6,1337,0,2650
uv19bgbf,odfwzomd,21,2,6,3,6,3,2085,0,2650
uv19bgbf,ij2825oo,22,1,7,5,5,7,1339,0,2650
uv19bgbf,odfwzomd,22,2,5,7,7,5,1541,0,2650
uv19bgbf,ij2825oo,23,1,5,3,5,3,1108,10,2650
uv19bgbf,odfwzomd,23,2,3,5,5,3,1282,10,2650
uv19bgbf,ij2825oo,24,1,3,4,4,3,1590,10,2650
uv19bgbf,odfwzomd,24,2,4,3,4,3,1862,10,2650
uv19bgbf,ij2825oo,25,1,6,5,5,6,1511,10,2650
uv19bgbf,odfwzomd,25,2,6,5,5,6,1666,10,2650
uv19bgbf,ij2825oo,26,1,5,1,5,1,1079,10,2650
uv19bgbf,odfwzomd,26,2,1,5,5,1,1254,10,2650
uv19bgbf,ij2825oo,27,1,2,1,1,2,1132,10,2650
uv19bgbf,odfwzomd,27,2,1,2,1,2,1582,10,2650
uv19bgbf,ij2825oo,28,1,1,3,1,3,1124,10,2650
uv19bgbf,odfwzomd,28,2,1,3,1,3,1306,10,2650
uv19bgbf,ij2825oo,29,1,3,6,3,6,1088,0,2650
uv19bgbf,odfwzomd,29,2,6,3,6,3,1907,0,2650
uv19bgbf,ij2825oo,30,1,4,6,4,6,1283,0,2650
uv19bgbf,odfwzomd,30,2,4,6,6,4,1843,0,2650
uv19bgbf,ij2825oo,31,1,7,3,7,3,1613,10,2650
uv19bgbf,odfwzomd,31,2,7,3,7,3,1238,10,2650
uv19bgbf,ij2825oo,32,1,4,1,4,1,1760,0,2650
uv19bgbf,odfwzomd,32,2,1,4,1,4,1943,0,2650
uv19bgbf,ij2825oo,33,1,6,7,7,6,1203,10,2650
uv19bgbf,odfwzomd,33,2,7,6,7,6,1349,10,2650
uv19bgbf,ij2825oo,34,1,6,1,1,6,1650,10,2650
uv19bgbf,odfwzomd,34,2,6,1,1,6,1856,10,2650
uv19bgbf,ij2825oo,35,1,4,2,4,2,1502,10,2650
uv19bgbf,odfwzomd,35,2,2,4,4,2,1470,10,2650
uv19bgbf,ij2825oo,36,1,6,2,6,2,1442,10,2650
uv19bgbf,odfwzomd,36,2,2,6,6,2,1622,10,2650
uv19bgbf,ij2825oo,37,1,5,2,5,2,928,10,2650
uv19bgbf,odfwzomd,37,2,2,5,5,2,1253,10,2650
uv19bgbf,ij2825oo,38,1,7,4,4,7,2033,0,2650
uv19bgbf,odfwzomd,38,2,7,4,7,4,1455,0,2650
uv19bgbf,ij2825oo,39,1,3,2,3,2,1501,10,2650
uv19bgbf,odfwzomd,39,2,2,3,3,2,1941,10,2650
uv19bgbf,ij2825oo,40,1,7,1,7,1,1059,10,2650
uv19bgbf,odfwzomd,40,2,7,1,7,1,1360,10,2650
uv19bgbf,ij2825oo,41,1,5,4,5,4,1609,10,2650
uv19bgbf,odfwzomd,41,2,5,4,5,4,2981,10,2650
uv19bgbf,ij2825oo,42,1,7,2,7,2,1810,10,2650
uv19bgbf,odfwzomd,42,2,2,7,7,2,1145,10,2650
uv19bgbf,ij2825oo,43,1,2,1,1,2,1387,10,2650
uv19bgbf,odfwzomd,43,2,2,1,1,2,1733,10,2650
uv19bgbf,ij2825oo,44,1,6,1,1,6,1408,10,2650
uv19bgbf,odfwzomd,44,2,1,6,1,6,1895,10,2650
uv19bgbf,ij2825oo,45,1,6,5,5,6,1370,10,2650
uv19bgbf,odfwzomd,45,2,6,5,5,6,1240,10,2650
uv19bgbf,ij2825oo,46,1,3,1,1,3,1312,10,2650
uv19bgbf,odfwzomd,46,2,1,3,1,3,1380,10,2650
uv19bgbf,ij2825oo,47,1,5,1,5,1,1650,10,2650
uv19bgbf,odfwzomd,47,2,1,5,5,1,2229,10,2650
uv19bgbf,ij2825oo,48,1,3,4,4,3,1057,0,2650
uv19bgbf,odfwzomd,48,2,3,4,3,4,1375,0,2650
uv19bgbf,ij2825oo,49,1,6,3,3,6,2134,0,2650
uv19bgbf,odfwzomd,49,2,6,3,6,3,1516,0,2650
uv19bgbf,ij2825oo,50,1,1,7,7,1,1705,10,2650
uv19bgbf,odfwzomd,50,2,7,1,7,1,1175,10,2650
uv19bgbf,ij2825oo,51,1,7,3,7,3,1312,10,2650
uv19bgbf,odfwzomd,51,2,3,7,7,3,1187,10,2650
uv19bgbf,ij2825oo,52,1,5,4,5,4,2120,10,2650
uv19bgbf,odfwzomd,52,2,4,5,5,4,1880,10,2650
uv19bgbf,ij2825oo,53,1,3,2,3,2,1265,10,2650
uv19bgbf,odfwzomd,53,2,2,3,3,2,1726,10,2650
uv19bgbf,ij2825oo,54,1,2,4,4,2,1223,10,2650
uv19bgbf,odfwzomd,54,2,4,2,4,2,1455,10,2650
uv19bgbf,ij2825oo,55,1,6,4,4,6,1387,10,2650
uv19bgbf,odfwzomd,55,2,6,4,4,6,1738,10,2650
uv19bgbf,ij2825oo,56,1,6,7,7,6,1061,10,2650
uv19bgbf,odfwzomd,56,2,6,7,7,6,1255,10,2650
uv19bgbf,ij2825oo,57,1,5,3,5,3,1100,10,2650
uv19bgbf,odfwzomd,57,2,3,5,5,3,1395,10,2650
uv19bgbf,ij2825oo,58,1,1,4,4,1,1575,10,2650
uv19bgbf,odfwzomd,58,2,4,1,4,1,1980,10,2650
uv19bgbf,ij2825oo,59,1,7,5,5,7,1451,0,2650
uv19bgbf,odfwzomd,59,2,5,7,7,5,1666,0,2650
uv19bgbf,ij2825oo,60,1,5,2,5,2,1061,10,2650
uv19bgbf,odfwzomd,60,2,5,2,5,2,1283,10,2650
uv19bgbf,ij2825oo,61,1,4,7,4,7,1575,0,2650
uv19bgbf,odfwzomd,61,2,4,7,7,4,1069,0,2650
uv19bgbf,ij2825oo,62,1,6,2,6,2,2520,10,2650
uv19bgbf,odfwzomd,62,2,2,6,6,2,1560,10,2650
uv19bgbf,ij2825oo,63,1,7,2,7,2,1405,10,2650
uv19bgbf,odfwzomd,63,2,7,2,7,2,1116,10,2650
uv19bgbf,ij2825oo,64,1,5,4,5,4,1356,0,2650
uv19bgbf,odfwzomd,64,2,4,5,4,5,1797,0,2650
uv19bgbf,ij2825oo,65,1,6,1,1,6,1701,0,2650
uv19bgbf,odfwzomd,65,2,6,1,6,1,2151,0,2650
uv19bgbf,ij2825oo,66,1,2,7,7,2,2520,10,2650
uv19bgbf,odfwzomd,66,2,2,7,7,2,1138,10,2650
uv19bgbf,ij2825oo,67,1,2,1,1,2,1516,10,2650
uv19bgbf,odfwzomd,67,2,1,2,1,2,2341,10,2650
uv19bgbf,ij2825oo,68,1,2,5,5,2,1497,10,2650
uv19bgbf,odfwzomd,68,2,2,5,5,2,1303,10,2650
uv19bgbf,ij2825oo,69,1,1,3,1,3,1972,10,2650
uv19bgbf,odfwzomd,69,2,3,1,1,3,1585,10,2650
uv19bgbf,ij2825oo,70,1,4,6,4,6,1790,10,2650
uv19bgbf,odfwzomd,70,2,6,4,4,6,1721,10,2650
uv19bgbf,ij2825oo,71,1,7,3,7,3,4049,10,2650
uv19bgbf,odfwzomd,71,2,3,7,7,3,1273,10,2650
uv19bgbf,ij2825oo,72,1,3,5,5,3,1156,10,2650
uv19bgbf,odfwzomd,72,2,3,5,5,3,941,10,2650
uv19bgbf,ij2825oo,73,1,7,6,7,6,1458,10,2650
uv19bgbf,odfwzomd,73,2,7,6,7,6,1158,10,2650
uv19bgbf,ij2825oo,74,1,1,5,5,1,1253,10,2650
uv19bgbf,odfwzomd,74,2,5,1,5,1,1164,10,2650
uv19bgbf,ij2825oo,75,1,5,7,5,7,942,0,2650
uv19bgbf,odfwzomd,75,2,5,7,7,5,1108,0,2650
uv19bgbf,ij2825oo,76,1,3,4,4,3,1707,10,2650
uv19bgbf,odfwzomd,76,2,3,4,4,3,1737,10,2650
uv19bgbf,ij2825oo,77,1,6,5,5,6,1273,10,2650
uv19bgbf,odfwzomd,77,2,5,6,5,6,1223,10,2650
uv19bgbf,ij2825oo,78,1,7,4,4,7,1370,0,2650
uv19bgbf,odfwzomd,78,2,4,7,7,4,1268,0,2650
uv19bgbf,ij2825oo,79,1,6,3,3,6,3031,0,2650
uv19bgbf,odfwzomd,79,2,3,6,6,3,3835,0,2650
uv19bgbf,ij2825oo,80,1,4,1,4,1,2224,0,2650
uv19bgbf,odfwzomd,80,2,1,4,1,4,1390,0,2650
uv19bgbf,ij2825oo,81,1,2,3,3,2,1589,10,2650
uv19bgbf,odfwzomd,81,2,2,3,3,2,1714,10,2650
uv19bgbf,ij2825oo,82,1,1,7,7,1,1514,10,2650
uv19bgbf,odfwzomd,82,2,1,7,7,1,1668,10,2650
uv19bgbf,ij2825oo,83,1,2,6,6,2,1549,10,2650
uv19bgbf,odfwzomd,83,2,6,2,6,2,3055,10,2650
uv19bgbf,ij2825oo,84,1,2,4,4,2,2179,10,2650
uv19bgbf,odfwzomd,84,2,2,4,4,2,1303,10,2650
uv19bgbf,ij2825oo,85,1,4,3,4,3,1669,10,2650
uv19bgbf,odfwzomd,85,2,3,4,4,3,1323,10,2650
uv19bgbf,ij2825oo,86,1,1,3,1,3,1702,10,2650
uv19bgbf,odfwzomd,86,2,3,1,1,3,1419,10,2650
uv19bgbf,ij2825oo,87,1,2,7,7,2,1340,10,2650
uv19bgbf,odfwzomd,87,2,7,2,7,2,1504,10,2650
uv19bgbf,ij2825oo,88,1,2,3,3,2,1540,10,2650
uv19bgbf,odfwzomd,88,2,2,3,3,2,1524,10,2650
uv19bgbf,ij2825oo,89,1,7,1,7,1,1349,10,2650
uv19bgbf,odfwzomd,89,2,1,7,7,1,1610,10,2650
uv19bgbf,ij2825oo,90,1,1,2,1,2,1947,10,2650
uv19bgbf,odfwzomd,90,2,2,1,1,2,1305,10,2650
uv19bgbf,ij2825oo,91,1,5,6,5,6,1408,10,2650
uv19bgbf,odfwzomd,91,2,5,6,5,6,1488,10,2650
uv19bgbf,ij2825oo,92,1,6,1,1,6,1394,10,2650
uv19bgbf,odfwzomd,92,2,1,6,1,6,1515,10,2650
uv19bgbf,ij2825oo,93,1,4,6,4,6,1356,10,2650
uv19bgbf,odfwzomd,93,2,6,4,4,6,1533,10,2650
uv19bgbf,ij2825oo,94,1,7,4,4,7,1584,0,2650
uv19bgbf,odfwzomd,94,2,7,4,7,4,1449,0,2650
uv19bgbf,ij2825oo,95,1,4,5,5,4,1796,10,2650
uv19bgbf,odfwzomd,95,2,4,5,5,4,2649,10,2650
uv19bgbf,ij2825oo,96,1,4,2,4,2,1365,10,2650
uv19bgbf,odfwzomd,96,2,2,4,4,2,1053,10,2650
uv19bgbf,ij2825oo,97,1,3,5,5,3,2098,10,2650
uv19bgbf,odfwzomd,97,2,3,5,5,3,2047,10,2650
uv19bgbf,ij2825oo,98,1,3,7,7,3,1258,10,2650
uv19bgbf,odfwzomd,98,2,3,7,7,3,1517,10,2650
uv19bgbf,ij2825oo,99,1,4,1,4,1,3078,10,2650
uv19bgbf,odfwzomd,99,2,1,4,4,1,3130,10,2650
uv19bgbf,ij2825oo,100,1,6,2,6,2,1897,10,2650
uv19bgbf,odfwzomd,100,2,6,2,6,2,1081,10,2650
uv19bgbf,ij2825oo,101,1,2,5,5,2,1092,10,2650
uv19bgbf,odfwzomd,101,2,5,2,5,2,1314,10,2650
uv19bgbf,ij2825oo,102,1,7,5,5,7,1270,0,2650
uv19bgbf,odfwzomd,102,2,7,5,7,5,2376,0,2650
uv19bgbf,ij2825oo,103,1,7,6,7,6,1635,10,2650
uv19bgbf,odfwzomd,103,2,7,6,7,6,1253,10,2650
uv19bgbf,ij2825oo,104,1,5,1,5,1,1416,10,2650
uv19bgbf,odfwzomd,104,2,1,5,5,1,1537,10,2650
uv19bgbf,ij2825oo,105,1,3,6,3,6,1760,0,2650
uv19bgbf,odfwzomd,105,2,6,3,6,3,1539,0,2650
uv19bgbf,ij2825oo,106,1,1,6,1,6,2400,10,2650
uv19bgbf,odfwzomd,106,2,6,1,1,6,1214,10,2650
uv19bgbf,ij2825oo,107,1,3,6,3,6,943,10,2650
uv19bgbf,odfwzomd,107,2,6,3,3,6,1401,10,2650
uv19bgbf,ij2825oo,108,1,2,6,6,2,1852,10,2650
uv19bgbf,odfwzomd,108,2,2,6,6,2,1815,10,2650
uv19bgbf,ij2825oo,109,1,4,5,5,4,1634,10,2650
uv19bgbf,odfwzomd,109,2,4,5,5,4,1875,10,2650
uv19bgbf,ij2825oo,110,1,3,4,4,3,1689,10,2650
uv19bgbf,odfwzomd,110,2,4,3,4,3,1608,10,2650
uv19bgbf,ij2825oo,111,1,1,2,1,2,1299,10,2650
uv19bgbf,odfwzomd,111,2,1,2,1,2,1492,10,2650
uv19bgbf,ij2825oo,112,1,5,1,5,1,1092,10,2650
uv19bgbf,odfwzomd,112,2,5,1,5,1,1301,10,2650
uv19bgbf,ij2825oo,113,1,3,2,3,2,1222,10,2650
uv19bgbf,odfwzomd,113,2,3,2,3,2,1507,10,2650
uv19bgbf,ij2825oo,114,1,5,3,5,3,982,10,2650
uv19bgbf,odfwzomd,114,2,5,3,5,3,1396,10,2650
uv19bgbf,ij2825oo,115,1,2,5,5,2,1564,10,2650
uv19bgbf,odfwzomd,115,2,5,2,5,2,1069,10,2650
uv19bgbf,ij2825oo,116,1,7,1,7,1,1288,10,2650
uv19bgbf,odfwzomd,116,2,1,7,7,1,2701,10,2650
uv19bgbf,ij2825oo,117,1,6,7,7,6,1490,10,2650
uv19bgbf,odfwzomd,117,2,6,7,7,6,1641,10,2650
uv19bgbf,ij2825oo,118,1,4,1,4,1,1504,10,2650
uv19bgbf,odfwzomd,118,2,1,4,4,1,2387,10,2650
uv19bgbf,ij2825oo,119,1,3,7,7,3,1645,10,2650
uv19bgbf,odfwzomd,119,2,3,7,7,3,1316,10,2650
uv19bgbf,ij2825oo,120,1,6,5,5,6,1249,10,2650
uv19bgbf,odfwzomd,120,2,6,5,5,6,1428,10,2650
uv19bgbf,ij2825oo,121,1,4,6,4,6,1071,10,2650
uv19bgbf,odfwzomd,121,2,4,6,4,6,2029,10,2650
uv19bgbf,ij2825oo,122,1,2,7,7,2,1586,10,2650
uv19bgbf,odfwzomd,122,2,7,2,7,2,1675,10,2650
uv19bgbf,ij2825oo,123,1,5,7,5,7,1449,10,2650
uv19bgbf,odfwzomd,123,2,5,7,5,7,1671,10,2650
uv19bgbf,ij2825oo,124,1,7,4,4,7,1728,0,2650
uv19bgbf,odfwzomd,124,2,7,4,7,4,1711,0,2650
uv19bgbf,ij2825oo,125,1,2,4,4,2,1933,10,2650
uv19bgbf,odfwzomd,125,2,4,2,4,2,1354,10,2650
uv19bgbf,ij2825oo,126,1,3,1,1,3,2017,10,2650
uv19bgbf,odfwzomd,126,2,3,1,1,3,1702,10,2650
uv19bgbf,ij2825oo,127,1,1,6,1,6,1306,10,2650
uv19bgbf,odfwzomd,127,2,6,1,1,6,1502,10,2650
uv19bgbf,ij2825oo,128,1,6,2,6,2,1475,10,2650
uv19bgbf,odfwzomd,128,2,2,6,6,2,1669,10,2650
uv19bgbf,ij2825oo,129,1,3,2,3,2,2584,10,2650
uv19bgbf,odfwzomd,129,2,2,3,3,2,1311,10,2650
uv19bgbf,ij2825oo,130,1,4,1,4,1,981,0,2650
uv19bgbf,odfwzomd,130,2,1,4,1,4,1393,0,2650
uv19bgbf,ij2825oo,131,1,6,7,7,6,1524,10,2650
uv19bgbf,odfwzomd,131,2,6,7,7,6,1149,10,2650
uv19bgbf,ij2825oo,132,1,7,4,4,7,1584,10,2650
uv19bgbf,odfwzomd,132,2,7,4,4,7,1953,10,2650
uv19bgbf,ij2825oo,133,1,4,3,4,3,2267,10,2650
uv19bgbf,odfwzomd,133,2,4,3,4,3,1458,10,2650
uv19bgbf,ij2825oo,134,1,5,1,5,1,1172,10,2650
uv19bgbf,odfwzomd,134,2,1,5,5,1,1286,10,2650
uv19bgbf,ij2825oo,135,1,3,6,3,6,1750,10,2650
uv19bgbf,odfwzomd,135,2,6,3,3,6,2048,10,2650
uv19bgbf,ij2825oo,136,1,1,2,1,2,1215,10,2650
uv19bgbf,odfwzomd,136,2,2,1,1,2,979,10,2650
uv19bgbf,ij2825oo,137,1,5,7,5,7,1666,10,2650
uv19bgbf,odfwzomd,137,2,5,7,5,7,1365,10,2650
uv19bgbf,ij2825oo,138,1,7,2,7,2,1127,10,2650
uv19bgbf,odfwzomd,138,2,2,7,7,2,1040,10,2650
uv19bgbf,ij2825oo,139,1,4,5,5,4,2264,10,2650
uv19bgbf,odfwzomd,139,2,5,4,5,4,1233,10,2650
uv19bgbf,ij2825oo,140,1,6,5,5,6,1271,10,2650
uv19bgbf,odfwzomd,140,2,5,6,5,6,1485,10,2650
uv19bgbf,ij2825oo,141,1,6,4,4,6,1314,10,2650
uv19bgbf,odfwzomd,141,2,4,6,4,6,1372,10,2650
uv19bgbf,ij2825oo,142,1,7,3,7,3,1244,10,2650
uv19bgbf,odfwzomd,142,2,7,3,7,3,1442,10,2650
uv19bgbf,ij2825oo,143,1,2,4,4,2,1547,10,2650
uv19bgbf,odfwzomd,143,2,2,4,4,2,1267,10,2650
uv19bgbf,ij2825oo,144,1,1,7,7,1,1545,10,2650
uv19bgbf,odfwzomd,144,2,7,1,7,1,1718,10,2650
uv19bgbf,ij2825oo,145,1,3,1,1,3,1090,10,2650
uv19bgbf,odfwzomd,145,2,1,3,1,3,1219,10,2650
uv19bgbf,ij2825oo,146,1,2,5,5,2,1114,10,2650
uv19bgbf,odfwzomd,146,2,5,2,5,2,1266,10,2650
uv19bgbf,ij2825oo,147,1,5,3,5,3,1274,10,2650
uv19bgbf,odfwzomd,147,2,5,3,5,3,1105,10,2650
uv19bgbf,ij2825oo,148,1,7,3,7,3,1523,10,2650
uv19bgbf,odfwzomd,148,2,3,7,7,3,1188,10,2650
uv19bgbf,ij2825oo,149,1,2,5,5,2,1020,10,2650
uv19bgbf,odfwzomd,149,2,5,2,5,2,1125,10,2650
uv19bgbf,ij2825oo,150,1,6,5,5,6,1237,10,2650
uv19bgbf,odfwzomd,150,2,5,6,5,6,975,10,2650
uv19bgbf,ij2825oo,151,1,4,1,4,1,1852,10,2650
uv19bgbf,odfwzomd,151,2,4,1,4,1,1616,10,2650
uv19bgbf,ij2825oo,152,1,7,5,5,7,1355,10,2650
uv19bgbf,odfwzomd,152,2,5,7,5,7,1234,10,2650
uv19bgbf,ij2825oo,153,1,3,2,3,2,1206,10,2650
uv19bgbf,odfwzomd,153,2,2,3,3,2,1353,10,2650
uv19bgbf,ij2825oo,154,1,3,5,5,3,1210,10,2650
uv19bgbf,odfwzomd,154,2,5,3,5,3,1143,10,2650
uv19bgbf,ij2825oo,155,1,6,1,1,6,1731,10,2650
uv19bgbf,odfwzomd,155,2,6,1,1,6,2750,10,2650
uv19bgbf,ij2825oo,156,1,6,7,7,6,1434,10,2650
uv19bgbf,odfwzomd,156,2,7,6,7,6,1309,10,2650
uv19bgbf,ij2825oo,157,1,2,4,4,2,1152,10,2650
uv19bgbf,odfwzomd,157,2,2,4,4,2,1058,10,2650
uv19bgbf,ij2825oo,158,1,2,7,7,2,973,10,2650
uv19bgbf,odfwzomd,158,2,7,2,7,2,1139,10,2650
uv19bgbf,ij2825oo,159,1,1,3,1,3,1557,10,2650
uv19bgbf,odfwzomd,159,2,3,1,1,3,926,10,2650
uv19bgbf,ij2825oo,160,1,6,2,6,2,1778,10,2650
uv19bgbf,odfwzomd,160,2,6,2,6,2,1571,10,2650
uv19bgbf,ij2825oo,161,1,1,5,5,1,1475,10,2650
uv19bgbf,odfwzomd,161,2,1,5,5,1,1338,10,2650
uv19bgbf,ij2825oo,162,1,3,4,4,3,1169,10,2650
uv19bgbf,odfwzomd,162,2,3,4,4,3,1428,10,2650
uv19bgbf,ij2825oo,163,1,7,1,7,1,1086,10,2650
uv19bgbf,odfwzomd,163,2,1,7,7,1,1456,10,2650
uv19bgbf,ij2825oo,164,1,5,4,5,4,2034,10,2650
uv19bgbf,odfwzomd,164,2,5,4,5,4,1869,10,2650
uv19bgbf,ij2825oo,165,1,7,4,4,7,2074,10,2650
uv19bgbf,odfwzomd,165,2,4,7,4,7,1821,10,2650
uv19bgbf,ij2825oo,166,1,3,6,3,6,2004,10,2650
uv19bgbf,odfwzomd,166,2,3,6,3,6,2216,10,2650
uv19bgbf,ij2825oo,167,1,6,4,4,6,1003,10,2650
uv19bgbf,odfwzomd,167,2,4,6,4,6,1236,10,2650
uv19bgbf,ij2825oo,168,1,2,1,1,2,1250,10,2650
uv19bgbf,odfwzomd,168,2,1,2,1,2,1448,10,2650
uv19bgbf,ij2825oo,169,1,3,7,7,3,1329,10,2650
uv19bgbf,odfwzomd,169,2,3,7,7,3,1772,10,2650
uv19bgbf,ij2825oo,170,1,2,3,3,2,1265,10,2650
uv19bgbf,odfwzomd,170,2,2,3,3,2,1281,10,2650
uv19bgbf,ij2825oo,171,1,1,4,4,1,1824,10,2650
uv19bgbf,odfwzomd,171,2,4,1,4,1,1614,10,2650
uv19bgbf,ij2825oo,172,1,6,1,1,6,1403,10,2650
uv19bgbf,odfwzomd,172,2,6,1,1,6,1584,10,2650
uv19bgbf,ij2825oo,173,1,2,6,6,2,1518,10,2650
uv19bgbf,odfwzomd,173,2,6,2,6,2,1108,10,2650
uv19bgbf,ij2825oo,174,1,7,1,7,1,1751,10,2650
uv19bgbf,odfwzomd,174,2,1,7,7,1,1659,10,2650
uv19bgbf,ij2825oo,175,1,4,6,4,6,1131,10,2650
uv19bgbf,odfwzomd,175,2,4,6,4,6,1857,10,2650
uv19bgbf,ij2825oo,176,1,1,2,1,2,1453,10,2650
uv19bgbf,odfwzomd,176,2,1,2,1,2,1346,10,2650
uv19bgbf,ij2825oo,177,1,7,4,4,7,1256,10,2650
uv19bgbf,odfwzomd,177,2,4,7,4,7,1740,10,2650
uv19bgbf,ij2825oo,178,1,5,1,5,1,3697,10,2650
uv19bgbf,odfwzomd,178,2,1,5,5,1,1475,10,2650
uv19bgbf,ij2825oo,179,1,4,3,4,3,1306,10,2650
uv19bgbf,odfwzomd,179,2,3,4,4,3,1500,10,2650
uv19bgbf,ij2825oo,180,1,3,5,5,3,904,10,2650
uv19bgbf,odfwzomd,180,2,3,5,5,3,1048,10,2650
uv19bgbf,ij2825oo,181,1,7,2,7,2,1052,10,2650
uv19bgbf,odfwzomd,181,2,2,7,7,2,1032,10,2650
uv19bgbf,ij2825oo,182,1,2,5,5,2,1125,10,2650
uv19bgbf,odfwzomd,182,2,2,5,5,2,1104,10,2650
uv19bgbf,ij2825oo,183,1,5,6,5,6,1411,10,2650
uv19bgbf,odfwzomd,183,2,5,6,5,6,1048,10,2650
uv19bgbf,ij2825oo,184,1,6,7,7,6,1335,10,2650
uv19bgbf,odfwzomd,184,2,6,7,7,6,948,10,2650
uv19bgbf,ij2825oo,185,1,4,2,4,2,1567,10,2650
uv19bgbf,odfwzomd,185,2,4,2,4,2,1435,10,2650
uv19bgbf,ij2825oo,186,1,3,6,3,6,2342,10,2650
uv19bgbf,odfwzomd,186,2,6,3,3,6,1612,10,2650
uv19bgbf,ij2825oo,187,1,5,7,5,7,1038,10,2650
uv19bgbf,odfwzomd,187,2,7,5,5,7,1532,10,2650
uv19bgbf,ij2825oo,188,1,5,4,5,4,1499,10,2650
uv19bgbf,odfwzomd,188,2,4,5,5,4,1023,10,2650
uv19bgbf,ij2825oo,189,1,3,1,1,3,1746,10,2650
uv19bgbf,odfwzomd,189,2,3,1,1,3,1171,10,2650
uv19bgbf,ij2825oo,190,1,7,2,7,2,1209,10,2650
uv19bgbf,odfwzomd,190,2,2,7,7,2,1260,10,2650
uv19bgbf,ij2825oo,191,1,7,4,4,7,1309,10,2650
uv19bgbf,odfwzomd,191,2,4,7,4,7,1634,10,2650
uv19bgbf,ij2825oo,192,1,5,1,5,1,1385,10,2650
uv19bgbf,odfwzomd,192,2,5,1,5,1,1591,10,2650
uv19bgbf,ij2825oo,193,1,2,6,6,2,1382,10,2650
uv19bgbf,odfwzomd,193,2,2,6,6,2,1331,10,2650
uv19bgbf,ij2825oo,194,1,7,3,7,3,1119,10,2650
uv19bgbf,odfwzomd,194,2,3,7,7,3,1161,10,2650
uv19bgbf,ij2825oo,195,1,7,6,7,6,1433,10,2650
uv19bgbf,odfwzomd,195,2,6,7,7,6,1188,10,2650
uv19bgbf,ij2825oo,196,1,5,6,5,6,1055,10,2650
uv19bgbf,odfwzomd,196,2,6,5,5,6,1448,10,2650
uv19bgbf,ij2825oo,197,1,2,4,4,2,2593,10,2650
uv19bgbf,odfwzomd,197,2,4,2,4,2,1863,10,2650
uv19bgbf,ij2825oo,198,1,3,4,4,3,1385,10,2650
uv19bgbf,odfwzomd,198,2,4,3,4,3,1130,10,2650
uv19bgbf,ij2825oo,199,1,4,1,4,1,1666,10,2650
uv19bgbf,odfwzomd,199,2,4,1,4,1,1799,10,2650
uv19bgbf,ij2825oo,200,1,2,5,5,2,950,10,2650
uv19bgbf,odfwzomd,200,2,5,2,5,2,1090,10,2650
uv19bgbf,ij2825oo,201,1,3,5,5,3,1179,10,2650
uv19bgbf,odfwzomd,201,2,5,3,5,3,1113,10,2650
uv19bgbf,ij2825oo,202,1,2,1,1,2,1390,10,2650
uv19bgbf,odfwzomd,202,2,2,1,1,2,1108,10,2650
uv19bgbf,ij2825oo,203,1,1,6,1,6,1531,10,2650
uv19bgbf,odfwzomd,203,2,1,6,1,6,1456,10,2650
uv19bgbf,ij2825oo,204,1,1,7,7,1,1726,10,2650
uv19bgbf,odfwzomd,204,2,7,1,7,1,1984,10,2650
uv19bgbf,ij2825oo,205,1,5,4,5,4,1307,10,2650
uv19bgbf,odfwzomd,205,2,4,5,5,4,1766,10,2650
uv19bgbf,ij2825oo,206,1,5,7,5,7,1400,10,2650
uv19bgbf,odfwzomd,206,2,5,7,5,7,1183,10,2650
uv19bgbf,ij2825oo,207,1,1,3,1,3,1040,10,2650
uv19bgbf,odfwzomd,207,2,1,3,1,3,1092,10,2650
uv19bgbf,ij2825oo,208,1,6,3,3,6,1060,10,2650
uv19bgbf,odfwzomd,208,2,6,3,3,6,1449,10,2650
uv19bgbf,ij2825oo,209,1,6,4,4,6,1510,10,2650
uv19bgbf,odfwzomd,209,2,6,4,4,6,1353,10,2650
uv19bgbf,ij2825oo,210,1,2,3,3,2,1378,10,2650
uv19bgbf,odfwzomd,210,2,2,3,3,2,1462,10,2650
uv19bgbf,ij2825oo,211,1,7,6,7,6,1206,10,2650
uv19bgbf,odfwzomd,211,2,6,7,7,6,1263,10,2650
uv19bgbf,ij2825oo,212,1,2,5,5,2,1064,10,2650
uv19bgbf,odfwzomd,212,2,2,5,5,2,1119,10,2650
uv19bgbf,ij2825oo,213,1,7,1,7,1,1382,10,2650
uv19bgbf,odfwzomd,213,2,1,7,7,1,1231,10,2650
uv19bgbf,ij2825oo,214,1,1,5,5,1,950,10,2650
uv19bgbf,odfwzomd,214,2,1,5,5,1,1643,10,2650
uv19bgbf,ij2825oo,215,1,6,5,5,6,1283,10,2650
uv19bgbf,odfwzomd,215,2,5,6,5,6,1168,10,2650
uv19bgbf,ij2825oo,216,1,4,5,5,4,1281,10,2650
uv19bgbf,odfwzomd,216,2,4,5,5,4,1258,10,2650
uv19bgbf,ij2825oo,217,1,2,7,7,2,1374,10,2650
uv19bgbf,odfwzomd,217,2,2,7,7,2,1183,10,2650
uv19bgbf,ij2825oo,218,1,7,4,4,7,1065,10,2650
uv19bgbf,odfwzomd,218,2,7,4,4,7,1669,10,2650
uv19bgbf,ij2825oo,219,1,3,7,7,3,1180,10,2650
uv19bgbf,odfwzomd,219,2,7,3,7,3,2009,10,2650
uv19bgbf,ij2825oo,220,1,2,1,1,2,1295,10,2650
uv19bgbf,odfwzomd,220,2,1,2,1,2,1114,10,2650
uv19bgbf,ij2825oo,221,1,2,6,6,2,1366,10,2650
uv19bgbf,odfwzomd,221,2,6,2,6,2,1554,10,2650
uv19bgbf,ij2825oo,222,1,4,6,4,6,1211,10,2650
uv19bgbf,odfwzomd,222,2,4,6,4,6,1218,10,2650
uv19bgbf,ij2825oo,223,1,6,1,1,6,1338,10,2650
uv19bgbf,odfwzomd,223,2,6,1,1,6,1284,10,2650
uv19bgbf,ij2825oo,224,1,5,3,5,3,1358,10,2650
uv19bgbf,odfwzomd,224,2,5,3,5,3,1050,10,2650
uv19bgbf,ij2825oo,225,1,2,3,3,2,1428,10,2650
uv19bgbf,odfwzomd,225,2,3,2,3,2,1392,10,2650
uv19bgbf,ij2825oo,226,1,6,3,3,6,1176,10,2650
uv19bgbf,odfwzomd,226,2,3,6,3,6,1401,10,2650
uv19bgbf,ij2825oo,227,1,2,4,4,2,1031,10,2650
uv19bgbf,odfwzomd,227,2,4,2,4,2,1084,10,2650
uv19bgbf,ij2825oo,228,1,7,5,5,7,1102,10,2650
uv19bgbf,odfwzomd,228,2,5,7,5,7,1370,10,2650
uv19bgbf,ij2825oo,229,1,1,4,4,1,1133,0,2650
uv19bgbf,odfwzomd,229,2,1,4,1,4,1110,0,2650
uv19bgbf,ij2825oo,230,1,3,1,1,3,1181,10,2650
uv19bgbf,odfwzomd,230,2,1,3,1,3,1458,10,2650
uv19bgbf,ij2825oo,231,1,3,4,4,3,932,10,2650
uv19bgbf,odfwzomd,231,2,3,4,4,3,962,10,2650
uv19bgbf,ij2825oo,232,1,6,4,4,6,1188,10,2650
uv19bgbf,odfwzomd,232,2,6,4,4,6,1103,10,2650
uv19bgbf,ij2825oo,233,1,3,2,3,2,1299,10,2650
uv19bgbf,odfwzomd,233,2,3,2,3,2,1220,10,2650
uv19bgbf,ij2825oo,234,1,3,6,3,6,1341,10,2650
uv19bgbf,odfwzomd,234,2,3,6,3,6,1596,10,2650
uv19bgbf,ij2825oo,235,1,7,3,7,3,1712,10,2650
uv19bgbf,odfwzomd,235,2,3,7,7,3,1433,10,2650
uv19bgbf,ij2825oo,236,1,5,3,5,3,968,10,2650
uv19bgbf,odfwzomd,236,2,5,3,5,3,1184,10,2650
uv19bgbf,ij2825oo,237,1,1,2,1,2,1169,10,2650
uv19bgbf,odfwzomd,237,2,1,2,1,2,1303,10,2650
uv19bgbf,ij2825oo,238,1,5,7,5,7,1279,10,2650
uv19bgbf,odfwzomd,238,2,7,5,5,7,1446,10,2650
uv19bgbf,ij2825oo,239,1,4,5,5,4,985,10,2650
uv19bgbf,odfwzomd,239,2,5,4,5,4,1452,10,2650
uv19bgbf,ij2825oo,240,1,6,5,5,6,1258,10,2650
uv19bgbf,odfwzomd,240,2,6,5,5,6,1097,10,2650
uv19bgbf,ij2825oo,241,1,1,5,5,1,1177,10,2650
uv19bgbf,odfwzomd,241,2,5,1,5,1,1278,10,2650
uv19bgbf,ij2825oo,242,1,4,3,4,3,1611,10,2650
uv19bgbf,odfwzomd,242,2,4,3,4,3,1117,10,2650
uv19bgbf,ij2825oo,243,1,7,4,4,7,1146,10,2650
uv19bgbf,odfwzomd,243,2,4,7,4,7,1442,10,2650
uv19bgbf,ij2825oo,244,1,7,2,7,2,1346,10,2650
uv19bgbf,odfwzomd,244,2,7,2,7,2,1060,10,2650
uv19bgbf,ij2825oo,245,1,2,5,5,2,840,10,2650
uv19bgbf,odfwzomd,245,2,2,5,5,2,1074,10,2650
uv19bgbf,ij2825oo,246,1,4,2,4,2,1124,10,2650
uv19bgbf,odfwzomd,246,2,4,2,4,2,1744,10,2650
uv19bgbf,ij2825oo,247,1,1,6,1,6,1806,10,2650
uv19bgbf,odfwzomd,247,2,1,6,1,6,1603,10,2650
uv19bgbf,ij2825oo,248,1,6,2,6,2,1298,10,2650
uv19bgbf,odfwzomd,248,2,6,2,6,2,1284,10,2650
uv19bgbf,ij2825oo,249,1,6,7,7,6,1027,10,2650
uv19bgbf,odfwzomd,249,2,7,6,7,6,1312,10,2650
uv19bgbf,ij2825oo,250,1,4,1,4,1,1570,10,2650
uv19bgbf,odfwzomd,250,2,1,4,4,1,1743,10,2650
uv19bgbf,ij2825oo,251,1,7,1,7,1,1436,10,2650
uv19bgbf,odfwzomd,251,2,1,7,7,1,1842,10,2650
uv19bgbf,ij2825oo,252,1,1,3,1,3,1048,10,2650
uv19bgbf,odfwzomd,252,2,3,1,1,3,1154,10,2650
uv19bgbf,ij2825oo,253,1,4,6,4,6,1191,10,2650
uv19bgbf,odfwzomd,253,2,4,6,4,6,1416,10,2650
uv19bgbf,ij2825oo,254,1,7,3,7,3,1557,10,2650
uv19bgbf,odfwzomd,254,2,7,3,7,3,1157,10,2650
uv19bgbf,ij2825oo,255,1,5,1,5,1,1209,10,2650
uv19bgbf,odfwzomd,255,2,1,5,5,1,1332,10,2650
uv19bgbf,ij2825oo,256,1,1,3,1,3,990,10,2650
uv19bgbf,odfwzomd,256,2,1,3,1,3,1509,10,2650
uv19bgbf,ij2825oo,257,1,3,6,3,6,1310,10,2650
uv19bgbf,odfwzomd,257,2,6,3,3,6,1518,10,2650
uv19bgbf,ij2825oo,258,1,4,7,4,7,1313,10,2650
uv19bgbf,odfwzomd,258,2,7,4,4,7,1165,10,2650
uv19bgbf,ij2825oo,259,1,2,7,7,2,1067,10,2650
uv19bgbf,odfwzomd,259,2,2,7,7,2,983,10,2650
uv19bgbf,ij2825oo,260,1,1,7,7,1,1726,10,2650
uv19bgbf,odfwzomd,260,2,1,7,7,1,2028,10,2650
uv19bgbf,ij2825oo,261,1,6,1,1,6,1253,10,2650
uv19bgbf,odfwzomd,261,2,6,1,1,6,1201,10,2650
uv19bgbf,ij2825oo,262,1,3,4,4,3,1259,10,2650
uv19bgbf,odfwzomd,262,2,4,3,4,3,1296,10,2650
uv19bgbf,ij2825oo,263,1,1,2,1,2,1239,10,2650
uv19bgbf,odfwzomd,263,2,1,2,1,2,1474,10,2650
uv19bgbf,ij2825oo,264,1,5,4,5,4,1570,10,2650
uv19bgbf,odfwzomd,264,2,4,5,5,4,1257,10,2650
uv19bgbf,ij2825oo,265,1,6,2,6,2,2072,10,2650
uv19bgbf,odfwzomd,265,2,2,6,6,2,1071,10,2650
uv19bgbf,ij2825oo,266,1,6,7,7,6,1753,10,2650
uv19bgbf,odfwzomd,266,2,7,6,7,6,1866,10,2650
uv19bgbf,ij2825oo,267,1,2,3,3,2,1315,10,2650
uv19bgbf,odfwzomd,267,2,3,2,3,2,3066,10,2650
uv19bgbf,ij2825oo,268,1,5,6,5,6,1475,10,2650
uv19bgbf,odfwzomd,268,2,5,6,5,6,1650,10,2650
uv19bgbf,ij2825oo,269,1,1,4,4,1,1291,10,2650
uv19bgbf,odfwzomd,269,2,4,1,4,1,1811,10,2650
uv19bgbf,ij2825oo,270,1,7,5,5,7,1100,10,2650
uv19bgbf,odfwzomd,270,2,5,7,5,7,1203,10,2650
uv19bgbf,ij2825oo,271,1,5,2,5,2,968,10,2650
uv19bgbf,odfwzomd,271,2,2,5,5,2,1156,10,2650
uv19bgbf,ij2825oo,272,1,5,3,5,3,1104,10,2650
uv19bgbf,odfwzomd,272,2,3,5,5,3,1260,10,2650
uv19bgbf,ij2825oo,273,1,4,2,4,2,1084,10,2650
uv19bgbf,odfwzomd,273,2,4,2,4,2,1175,10,2650
uv19bgbf,ij2825oo,274,1,2,5,5,2,862,10,2650
uv19bgbf,odfwzomd,274,2,5,2,5,2,1061,10,2650
uv19bgbf,ij2825oo,275,1,7,5,5,7,1395,10,2650
uv19bgbf,odfwzomd,275,2,5,7,5,7,1271,10,2650
uv19bgbf,ij2825oo,276,1,6,2,6,2,1321,10,2650
uv19bgbf,odfwzomd,276,2,2,6,6,2,1059,10,2650
uv19bgbf,ij2825oo,277,1,3,1,1,3,915,10,2650
uv19bgbf,odfwzomd,277,2,1,3,1,3,978,10,2650
uv19bgbf,ij2825oo,278,1,6,7,7,6,955,10,2650
uv19bgbf,odfwzomd,278,2,6,7,7,6,928,10,2650
uv19bgbf,ij2825oo,279,1,5,1,5,1,801,10,2650
uv19bgbf,odfwzomd,279,2,1,5,5,1,1665,10,2650
uv19bgbf,ij2825oo,280,1,1,6,1,6,960,10,2650
uv19bgbf,odfwzomd,280,2,6,1,1,6,1405,10,2650
uv19bgbf,ij2825oo,281,1,2,4,4,2,1143,10,2650
uv19bgbf,odfwzomd,281,2,2,4,4,2,883,10,2650
uv19bgbf,ij2825oo,282,1,5,3,5,3,765,10,2650
uv19bgbf,odfwzomd,282,2,5,3,5,3,1322,10,2650
uv19bgbf,ij2825oo,283,1,4,7,4,7,1524,10,2650
uv19bgbf,odfwzomd,283,2,4,7,4,7,1588,10,2650
uv19bgbf,ij2825oo,284,1,3,7,7,3,1454,10,2650
uv19bgbf,odfwzomd,284,2,3,7,7,3,1502,10,2650
uv19bgbf,ij2825oo,285,1,2,7,7,2,1208,10,2650
uv19bgbf,odfwzomd,285,2,7,2,7,2,1079,10,2650
uv19bgbf,ij2825oo,286,1,6,5,5,6,1038,10,2650
uv19bgbf,odfwzomd,286,2,6,5,5,6,1114,10,2650
uv19bgbf,ij2825oo,287,1,4,5,5,4,3101,10,2650
uv19bgbf,odfwzomd,287,2,4,5,5,4,1236,10,2650
uv19bgbf,ij2825oo,288,1,3,4,4,3,1072,10,2650
uv19bgbf,odfwzomd,288,2,4,3,4,3,1286,10,2650
uv19bgbf,ij2825oo,289,1,4,1,4,1,1289,10,2650
uv19bgbf,odfwzomd,289,2,1,4,4,1,1257,10,2650
uv19bgbf,ij2825oo,290,1,4,6,4,6,1120,10,2650
uv19bgbf,odfwzomd,290,2,6,4,4,6,1273,10,2650
uv19bgbf,ij2825oo,291,1,3,6,3,6,1778,10,2650
uv19bgbf,odfwzomd,291,2,6,3,3,6,1279,10,2650
uv19bgbf,ij2825oo,292,1,1,2,1,2,911,10,2650
uv19bgbf,odfwzomd,292,2,1,2,1,2,1328,10,2650
uv19bgbf,ij2825oo,293,1,3,2,3,2,1239,10,2650
uv19bgbf,odfwzomd,293,2,3,2,3,2,1110,10,2650
uv19bgbf,ij2825oo,294,1,1,7,7,1,1087,10,2650
uv19bgbf,odfwzomd,294,2,1,7,7,1,1204,10,2650
