participant_number,participant_code,answer
1,2ygs84fk,"Basically following the rule of selecting I used in the previous section: always choosing warmer, brighter, lighter colors. "
2,lpish8wh,"There isn't really a way to - that's like asking which way to maximize a coin toss. What I did was kind of tried to stick with one pattern (eventually) either all right squares or back and forth. Because I figured if I stuck to one side I'd have something around 50%. But if I tried to go back and forth, I might miss them all. I counted the right and wrong answers in sets of 10, and both all right and switching were coming up around 50%, so I figured that was the best I was gonna get."
session,participant_code,round_number,participant_number,left_stimuli,right_stimuli,response,loser,answered_time,payoff_round,total_payoff
d3nyyc5v,2ygs84fk,1,1,3,1,1,3,2580,10.0,1490.0
d3nyyc5v,lpish8wh,1,2,1,3,1,3,3290,10.0,1490.0
d3nyyc5v,2ygs84fk,2,1,7,3,7,3,1276,0.0,1490.0
d3nyyc5v,lpish8wh,2,2,3,7,3,7,1614,0.0,1490.0
d3nyyc5v,2ygs84fk,3,1,3,5,5,3,1384,0.0,1490.0
d3nyyc5v,lpish8wh,3,2,3,5,3,5,1573,0.0,1490.0
d3nyyc5v,2ygs84fk,4,1,6,2,6,2,2571,0.0,1490.0
d3nyyc5v,lpish8wh,4,2,2,6,2,6,2368,0.0,1490.0
d3nyyc5v,2ygs84fk,5,1,1,2,2,1,1581,0.0,1490.0
d3nyyc5v,lpish8wh,5,2,1,2,1,2,1364,0.0,1490.0
d3nyyc5v,2ygs84fk,6,1,4,1,4,1,1242,10.0,1490.0
d3nyyc5v,lpish8wh,6,2,1,4,4,1,3195,10.0,1490.0
d3nyyc5v,2ygs84fk,7,1,6,7,7,6,1626,0.0,1490.0
d3nyyc5v,lpish8wh,7,2,7,6,6,7,1796,0.0,1490.0
d3nyyc5v,2ygs84fk,8,1,7,5,7,5,1592,0.0,1490.0
d3nyyc5v,lpish8wh,8,2,7,5,5,7,1480,0.0,1490.0
d3nyyc5v,2ygs84fk,9,1,7,4,7,4,2662,10.0,1490.0
d3nyyc5v,lpish8wh,9,2,4,7,7,4,1706,10.0,1490.0
d3nyyc5v,2ygs84fk,10,1,5,1,5,1,1962,10.0,1490.0
d3nyyc5v,lpish8wh,10,2,1,5,5,1,2013,10.0,1490.0
d3nyyc5v,2ygs84fk,11,1,5,4,4,5,1436,0.0,1490.0
d3nyyc5v,lpish8wh,11,2,4,5,5,4,1647,0.0,1490.0
d3nyyc5v,2ygs84fk,12,1,3,4,4,3,1215,0.0,1490.0
d3nyyc5v,lpish8wh,12,2,4,3,3,4,1806,0.0,1490.0
d3nyyc5v,2ygs84fk,13,1,6,1,6,1,1276,0.0,1490.0
d3nyyc5v,lpish8wh,13,2,6,1,1,6,1937,0.0,1490.0
d3nyyc5v,2ygs84fk,14,1,2,5,5,2,2603,10.0,1490.0
d3nyyc5v,lpish8wh,14,2,2,5,5,2,2673,10.0,1490.0
d3nyyc5v,2ygs84fk,15,1,4,2,4,2,1342,0.0,1490.0
d3nyyc5v,lpish8wh,15,2,4,2,2,4,1661,0.0,1490.0
d3nyyc5v,2ygs84fk,16,1,7,2,7,2,871,0.0,1490.0
d3nyyc5v,lpish8wh,16,2,7,2,2,7,351,0.0,1490.0
d3nyyc5v,2ygs84fk,17,1,6,4,4,6,1748,0.0,1490.0
d3nyyc5v,lpish8wh,17,2,4,6,6,4,1484,0.0,1490.0
d3nyyc5v,2ygs84fk,18,1,3,6,6,3,1047,0.0,1490.0
d3nyyc5v,lpish8wh,18,2,3,6,3,6,664,0.0,1490.0
d3nyyc5v,2ygs84fk,19,1,6,5,5,6,1407,10.0,1490.0
d3nyyc5v,lpish8wh,19,2,5,6,5,6,1151,10.0,1490.0
d3nyyc5v,2ygs84fk,20,1,7,1,7,1,1982,0.0,1490.0
d3nyyc5v,lpish8wh,20,2,1,7,1,7,2467,0.0,1490.0
d3nyyc5v,2ygs84fk,21,1,3,2,3,2,944,10.0,1490.0
d3nyyc5v,lpish8wh,21,2,3,2,3,2,1332,10.0,1490.0
d3nyyc5v,2ygs84fk,22,1,2,3,3,2,1490,10.0,1490.0
d3nyyc5v,lpish8wh,22,2,3,2,3,2,2092,10.0,1490.0
d3nyyc5v,2ygs84fk,23,1,7,5,7,5,2060,10.0,1490.0
d3nyyc5v,lpish8wh,23,2,7,5,7,5,2203,10.0,1490.0
d3nyyc5v,2ygs84fk,24,1,5,2,2,5,1515,0.0,1490.0
d3nyyc5v,lpish8wh,24,2,5,2,5,2,1837,0.0,1490.0
d3nyyc5v,2ygs84fk,25,1,3,7,3,7,1488,10.0,1490.0
d3nyyc5v,lpish8wh,25,2,7,3,3,7,1522,10.0,1490.0
d3nyyc5v,2ygs84fk,26,1,7,4,7,4,1414,0.0,1490.0
d3nyyc5v,lpish8wh,26,2,7,4,4,7,1648,0.0,1490.0
d3nyyc5v,2ygs84fk,27,1,2,1,1,2,1181,0.0,1490.0
d3nyyc5v,lpish8wh,27,2,2,1,2,1,982,0.0,1490.0
d3nyyc5v,2ygs84fk,28,1,4,2,4,2,2098,0.0,1490.0
d3nyyc5v,lpish8wh,28,2,2,4,2,4,691,0.0,1490.0
d3nyyc5v,2ygs84fk,29,1,3,5,3,5,1005,0.0,1490.0
d3nyyc5v,lpish8wh,29,2,5,3,5,3,756,0.0,1490.0
d3nyyc5v,2ygs84fk,30,1,1,5,5,1,1663,0.0,1490.0
d3nyyc5v,lpish8wh,30,2,1,5,1,5,1133,0.0,1490.0
d3nyyc5v,2ygs84fk,31,1,3,1,3,1,1135,10.0,1490.0
d3nyyc5v,lpish8wh,31,2,1,3,3,1,436,10.0,1490.0
d3nyyc5v,2ygs84fk,32,1,1,4,1,4,1523,0.0,1490.0
d3nyyc5v,lpish8wh,32,2,1,4,4,1,1502,0.0,1490.0
d3nyyc5v,2ygs84fk,33,1,6,2,6,2,1737,0.0,1490.0
d3nyyc5v,lpish8wh,33,2,6,2,2,6,366,0.0,1490.0
d3nyyc5v,2ygs84fk,34,1,4,5,5,4,2088,10.0,1490.0
d3nyyc5v,lpish8wh,34,2,4,5,5,4,1969,10.0,1490.0
d3nyyc5v,2ygs84fk,35,1,4,6,6,4,2227,0.0,1490.0
d3nyyc5v,lpish8wh,35,2,6,4,4,6,778,0.0,1490.0
d3nyyc5v,2ygs84fk,36,1,6,5,5,6,1489,0.0,1490.0
d3nyyc5v,lpish8wh,36,2,5,6,6,5,671,0.0,1490.0
d3nyyc5v,2ygs84fk,37,1,6,7,7,6,1944,10.0,1490.0
d3nyyc5v,lpish8wh,37,2,6,7,7,6,576,10.0,1490.0
d3nyyc5v,2ygs84fk,38,1,6,1,1,6,4446,0.0,1490.0
d3nyyc5v,lpish8wh,38,2,1,6,6,1,927,0.0,1490.0
d3nyyc5v,2ygs84fk,39,1,3,4,3,4,3194,10.0,1490.0
d3nyyc5v,lpish8wh,39,2,4,3,3,4,732,10.0,1490.0
d3nyyc5v,2ygs84fk,40,1,3,6,3,6,1470,0.0,1490.0
d3nyyc5v,lpish8wh,40,2,3,6,6,3,689,0.0,1490.0
d3nyyc5v,2ygs84fk,41,1,7,1,1,7,3964,10.0,1490.0
d3nyyc5v,lpish8wh,41,2,7,1,1,7,907,10.0,1490.0
d3nyyc5v,2ygs84fk,42,1,2,7,2,7,2195,0.0,1490.0
d3nyyc5v,lpish8wh,42,2,2,7,7,2,556,0.0,1490.0
d3nyyc5v,2ygs84fk,43,1,5,3,3,5,1347,10.0,1490.0
d3nyyc5v,lpish8wh,43,2,5,3,3,5,436,10.0,1490.0
d3nyyc5v,2ygs84fk,44,1,2,7,7,2,2287,10.0,1490.0
d3nyyc5v,lpish8wh,44,2,2,7,7,2,706,10.0,1490.0
d3nyyc5v,2ygs84fk,45,1,5,2,2,5,2188,0.0,1490.0
d3nyyc5v,lpish8wh,45,2,2,5,5,2,989,0.0,1490.0
d3nyyc5v,2ygs84fk,46,1,5,7,7,5,1072,0.0,1490.0
d3nyyc5v,lpish8wh,46,2,7,5,5,7,685,0.0,1490.0
d3nyyc5v,2ygs84fk,47,1,3,1,3,1,1280,10.0,1490.0
d3nyyc5v,lpish8wh,47,2,1,3,3,1,633,10.0,1490.0
d3nyyc5v,2ygs84fk,48,1,5,1,1,5,2255,0.0,1490.0
d3nyyc5v,lpish8wh,48,2,1,5,5,1,1801,0.0,1490.0
d3nyyc5v,2ygs84fk,49,1,3,6,3,6,2586,10.0,1490.0
d3nyyc5v,lpish8wh,49,2,6,3,3,6,423,10.0,1490.0
d3nyyc5v,2ygs84fk,50,1,4,5,4,5,1545,0.0,1490.0
d3nyyc5v,lpish8wh,50,2,4,5,5,4,1041,0.0,1490.0
d3nyyc5v,2ygs84fk,51,1,3,4,3,4,1013,0.0,1490.0
d3nyyc5v,lpish8wh,51,2,3,4,4,3,1612,0.0,1490.0
d3nyyc5v,2ygs84fk,52,1,1,2,1,2,1569,0.0,1490.0
d3nyyc5v,lpish8wh,52,2,1,2,2,1,419,0.0,1490.0
d3nyyc5v,2ygs84fk,53,1,7,6,7,6,850,10.0,1490.0
d3nyyc5v,lpish8wh,53,2,6,7,7,6,607,10.0,1490.0
d3nyyc5v,2ygs84fk,54,1,3,7,3,7,1053,0.0,1490.0
d3nyyc5v,lpish8wh,54,2,3,7,7,3,1371,0.0,1490.0
d3nyyc5v,2ygs84fk,55,1,7,4,7,4,662,0.0,1490.0
d3nyyc5v,lpish8wh,55,2,7,4,4,7,382,0.0,1490.0
d3nyyc5v,2ygs84fk,56,1,4,1,1,4,3393,10.0,1490.0
d3nyyc5v,lpish8wh,56,2,4,1,1,4,765,10.0,1490.0
d3nyyc5v,2ygs84fk,57,1,5,6,5,6,2328,0.0,1490.0
d3nyyc5v,lpish8wh,57,2,5,6,6,5,1020,0.0,1490.0
d3nyyc5v,2ygs84fk,58,1,1,6,1,6,3542,10.0,1490.0
d3nyyc5v,lpish8wh,58,2,6,1,1,6,418,10.0,1490.0
d3nyyc5v,2ygs84fk,59,1,2,6,6,2,2633,0.0,1490.0
d3nyyc5v,lpish8wh,59,2,6,2,2,6,1203,0.0,1490.0
d3nyyc5v,2ygs84fk,60,1,7,1,7,1,887,10.0,1490.0
d3nyyc5v,lpish8wh,60,2,1,7,7,1,1391,10.0,1490.0
d3nyyc5v,2ygs84fk,61,1,4,2,4,2,1396,0.0,1490.0
d3nyyc5v,lpish8wh,61,2,4,2,2,4,530,0.0,1490.0
d3nyyc5v,2ygs84fk,62,1,4,6,4,6,1326,10.0,1490.0
d3nyyc5v,lpish8wh,62,2,6,4,4,6,1080,10.0,1490.0
d3nyyc5v,2ygs84fk,63,1,2,3,3,2,1245,0.0,1490.0
d3nyyc5v,lpish8wh,63,2,2,3,2,3,456,0.0,1490.0
d3nyyc5v,2ygs84fk,64,1,5,6,5,6,1848,0.0,1490.0
d3nyyc5v,lpish8wh,64,2,5,6,6,5,529,0.0,1490.0
d3nyyc5v,2ygs84fk,65,1,4,2,4,2,6265,0.0,1490.0
d3nyyc5v,lpish8wh,65,2,4,2,2,4,550,0.0,1490.0
d3nyyc5v,2ygs84fk,66,1,2,5,5,2,1165,0.0,1490.0
d3nyyc5v,lpish8wh,66,2,5,2,2,5,1144,0.0,1490.0
d3nyyc5v,2ygs84fk,67,1,1,6,6,1,1550,10.0,1490.0
d3nyyc5v,lpish8wh,67,2,1,6,6,1,425,10.0,1490.0
d3nyyc5v,2ygs84fk,68,1,7,3,7,3,975,10.0,1490.0
d3nyyc5v,lpish8wh,68,2,3,7,7,3,430,10.0,1490.0
d3nyyc5v,2ygs84fk,69,1,5,7,7,5,891,10.0,1490.0
d3nyyc5v,lpish8wh,69,2,5,7,7,5,469,10.0,1490.0
d3nyyc5v,2ygs84fk,70,1,5,4,4,5,1096,10.0,1490.0
d3nyyc5v,lpish8wh,70,2,5,4,4,5,528,10.0,1490.0
d3nyyc5v,2ygs84fk,71,1,7,6,7,6,1159,10.0,1490.0
d3nyyc5v,lpish8wh,71,2,6,7,7,6,569,10.0,1490.0
d3nyyc5v,2ygs84fk,72,1,6,2,6,2,1041,0.0,1490.0
d3nyyc5v,lpish8wh,72,2,6,2,2,6,960,0.0,1490.0
d3nyyc5v,2ygs84fk,73,1,6,3,6,3,1584,10.0,1490.0
d3nyyc5v,lpish8wh,73,2,3,6,6,3,596,10.0,1490.0
d3nyyc5v,2ygs84fk,74,1,1,5,5,1,1057,0.0,1490.0
d3nyyc5v,lpish8wh,74,2,5,1,1,5,306,0.0,1490.0
d3nyyc5v,2ygs84fk,75,1,4,3,4,3,904,0.0,1490.0
d3nyyc5v,lpish8wh,75,2,4,3,3,4,375,0.0,1490.0
d3nyyc5v,2ygs84fk,76,1,3,5,5,3,972,0.0,1490.0
d3nyyc5v,lpish8wh,76,2,5,3,3,5,638,0.0,1490.0
d3nyyc5v,2ygs84fk,77,1,2,7,7,2,822,10.0,1490.0
d3nyyc5v,lpish8wh,77,2,2,7,7,2,277,10.0,1490.0
d3nyyc5v,2ygs84fk,78,1,3,2,2,3,1039,0.0,1490.0
d3nyyc5v,lpish8wh,78,2,2,3,3,2,598,0.0,1490.0
d3nyyc5v,2ygs84fk,79,1,7,1,7,1,679,10.0,1490.0
d3nyyc5v,lpish8wh,79,2,1,7,7,1,343,10.0,1490.0
d3nyyc5v,2ygs84fk,80,1,7,4,7,4,1253,0.0,1490.0
d3nyyc5v,lpish8wh,80,2,7,4,4,7,1273,0.0,1490.0
d3nyyc5v,2ygs84fk,81,1,1,3,3,1,898,10.0,1490.0
d3nyyc5v,lpish8wh,81,2,1,3,3,1,352,10.0,1490.0
d3nyyc5v,2ygs84fk,82,1,4,1,4,1,677,0.0,1490.0
d3nyyc5v,lpish8wh,82,2,4,1,1,4,843,0.0,1490.0
d3nyyc5v,2ygs84fk,83,1,6,4,4,6,1551,10.0,1490.0
d3nyyc5v,lpish8wh,83,2,6,4,4,6,524,10.0,1490.0
d3nyyc5v,2ygs84fk,84,1,2,1,2,1,1126,0.0,1490.0
d3nyyc5v,lpish8wh,84,2,2,1,1,2,264,0.0,1490.0
d3nyyc5v,2ygs84fk,85,1,7,2,7,2,934,0.0,1490.0
d3nyyc5v,lpish8wh,85,2,7,2,2,7,510,0.0,1490.0
d3nyyc5v,2ygs84fk,86,1,6,5,5,6,1113,10.0,1490.0
d3nyyc5v,lpish8wh,86,2,6,5,5,6,222,10.0,1490.0
d3nyyc5v,2ygs84fk,87,1,2,1,2,1,1247,10.0,1490.0
d3nyyc5v,lpish8wh,87,2,1,2,2,1,272,10.0,1490.0
d3nyyc5v,2ygs84fk,88,1,7,6,7,6,1155,10.0,1490.0
d3nyyc5v,lpish8wh,88,2,6,7,7,6,470,10.0,1490.0
d3nyyc5v,2ygs84fk,89,1,1,5,5,1,1243,10.0,1490.0
d3nyyc5v,lpish8wh,89,2,1,5,5,1,400,10.0,1490.0
d3nyyc5v,2ygs84fk,90,1,2,3,2,3,994,0.0,1490.0
d3nyyc5v,lpish8wh,90,2,2,3,3,2,335,0.0,1490.0
d3nyyc5v,2ygs84fk,91,1,6,1,6,1,934,10.0,1490.0
d3nyyc5v,lpish8wh,91,2,1,6,6,1,340,10.0,1490.0
d3nyyc5v,2ygs84fk,92,1,5,3,5,3,742,10.0,1490.0
d3nyyc5v,lpish8wh,92,2,3,5,5,3,882,10.0,1490.0
d3nyyc5v,2ygs84fk,93,1,7,4,7,4,1256,10.0,1490.0
d3nyyc5v,lpish8wh,93,2,4,7,7,4,512,10.0,1490.0
d3nyyc5v,2ygs84fk,94,1,2,5,5,2,1426,0.0,1490.0
d3nyyc5v,lpish8wh,94,2,5,2,2,5,726,0.0,1490.0
d3nyyc5v,2ygs84fk,95,1,5,4,4,5,851,0.0,1490.0
d3nyyc5v,lpish8wh,95,2,4,5,5,4,596,0.0,1490.0
d3nyyc5v,2ygs84fk,96,1,4,6,4,6,2266,10.0,1490.0
d3nyyc5v,lpish8wh,96,2,6,4,4,6,448,10.0,1490.0
d3nyyc5v,2ygs84fk,97,1,2,4,4,2,828,10.0,1490.0
d3nyyc5v,lpish8wh,97,2,2,4,4,2,720,10.0,1490.0
d3nyyc5v,2ygs84fk,98,1,1,4,4,1,1629,0.0,1490.0
d3nyyc5v,lpish8wh,98,2,4,1,1,4,825,0.0,1490.0
d3nyyc5v,2ygs84fk,99,1,1,7,7,1,2274,10.0,1490.0
d3nyyc5v,lpish8wh,99,2,1,7,7,1,1866,10.0,1490.0
d3nyyc5v,2ygs84fk,100,1,1,3,1,3,1559,0.0,1490.0
d3nyyc5v,lpish8wh,100,2,1,3,3,1,1264,0.0,1490.0
d3nyyc5v,2ygs84fk,101,1,3,6,6,3,874,10.0,1490.0
d3nyyc5v,lpish8wh,101,2,3,6,6,3,313,10.0,1490.0
d3nyyc5v,2ygs84fk,102,1,2,6,2,6,2388,0.0,1490.0
d3nyyc5v,lpish8wh,102,2,2,6,6,2,457,0.0,1490.0
d3nyyc5v,2ygs84fk,103,1,7,3,7,3,688,10.0,1490.0
d3nyyc5v,lpish8wh,103,2,3,7,7,3,369,10.0,1490.0
d3nyyc5v,2ygs84fk,104,1,7,5,7,5,779,0.0,1490.0
d3nyyc5v,lpish8wh,104,2,7,5,5,7,627,0.0,1490.0
d3nyyc5v,2ygs84fk,105,1,4,3,4,3,637,10.0,1490.0
d3nyyc5v,lpish8wh,105,2,3,4,4,3,382,10.0,1490.0
d3nyyc5v,2ygs84fk,106,1,3,1,1,3,2153,10.0,1490.0
d3nyyc5v,lpish8wh,106,2,3,1,1,3,403,10.0,1490.0
d3nyyc5v,2ygs84fk,107,1,3,5,5,3,905,0.0,1490.0
d3nyyc5v,lpish8wh,107,2,5,3,3,5,948,0.0,1490.0
d3nyyc5v,2ygs84fk,108,1,6,2,6,2,1943,0.0,1490.0
d3nyyc5v,lpish8wh,108,2,6,2,2,6,1732,0.0,1490.0
d3nyyc5v,2ygs84fk,109,1,7,2,7,2,780,0.0,1490.0
d3nyyc5v,lpish8wh,109,2,7,2,2,7,346,0.0,1490.0
d3nyyc5v,2ygs84fk,110,1,5,6,5,6,1108,10.0,1490.0
d3nyyc5v,lpish8wh,110,2,6,5,5,6,499,10.0,1490.0
d3nyyc5v,2ygs84fk,111,1,1,2,2,1,1212,10.0,1490.0
d3nyyc5v,lpish8wh,111,2,1,2,2,1,2515,10.0,1490.0
d3nyyc5v,2ygs84fk,112,1,4,6,4,6,1033,0.0,1490.0
d3nyyc5v,lpish8wh,112,2,4,6,6,4,516,0.0,1490.0
d3nyyc5v,2ygs84fk,113,1,1,6,6,1,897,0.0,1490.0
d3nyyc5v,lpish8wh,113,2,6,1,1,6,272,0.0,1490.0
d3nyyc5v,2ygs84fk,114,1,7,1,7,1,779,10.0,1490.0
d3nyyc5v,lpish8wh,114,2,1,7,7,1,470,10.0,1490.0
d3nyyc5v,2ygs84fk,115,1,7,6,7,6,797,10.0,1490.0
d3nyyc5v,lpish8wh,115,2,6,7,7,6,554,10.0,1490.0
d3nyyc5v,2ygs84fk,116,1,3,4,4,3,629,0.0,1490.0
d3nyyc5v,lpish8wh,116,2,4,3,3,4,297,0.0,1490.0
d3nyyc5v,2ygs84fk,117,1,4,1,4,1,623,10.0,1490.0
d3nyyc5v,lpish8wh,117,2,1,4,4,1,211,10.0,1490.0
d3nyyc5v,2ygs84fk,118,1,7,4,7,4,962,10.0,1490.0
d3nyyc5v,lpish8wh,118,2,4,7,7,4,586,10.0,1490.0
d3nyyc5v,2ygs84fk,119,1,3,2,2,3,772,0.0,1490.0
d3nyyc5v,lpish8wh,119,2,2,3,3,2,1438,0.0,1490.0
d3nyyc5v,2ygs84fk,120,1,4,5,4,5,973,0.0,1490.0
d3nyyc5v,lpish8wh,120,2,4,5,5,4,829,0.0,1490.0
d3nyyc5v,2ygs84fk,121,1,3,6,6,3,832,10.0,1490.0
d3nyyc5v,lpish8wh,121,2,3,6,6,3,622,10.0,1490.0
d3nyyc5v,2ygs84fk,122,1,5,1,5,1,704,10.0,1490.0
d3nyyc5v,lpish8wh,122,2,1,5,5,1,665,10.0,1490.0
d3nyyc5v,2ygs84fk,123,1,7,5,7,5,1047,10.0,1490.0
d3nyyc5v,lpish8wh,123,2,5,7,7,5,662,10.0,1490.0
d3nyyc5v,2ygs84fk,124,1,2,4,4,2,676,10.0,1490.0
d3nyyc5v,lpish8wh,124,2,2,4,4,2,1120,10.0,1490.0
d3nyyc5v,2ygs84fk,125,1,7,3,7,3,629,0.0,1490.0
d3nyyc5v,lpish8wh,125,2,7,3,3,7,555,0.0,1490.0
d3nyyc5v,2ygs84fk,126,1,5,2,5,2,2831,0.0,1490.0
d3nyyc5v,lpish8wh,126,2,5,2,2,5,219,0.0,1490.0
d3nyyc5v,2ygs84fk,127,1,4,6,4,6,746,0.0,1490.0
d3nyyc5v,lpish8wh,127,2,4,6,6,4,888,0.0,1490.0
d3nyyc5v,2ygs84fk,128,1,1,6,6,1,1177,0.0,1490.0
d3nyyc5v,lpish8wh,128,2,6,1,1,6,1251,0.0,1490.0
d3nyyc5v,2ygs84fk,129,1,3,7,7,3,612,0.0,1490.0
d3nyyc5v,lpish8wh,129,2,7,3,3,7,342,0.0,1490.0
d3nyyc5v,2ygs84fk,130,1,7,1,7,1,664,10.0,1490.0
d3nyyc5v,lpish8wh,130,2,1,7,7,1,2255,10.0,1490.0
d3nyyc5v,2ygs84fk,131,1,6,5,5,6,2403,10.0,1490.0
d3nyyc5v,lpish8wh,131,2,6,5,5,6,320,10.0,1490.0
d3nyyc5v,2ygs84fk,132,1,7,6,7,6,631,0.0,1490.0
d3nyyc5v,lpish8wh,132,2,7,6,6,7,629,0.0,1490.0
d3nyyc5v,2ygs84fk,133,1,4,7,7,4,749,10.0,1490.0
d3nyyc5v,lpish8wh,133,2,4,7,7,4,1064,10.0,1490.0
d3nyyc5v,2ygs84fk,134,1,4,3,4,3,940,0.0,1490.0
d3nyyc5v,lpish8wh,134,2,4,3,3,4,1062,0.0,1490.0
d3nyyc5v,2ygs84fk,135,1,5,7,7,5,693,10.0,1490.0
d3nyyc5v,lpish8wh,135,2,5,7,7,5,233,10.0,1490.0
d3nyyc5v,2ygs84fk,136,1,2,5,5,2,1133,0.0,1490.0
d3nyyc5v,lpish8wh,136,2,5,2,2,5,1062,0.0,1490.0
d3nyyc5v,2ygs84fk,137,1,4,2,4,2,710,10.0,1490.0
d3nyyc5v,lpish8wh,137,2,2,4,4,2,178,10.0,1490.0
d3nyyc5v,2ygs84fk,138,1,6,2,2,6,711,10.0,1490.0
d3nyyc5v,lpish8wh,138,2,6,2,2,6,1030,10.0,1490.0
d3nyyc5v,2ygs84fk,139,1,7,2,7,2,665,10.0,1490.0
d3nyyc5v,lpish8wh,139,2,2,7,7,2,846,10.0,1490.0
d3nyyc5v,2ygs84fk,140,1,4,5,4,5,915,10.0,1490.0
d3nyyc5v,lpish8wh,140,2,5,4,4,5,617,10.0,1490.0
d3nyyc5v,2ygs84fk,141,1,4,1,4,1,656,0.0,1490.0
d3nyyc5v,lpish8wh,141,2,4,1,1,4,502,0.0,1490.0
d3nyyc5v,2ygs84fk,142,1,5,3,5,3,1380,10.0,1490.0
d3nyyc5v,lpish8wh,142,2,3,5,5,3,532,10.0,1490.0
d3nyyc5v,2ygs84fk,143,1,1,3,1,3,923,0.0,1490.0
d3nyyc5v,lpish8wh,143,2,1,3,3,1,581,0.0,1490.0
d3nyyc5v,2ygs84fk,144,1,3,2,2,3,877,0.0,1490.0
d3nyyc5v,lpish8wh,144,2,2,3,3,2,354,0.0,1490.0
d3nyyc5v,2ygs84fk,145,1,1,2,2,1,1140,10.0,1490.0
d3nyyc5v,lpish8wh,145,2,1,2,2,1,493,10.0,1490.0
d3nyyc5v,2ygs84fk,146,1,5,1,5,1,614,10.0,1490.0
d3nyyc5v,lpish8wh,146,2,1,5,5,1,183,10.0,1490.0
d3nyyc5v,2ygs84fk,147,1,3,6,6,3,783,0.0,1490.0
d3nyyc5v,lpish8wh,147,2,6,3,3,6,640,0.0,1490.0
d3nyyc5v,2ygs84fk,148,1,6,1,6,1,829,0.0,1490.0
d3nyyc5v,lpish8wh,148,2,6,1,1,6,1016,0.0,1490.0
d3nyyc5v,2ygs84fk,149,1,4,5,4,5,690,10.0,1490.0
d3nyyc5v,lpish8wh,149,2,5,4,4,5,1505,10.0,1490.0
d3nyyc5v,2ygs84fk,150,1,7,1,7,1,525,0.0,1490.0
d3nyyc5v,lpish8wh,150,2,7,1,1,7,717,0.0,1490.0
d3nyyc5v,2ygs84fk,151,1,3,7,7,3,538,10.0,1490.0
d3nyyc5v,lpish8wh,151,2,3,7,7,3,387,10.0,1490.0
d3nyyc5v,2ygs84fk,152,1,1,3,1,3,768,0.0,1490.0
d3nyyc5v,lpish8wh,152,2,1,3,3,1,442,0.0,1490.0
d3nyyc5v,2ygs84fk,153,1,6,2,6,2,1224,0.0,1490.0
d3nyyc5v,lpish8wh,153,2,6,2,2,6,299,0.0,1490.0
d3nyyc5v,2ygs84fk,154,1,7,2,7,2,713,0.0,1490.0
d3nyyc5v,lpish8wh,154,2,7,2,2,7,1668,0.0,1490.0
d3nyyc5v,2ygs84fk,155,1,5,3,5,3,812,10.0,1490.0
d3nyyc5v,lpish8wh,155,2,5,3,5,3,709,10.0,1490.0
d3nyyc5v,2ygs84fk,156,1,2,4,4,2,797,0.0,1490.0
d3nyyc5v,lpish8wh,156,2,2,4,2,4,754,0.0,1490.0
d3nyyc5v,2ygs84fk,157,1,3,6,6,3,884,0.0,1490.0
d3nyyc5v,lpish8wh,157,2,3,6,3,6,765,0.0,1490.0
d3nyyc5v,2ygs84fk,158,1,4,3,4,3,724,10.0,1490.0
d3nyyc5v,lpish8wh,158,2,3,4,4,3,536,10.0,1490.0
d3nyyc5v,2ygs84fk,159,1,6,7,7,6,584,10.0,1490.0
d3nyyc5v,lpish8wh,159,2,7,6,7,6,1159,10.0,1490.0
d3nyyc5v,2ygs84fk,160,1,5,7,7,5,553,0.0,1490.0
d3nyyc5v,lpish8wh,160,2,7,5,5,7,772,0.0,1490.0
d3nyyc5v,2ygs84fk,161,1,1,4,4,1,582,10.0,1490.0
d3nyyc5v,lpish8wh,161,2,4,1,4,1,428,10.0,1490.0
d3nyyc5v,2ygs84fk,162,1,5,6,5,6,1840,10.0,1490.0
d3nyyc5v,lpish8wh,162,2,6,5,5,6,580,10.0,1490.0
d3nyyc5v,2ygs84fk,163,1,5,2,5,2,1073,10.0,1490.0
d3nyyc5v,lpish8wh,163,2,5,2,5,2,350,10.0,1490.0
d3nyyc5v,2ygs84fk,164,1,6,4,4,6,846,0.0,1490.0
d3nyyc5v,lpish8wh,164,2,4,6,6,4,430,0.0,1490.0
d3nyyc5v,2ygs84fk,165,1,5,1,5,1,702,10.0,1490.0
d3nyyc5v,lpish8wh,165,2,5,1,5,1,437,10.0,1490.0
d3nyyc5v,2ygs84fk,166,1,1,2,2,1,775,0.0,1490.0
d3nyyc5v,lpish8wh,166,2,2,1,1,2,424,0.0,1490.0
d3nyyc5v,2ygs84fk,167,1,3,2,2,3,1898,0.0,1490.0
d3nyyc5v,lpish8wh,167,2,3,2,3,2,310,0.0,1490.0
d3nyyc5v,2ygs84fk,168,1,7,4,7,4,611,0.0,1490.0
d3nyyc5v,lpish8wh,168,2,7,4,4,7,412,0.0,1490.0
d3nyyc5v,2ygs84fk,169,1,1,4,4,1,616,10.0,1490.0
d3nyyc5v,lpish8wh,169,2,4,1,4,1,536,10.0,1490.0
d3nyyc5v,2ygs84fk,170,1,3,5,5,3,569,0.0,1490.0
d3nyyc5v,lpish8wh,170,2,5,3,3,5,513,0.0,1490.0
d3nyyc5v,2ygs84fk,171,1,7,6,7,6,587,0.0,1490.0
d3nyyc5v,lpish8wh,171,2,6,7,6,7,528,0.0,1490.0
d3nyyc5v,2ygs84fk,172,1,5,6,5,6,843,10.0,1490.0
d3nyyc5v,lpish8wh,172,2,5,6,5,6,1120,10.0,1490.0
d3nyyc5v,2ygs84fk,173,1,6,3,6,3,698,10.0,1490.0
d3nyyc5v,lpish8wh,173,2,3,6,6,3,1498,10.0,1490.0
d3nyyc5v,2ygs84fk,174,1,6,2,6,2,685,0.0,1490.0
d3nyyc5v,lpish8wh,174,2,2,6,2,6,695,0.0,1490.0
d3nyyc5v,2ygs84fk,175,1,1,6,6,1,847,10.0,1490.0
d3nyyc5v,lpish8wh,175,2,1,6,6,1,606,10.0,1490.0
d3nyyc5v,2ygs84fk,176,1,3,2,2,3,634,10.0,1490.0
d3nyyc5v,lpish8wh,176,2,2,3,2,3,547,10.0,1490.0
d3nyyc5v,2ygs84fk,177,1,1,7,7,1,574,10.0,1490.0
d3nyyc5v,lpish8wh,177,2,1,7,7,1,1098,10.0,1490.0
d3nyyc5v,2ygs84fk,178,1,4,5,4,5,903,10.0,1490.0
d3nyyc5v,lpish8wh,178,2,4,5,4,5,344,10.0,1490.0
d3nyyc5v,2ygs84fk,179,1,4,2,4,2,930,10.0,1490.0
d3nyyc5v,lpish8wh,179,2,2,4,4,2,162,10.0,1490.0
d3nyyc5v,2ygs84fk,180,1,2,1,2,1,1684,10.0,1490.0
d3nyyc5v,lpish8wh,180,2,2,1,2,1,369,10.0,1490.0
d3nyyc5v,2ygs84fk,181,1,7,3,7,3,785,0.0,1490.0
d3nyyc5v,lpish8wh,181,2,7,3,3,7,339,0.0,1490.0
d3nyyc5v,2ygs84fk,182,1,7,4,7,4,1007,0.0,1490.0
d3nyyc5v,lpish8wh,182,2,7,4,4,7,358,0.0,1490.0
d3nyyc5v,2ygs84fk,183,1,4,3,4,3,897,0.0,1490.0
d3nyyc5v,lpish8wh,183,2,3,4,3,4,434,0.0,1490.0
d3nyyc5v,2ygs84fk,184,1,6,4,4,6,1536,10.0,1490.0
d3nyyc5v,lpish8wh,184,2,6,4,4,6,967,10.0,1490.0
d3nyyc5v,2ygs84fk,185,1,5,1,5,1,900,0.0,1490.0
d3nyyc5v,lpish8wh,185,2,1,5,1,5,568,0.0,1490.0
d3nyyc5v,2ygs84fk,186,1,5,7,7,5,577,10.0,1490.0
d3nyyc5v,lpish8wh,186,2,5,7,7,5,444,10.0,1490.0
d3nyyc5v,2ygs84fk,187,1,5,2,5,2,763,10.0,1490.0
d3nyyc5v,lpish8wh,187,2,5,2,5,2,484,10.0,1490.0
d3nyyc5v,2ygs84fk,188,1,3,1,1,3,3685,10.0,1490.0
d3nyyc5v,lpish8wh,188,2,3,1,1,3,687,10.0,1490.0
d3nyyc5v,2ygs84fk,189,1,7,2,7,2,720,0.0,1490.0
d3nyyc5v,lpish8wh,189,2,2,7,2,7,538,0.0,1490.0
d3nyyc5v,2ygs84fk,190,1,5,7,7,5,545,10.0,1490.0
d3nyyc5v,lpish8wh,190,2,5,7,7,5,473,10.0,1490.0
d3nyyc5v,2ygs84fk,191,1,5,1,5,1,968,10.0,1490.0
d3nyyc5v,lpish8wh,191,2,5,1,5,1,1210,10.0,1490.0
d3nyyc5v,2ygs84fk,192,1,2,3,2,3,909,10.0,1490.0
d3nyyc5v,lpish8wh,192,2,3,2,2,3,434,10.0,1490.0
d3nyyc5v,2ygs84fk,193,1,7,3,7,3,628,0.0,1490.0
d3nyyc5v,lpish8wh,193,2,3,7,3,7,326,0.0,1490.0
d3nyyc5v,2ygs84fk,194,1,1,6,6,1,2145,0.0,1490.0
d3nyyc5v,lpish8wh,194,2,6,1,1,6,408,0.0,1490.0
d3nyyc5v,2ygs84fk,195,1,4,3,4,3,544,10.0,1490.0
d3nyyc5v,lpish8wh,195,2,4,3,4,3,467,10.0,1490.0
d3nyyc5v,2ygs84fk,196,1,2,5,5,2,613,0.0,1490.0
d3nyyc5v,lpish8wh,196,2,5,2,2,5,410,0.0,1490.0
d3nyyc5v,2ygs84fk,197,1,1,4,4,1,4208,0.0,1490.0
d3nyyc5v,lpish8wh,197,2,1,4,1,4,1397,0.0,1490.0
d3nyyc5v,2ygs84fk,198,1,4,6,4,6,647,10.0,1490.0
d3nyyc5v,lpish8wh,198,2,6,4,4,6,796,10.0,1490.0
d3nyyc5v,2ygs84fk,199,1,1,3,1,3,1052,10.0,1490.0
d3nyyc5v,lpish8wh,199,2,1,3,1,3,475,10.0,1490.0
d3nyyc5v,2ygs84fk,200,1,5,3,5,3,628,0.0,1490.0
d3nyyc5v,lpish8wh,200,2,5,3,3,5,360,0.0,1490.0
d3nyyc5v,2ygs84fk,201,1,1,2,2,1,1781,0.0,1490.0
d3nyyc5v,lpish8wh,201,2,1,2,1,2,1172,0.0,1490.0
d3nyyc5v,2ygs84fk,202,1,6,7,7,6,636,10.0,1490.0
d3nyyc5v,lpish8wh,202,2,6,7,7,6,566,10.0,1490.0
d3nyyc5v,2ygs84fk,203,1,4,2,4,2,854,10.0,1490.0
d3nyyc5v,lpish8wh,203,2,4,2,4,2,387,10.0,1490.0
d3nyyc5v,2ygs84fk,204,1,3,6,6,3,923,0.0,1490.0
d3nyyc5v,lpish8wh,204,2,6,3,3,6,368,0.0,1490.0
d3nyyc5v,2ygs84fk,205,1,6,5,5,6,950,10.0,1490.0
d3nyyc5v,lpish8wh,205,2,5,6,5,6,608,10.0,1490.0
d3nyyc5v,2ygs84fk,206,1,1,7,7,1,623,0.0,1490.0
d3nyyc5v,lpish8wh,206,2,7,1,1,7,418,0.0,1490.0
d3nyyc5v,2ygs84fk,207,1,2,7,7,2,511,0.0,1490.0
d3nyyc5v,lpish8wh,207,2,2,7,2,7,357,0.0,1490.0
d3nyyc5v,2ygs84fk,208,1,4,7,7,4,496,0.0,1490.0
d3nyyc5v,lpish8wh,208,2,7,4,4,7,724,0.0,1490.0
d3nyyc5v,2ygs84fk,209,1,2,6,2,6,2537,0.0,1490.0
d3nyyc5v,lpish8wh,209,2,6,2,6,2,522,0.0,1490.0
d3nyyc5v,2ygs84fk,210,1,4,5,4,5,685,10.0,1490.0
d3nyyc5v,lpish8wh,210,2,5,4,4,5,1362,10.0,1490.0
d3nyyc5v,2ygs84fk,211,1,4,7,7,4,912,0.0,1490.0
d3nyyc5v,lpish8wh,211,2,4,7,4,7,553,0.0,1490.0
d3nyyc5v,2ygs84fk,212,1,6,3,6,3,1033,10.0,1490.0
d3nyyc5v,lpish8wh,212,2,3,6,6,3,355,10.0,1490.0
d3nyyc5v,2ygs84fk,213,1,7,1,7,1,580,10.0,1490.0
d3nyyc5v,lpish8wh,213,2,7,1,7,1,423,10.0,1490.0
d3nyyc5v,2ygs84fk,214,1,4,6,4,6,830,10.0,1490.0
d3nyyc5v,lpish8wh,214,2,6,4,4,6,1686,10.0,1490.0
d3nyyc5v,2ygs84fk,215,1,1,2,2,1,1381,10.0,1490.0
d3nyyc5v,lpish8wh,215,2,2,1,2,1,395,10.0,1490.0
d3nyyc5v,2ygs84fk,216,1,7,5,7,5,679,10.0,1490.0
d3nyyc5v,lpish8wh,216,2,5,7,7,5,1035,10.0,1490.0
d3nyyc5v,2ygs84fk,217,1,5,4,4,5,627,0.0,1490.0
d3nyyc5v,lpish8wh,217,2,5,4,5,4,484,0.0,1490.0
d3nyyc5v,2ygs84fk,218,1,5,2,2,5,1360,10.0,1490.0
d3nyyc5v,lpish8wh,218,2,5,2,2,5,1538,10.0,1490.0
d3nyyc5v,2ygs84fk,219,1,2,7,7,2,573,10.0,1490.0
d3nyyc5v,lpish8wh,219,2,7,2,7,2,519,10.0,1490.0
d3nyyc5v,2ygs84fk,220,1,3,2,2,3,1449,10.0,1490.0
d3nyyc5v,lpish8wh,220,2,3,2,2,3,1714,10.0,1490.0
d3nyyc5v,2ygs84fk,221,1,1,6,6,1,710,0.0,1490.0
d3nyyc5v,lpish8wh,221,2,1,6,1,6,576,0.0,1490.0
d3nyyc5v,2ygs84fk,222,1,3,7,7,3,628,0.0,1490.0
d3nyyc5v,lpish8wh,222,2,7,3,3,7,647,0.0,1490.0
d3nyyc5v,2ygs84fk,223,1,3,4,4,3,477,10.0,1490.0
d3nyyc5v,lpish8wh,223,2,4,3,4,3,459,10.0,1490.0
d3nyyc5v,2ygs84fk,224,1,6,2,2,6,614,10.0,1490.0
d3nyyc5v,lpish8wh,224,2,6,2,2,6,384,10.0,1490.0
d3nyyc5v,2ygs84fk,225,1,2,4,2,4,1045,10.0,1490.0
d3nyyc5v,lpish8wh,225,2,2,4,2,4,677,10.0,1490.0
d3nyyc5v,2ygs84fk,226,1,3,1,1,3,1269,0.0,1490.0
d3nyyc5v,lpish8wh,226,2,1,3,3,1,415,0.0,1490.0
d3nyyc5v,2ygs84fk,227,1,1,5,5,1,1068,0.0,1490.0
d3nyyc5v,lpish8wh,227,2,1,5,1,5,888,0.0,1490.0
d3nyyc5v,2ygs84fk,228,1,4,1,4,1,690,0.0,1490.0
d3nyyc5v,lpish8wh,228,2,4,1,1,4,807,0.0,1490.0
d3nyyc5v,2ygs84fk,229,1,7,6,7,6,587,0.0,1490.0
d3nyyc5v,lpish8wh,229,2,6,7,6,7,473,0.0,1490.0
d3nyyc5v,2ygs84fk,230,1,3,5,5,3,786,0.0,1490.0
d3nyyc5v,lpish8wh,230,2,5,3,3,5,435,0.0,1490.0
d3nyyc5v,2ygs84fk,231,1,5,6,5,6,703,0.0,1490.0
d3nyyc5v,lpish8wh,231,2,5,6,6,5,892,0.0,1490.0
d3nyyc5v,2ygs84fk,232,1,3,4,4,3,666,0.0,1490.0
d3nyyc5v,lpish8wh,232,2,4,3,3,4,322,0.0,1490.0
d3nyyc5v,2ygs84fk,233,1,6,1,6,1,2177,10.0,1490.0
d3nyyc5v,lpish8wh,233,2,1,6,6,1,307,10.0,1490.0
d3nyyc5v,2ygs84fk,234,1,4,6,4,6,883,10.0,1490.0
d3nyyc5v,lpish8wh,234,2,6,4,4,6,503,10.0,1490.0
d3nyyc5v,2ygs84fk,235,1,3,1,1,3,1172,10.0,1490.0
d3nyyc5v,lpish8wh,235,2,3,1,1,3,337,10.0,1490.0
d3nyyc5v,2ygs84fk,236,1,5,4,4,5,852,0.0,1490.0
d3nyyc5v,lpish8wh,236,2,4,5,5,4,381,0.0,1490.0
d3nyyc5v,2ygs84fk,237,1,5,6,6,5,935,10.0,1490.0
d3nyyc5v,lpish8wh,237,2,5,6,6,5,417,10.0,1490.0
d3nyyc5v,2ygs84fk,238,1,5,3,5,3,928,0.0,1490.0
d3nyyc5v,lpish8wh,238,2,5,3,3,5,1372,0.0,1490.0
d3nyyc5v,2ygs84fk,239,1,2,3,2,3,786,0.0,1490.0
d3nyyc5v,lpish8wh,239,2,2,3,3,2,525,0.0,1490.0
d3nyyc5v,2ygs84fk,240,1,6,7,7,6,755,0.0,1490.0
d3nyyc5v,lpish8wh,240,2,7,6,6,7,639,0.0,1490.0
d3nyyc5v,2ygs84fk,241,1,3,6,6,3,547,10.0,1490.0
d3nyyc5v,lpish8wh,241,2,3,6,6,3,337,10.0,1490.0
d3nyyc5v,2ygs84fk,242,1,4,7,7,4,535,10.0,1490.0
d3nyyc5v,lpish8wh,242,2,4,7,7,4,929,10.0,1490.0
d3nyyc5v,2ygs84fk,243,1,6,2,2,6,666,10.0,1490.0
d3nyyc5v,lpish8wh,243,2,6,2,2,6,419,10.0,1490.0
d3nyyc5v,2ygs84fk,244,1,2,1,2,1,656,10.0,1490.0
d3nyyc5v,lpish8wh,244,2,1,2,2,1,614,10.0,1490.0
d3nyyc5v,2ygs84fk,245,1,4,2,2,4,678,10.0,1490.0
d3nyyc5v,lpish8wh,245,2,4,2,2,4,412,10.0,1490.0
d3nyyc5v,2ygs84fk,246,1,1,4,4,1,831,0.0,1490.0
d3nyyc5v,lpish8wh,246,2,4,1,1,4,408,0.0,1490.0
d3nyyc5v,2ygs84fk,247,1,1,7,7,1,535,0.0,1490.0
d3nyyc5v,lpish8wh,247,2,7,1,1,7,489,0.0,1490.0
d3nyyc5v,2ygs84fk,248,1,5,1,5,1,958,0.0,1490.0
d3nyyc5v,lpish8wh,248,2,5,1,1,5,427,0.0,1490.0
d3nyyc5v,2ygs84fk,249,1,5,2,5,2,897,10.0,1490.0
d3nyyc5v,lpish8wh,249,2,2,5,5,2,554,10.0,1490.0
d3nyyc5v,2ygs84fk,250,1,7,3,7,3,574,10.0,1490.0
d3nyyc5v,lpish8wh,250,2,3,7,7,3,1753,10.0,1490.0
d3nyyc5v,2ygs84fk,251,1,2,7,7,2,546,10.0,1490.0
d3nyyc5v,lpish8wh,251,2,2,7,7,2,983,10.0,1490.0
d3nyyc5v,2ygs84fk,252,1,5,7,7,5,1523,10.0,1490.0
d3nyyc5v,lpish8wh,252,2,5,7,7,5,385,10.0,1490.0
d3nyyc5v,2ygs84fk,253,1,1,5,5,1,2189,0.0,1490.0
d3nyyc5v,lpish8wh,253,2,5,1,1,5,656,0.0,1490.0
d3nyyc5v,2ygs84fk,254,1,3,2,2,3,1229,10.0,1490.0
d3nyyc5v,lpish8wh,254,2,3,2,2,3,247,10.0,1490.0
d3nyyc5v,2ygs84fk,255,1,2,5,5,2,611,10.0,1490.0
d3nyyc5v,lpish8wh,255,2,2,5,5,2,596,10.0,1490.0
d3nyyc5v,2ygs84fk,256,1,7,1,7,1,624,10.0,1490.0
d3nyyc5v,lpish8wh,256,2,1,7,7,1,947,10.0,1490.0
d3nyyc5v,2ygs84fk,257,1,3,6,6,3,1174,0.0,1490.0
d3nyyc5v,lpish8wh,257,2,6,3,3,6,490,0.0,1490.0
d3nyyc5v,2ygs84fk,258,1,6,5,5,6,611,0.0,1490.0
d3nyyc5v,lpish8wh,258,2,5,6,6,5,2154,0.0,1490.0
d3nyyc5v,2ygs84fk,259,1,5,3,5,3,607,10.0,1490.0
d3nyyc5v,lpish8wh,259,2,3,5,5,3,493,10.0,1490.0
d3nyyc5v,2ygs84fk,260,1,5,4,5,4,1642,10.0,1490.0
d3nyyc5v,lpish8wh,260,2,4,5,5,4,595,10.0,1490.0
d3nyyc5v,2ygs84fk,261,1,1,6,6,1,1739,10.0,1490.0
d3nyyc5v,lpish8wh,261,2,1,6,6,1,639,10.0,1490.0
d3nyyc5v,2ygs84fk,262,1,1,4,4,1,476,10.0,1490.0
d3nyyc5v,lpish8wh,262,2,1,4,4,1,585,10.0,1490.0
d3nyyc5v,2ygs84fk,263,1,4,7,7,4,643,10.0,1490.0
d3nyyc5v,lpish8wh,263,2,4,7,7,4,681,10.0,1490.0
d3nyyc5v,2ygs84fk,264,1,1,3,1,3,1128,0.0,1490.0
d3nyyc5v,lpish8wh,264,2,1,3,3,1,365,0.0,1490.0
d3nyyc5v,2ygs84fk,265,1,6,2,2,6,1930,0.0,1490.0
d3nyyc5v,lpish8wh,265,2,2,6,6,2,814,0.0,1490.0
d3nyyc5v,2ygs84fk,266,1,4,3,4,3,648,10.0,1490.0
d3nyyc5v,lpish8wh,266,2,3,4,4,3,332,10.0,1490.0
d3nyyc5v,2ygs84fk,267,1,2,4,4,2,1463,0.0,1490.0
d3nyyc5v,lpish8wh,267,2,4,2,2,4,466,0.0,1490.0
d3nyyc5v,2ygs84fk,268,1,6,4,4,6,2034,10.0,1490.0
d3nyyc5v,lpish8wh,268,2,6,4,4,6,410,10.0,1490.0
d3nyyc5v,2ygs84fk,269,1,7,3,7,3,782,10.0,1490.0
d3nyyc5v,lpish8wh,269,2,3,7,7,3,426,10.0,1490.0
d3nyyc5v,2ygs84fk,270,1,6,7,7,6,1462,10.0,1490.0
d3nyyc5v,lpish8wh,270,2,6,7,7,6,427,10.0,1490.0
d3nyyc5v,2ygs84fk,271,1,7,2,7,2,1624,10.0,1490.0
d3nyyc5v,lpish8wh,271,2,2,7,7,2,730,10.0,1490.0
d3nyyc5v,2ygs84fk,272,1,5,7,7,5,739,0.0,1490.0
d3nyyc5v,lpish8wh,272,2,7,5,5,7,440,0.0,1490.0
d3nyyc5v,2ygs84fk,273,1,2,1,2,1,698,10.0,1490.0
d3nyyc5v,lpish8wh,273,2,1,2,2,1,250,10.0,1490.0
d3nyyc5v,2ygs84fk,274,1,7,6,7,6,664,10.0,1490.0
d3nyyc5v,lpish8wh,274,2,6,7,7,6,503,10.0,1490.0
d3nyyc5v,2ygs84fk,275,1,6,3,6,3,678,10.0,1490.0
d3nyyc5v,lpish8wh,275,2,3,6,6,3,429,10.0,1490.0
d3nyyc5v,2ygs84fk,276,1,3,7,7,3,633,10.0,1490.0
d3nyyc5v,lpish8wh,276,2,3,7,7,3,265,10.0,1490.0
d3nyyc5v,2ygs84fk,277,1,6,1,6,1,679,10.0,1490.0
d3nyyc5v,lpish8wh,277,2,1,6,6,1,1048,10.0,1490.0
d3nyyc5v,2ygs84fk,278,1,6,4,4,6,586,0.0,1490.0
d3nyyc5v,lpish8wh,278,2,4,6,6,4,351,0.0,1490.0
d3nyyc5v,2ygs84fk,279,1,5,2,2,5,1346,0.0,1490.0
d3nyyc5v,lpish8wh,279,2,2,5,5,2,634,0.0,1490.0
d3nyyc5v,2ygs84fk,280,1,2,6,2,6,739,0.0,1490.0
d3nyyc5v,lpish8wh,280,2,2,6,6,2,268,0.0,1490.0
d3nyyc5v,2ygs84fk,281,1,6,5,5,6,901,10.0,1490.0
d3nyyc5v,lpish8wh,281,2,6,5,5,6,217,10.0,1490.0
d3nyyc5v,2ygs84fk,282,1,5,1,5,1,587,10.0,1490.0
d3nyyc5v,lpish8wh,282,2,1,5,5,1,329,10.0,1490.0
d3nyyc5v,2ygs84fk,283,1,1,3,1,3,1728,10.0,1490.0
d3nyyc5v,lpish8wh,283,2,3,1,1,3,773,10.0,1490.0
d3nyyc5v,2ygs84fk,284,1,3,4,4,3,622,0.0,1490.0
d3nyyc5v,lpish8wh,284,2,4,3,3,4,605,0.0,1490.0
d3nyyc5v,2ygs84fk,285,1,7,2,7,2,975,0.0,1490.0
d3nyyc5v,lpish8wh,285,2,7,2,2,7,336,0.0,1490.0
d3nyyc5v,2ygs84fk,286,1,7,5,7,5,1032,0.0,1490.0
d3nyyc5v,lpish8wh,286,2,7,5,5,7,212,0.0,1490.0
d3nyyc5v,2ygs84fk,287,1,1,4,4,1,669,10.0,1490.0
d3nyyc5v,lpish8wh,287,2,1,4,4,1,356,10.0,1490.0
d3nyyc5v,2ygs84fk,288,1,4,5,5,4,2195,10.0,1490.0
d3nyyc5v,lpish8wh,288,2,4,5,5,4,410,10.0,1490.0
d3nyyc5v,2ygs84fk,289,1,1,2,2,1,895,10.0,1490.0
d3nyyc5v,lpish8wh,289,2,1,2,2,1,309,10.0,1490.0
d3nyyc5v,2ygs84fk,290,1,3,2,2,3,673,0.0,1490.0
d3nyyc5v,lpish8wh,290,2,2,3,3,2,622,0.0,1490.0
d3nyyc5v,2ygs84fk,291,1,2,4,4,2,1239,0.0,1490.0
d3nyyc5v,lpish8wh,291,2,4,2,2,4,430,0.0,1490.0
d3nyyc5v,2ygs84fk,292,1,7,4,7,4,595,0.0,1490.0
d3nyyc5v,lpish8wh,292,2,7,4,4,7,568,0.0,1490.0
d3nyyc5v,2ygs84fk,293,1,5,3,5,3,819,0.0,1490.0
d3nyyc5v,lpish8wh,293,2,5,3,3,5,603,0.0,1490.0
d3nyyc5v,2ygs84fk,294,1,1,7,7,1,836,0.0,1490.0
d3nyyc5v,lpish8wh,294,2,7,1,1,7,389,0.0,1490.0
