"","1","6","5","4","7"
"1",1050,950,1000,1000,1000
"2",1033,907,1043,1018,989
"3",1016,870,1068,1037,978
"4",999,878,1094,1060,966
"5",1030,885,1101,1082,955
"6",1061,893,1108,1020,938
"7",1096,900,1114,1008,920
"8",1088,908,1121,996,893
"9",1080,915,1157,984,866
"10",1072,923,1164,989,840
"11",1064,918,1170,994,827
"12",1056,912,1210,999,822
"13",1071,907,1226,1004,818
"14",1086,877,1232,1009,814
"15",1104,860,1238,1014,809
"16",1112,842,1243,1019,801
"17",1119,856,1249,996,792
"18",1127,870,1251,1021,784
"19",1134,884,1253,1002,742
"20",1142,905,1255,983,738
"21",1150,927,1257,951,734
"22",1125,948,1259,919,731
"23",1099,986,1261,907,728
"24",1074,1024,1262,893,725
"25",1102,1032,1262,879,722
"26",1093,1039,1263,885,719
"27",1083,1033,1264,890,716
"28",1074,1026,1292,896,707
"29",1081,1020,1311,901,697
"30",1088,1026,1311,907,688
"31",1095,1032,1311,893,676
"32",1102,1019,1312,879,664
"33",1122,1005,1312,903,652
"34",1142,992,1312,902,652
"35",1143,986,1312,900,651
"36",1145,979,1325,899,649
"37",1146,964,1328,897,647
"38",1133,948,1332,896,671
"39",1120,932,1358,927,694
"40",1072,917,1360,958,718
"41",1025,914,1362,947,742
"42",1021,911,1364,935,742
"43",1018,930,1365,924,741
"44",1014,949,1376,912,734
"45",1024,968,1377,901,727
"46",1033,989,1378,914,720
"47",1042,979,1378,927,694
"48",1052,968,1379,889,710
"49",1072,958,1380,885,726
"50",1093,948,1381,894,741
"51",1123,918,1381,902,757
"52",1127,839,1382,911,773
"53",1131,838,1382,920,738
"54",1134,836,1383,918,738
"55",1138,850,1388,915,737
"56",1142,865,1389,904,737
"57",1146,880,1394,892,735
"58",1150,894,1399,834,732
"59",1153,903,1404,853,730
"60",1133,912,1409,872,780
"61",1090,920,1310,891,829
"62",1047,929,1262,910,915
"63",1058,938,1215,929,888
"64",1070,947,1217,912,862
"65",1081,925,1220,895,890
"66",1098,904,1222,840,917
"67",1116,882,1225,905,927
"68",1134,870,1227,893,936
"69",1151,862,1157,881,946
"70",1167,854,1128,869,955
"71",1154,842,1100,857,965
"72",1142,831,1071,943,982
"73",1129,819,1092,910,1000
"74",1117,886,1113,876,1023
"75",1104,878,1134,902,1045
"76",1064,870,1066,929,1068
"77",1025,863,1074,955,1055
"78",1056,855,1081,973,1042
"79",1082,832,1089,990,1029
"80",1108,851,1094,1008,1016
"81",1037,870,1099,1026,992
"82",1084,888,1105,988,969
"83",1092,907,1110,951,975
"84",1100,881,1115,942,981
"85",1108,857,1129,932,986
"86",1136,845,1143,923,992
"87",1163,834,1088,915,998
"88",1168,822,1057,908,1004
"89",1172,814,1026,900,1066
"90",1177,806,1038,892,1097
"91",1181,798,1050,918,1068
"92",1186,818,1107,944,1040
"93",1190,838,1029,970,1013
"94",1195,858,997,996,987
"95",1156,878,990,1023,960
"96",1116,864,983,1049,982
"97",1095,851,976,1076,1004
"98",1075,843,970,1010,1026
"99",1054,835,963,1026,1088
"100",1078,827,956,1042,1071
"101",1083,810,949,1058,1054
"102",1089,794,982,1067,1036
"103",1094,778,974,1076,1019
"104",1112,864,967,1085,1002
"105",1131,860,960,1095,965
"106",1161,857,952,1104,989
"107",1129,853,904,1113,1013
"108",1097,850,916,1122,1035
"109",1076,846,928,1140,1058
"110",1056,836,940,1073,1080
"111",1035,826,952,1049,1100
"112",1014,909,964,1025,1109
"113",1038,928,976,1001,1118
"114",1062,946,967,953,1127
"115",1040,965,958,897,1136
"116",1017,976,950,888,1145
"117",1039,988,941,878,1164
"118",1061,999,932,893,1169
"119",1042,1010,887,908,1175
"120",1024,1026,871,922,1180
"121",1006,1041,840,937,1170
"122",987,1060,860,952,1159
"123",1008,1079,880,914,1149
"124",1029,1048,900,854,1139
"125",1050,1016,885,850,1129
"126",1080,1052,870,845,1118
"127",1066,1088,897,840,1108
"128",1052,1077,925,836,1126
"129",1039,1067,952,858,1044
"130",1025,1056,919,880,1099
"131",1040,1046,886,902,1114
"132",1056,1035,855,927,1128
"133",1012,1025,850,951,1143
"134",1003,1014,844,976,1109
"135",995,1082,838,965,1075
"136",986,1055,833,954,1097
"137",977,1028,874,943,1130
"138",969,1001,914,960,1118
"139",960,1053,937,978,1107
"140",908,1018,960,995,1095
"141",939,984,983,964,1083
"142",970,992,1018,933,1072
"143",1001,999,1053,922,1060
"144",1032,1007,991,911,1076
"145",1022,1014,1002,900,1093
"146",1012,1022,1012,862,1107
"147",1001,1010,1023,830,1120
"148",991,999,1013,852,1134
"149",966,987,1004,874,1169
"150",940,1038,994,896,1125
"151",927,1066,985,918,1081
"152",915,1094,975,912,1025
"153",902,1071,966,906,1063
"154",969,1048,956,900,1049
"155",998,1025,1025,893,1036
"156",1027,967,1052,887,1022
"157",1004,988,1080,881,1008
"158",980,1010,1057,875,1016
"159",957,1000,1035,945,1025
"160",986,990,1012,1013,1033
"161",1015,980,954,988,1041
"162",1065,970,942,963,1050
"163",1070,960,930,980,1058
"164",1075,935,918,996,1094
"165",1080,910,908,1013,1064
"166",1084,900,899,1074,1033
"167",1089,891,889,1103,1048
"168",1094,881,914,1085,1062
"169",1064,832,938,1067,1077
"170",1035,826,974,1049,1092
"171",1055,820,1010,1031,1101
"172",1075,814,1002,1015,1110
"173",1095,838,995,1000,1050
"174",1108,863,987,984,1097
"175",1120,887,980,911,1105
"176",1133,928,972,905,1113
"177",1052,968,996,899,1120
"178",1062,919,1021,892,1128
"179",1073,905,982,886,1136
"180",1083,892,1002,880,1117
"181",1112,878,1023,901,1098
"182",1140,869,1037,922,1079
"183",1158,860,1052,943,1063
"184",1074,848,1066,964,1046
"185",1017,836,1080,982,1030
"186",1022,824,1060,1000,1013
"187",1027,906,1039,1030,997
"188",1032,897,1019,1061,1026
"189",1037,888,1046,1002,1056
"190",1042,878,1074,1020,1001
"191",1047,869,1036,1039,988
"192",1052,946,997,1027,976
"193",1057,906,1022,1014,963
"194",1042,925,1048,1002,950
"195",1028,943,1097,990,922
"196",1013,962,1083,1020,894
"197",998,958,1068,1049,880
"198",964,954,1054,1078,865
"199",930,949,1039,1059,933
"200",1002,945,1025,1040,954
"201",1018,941,1082,1021,974
"202",1035,937,1065,959,995
"203",1051,933,1048,990,946
"204",988,928,1031,1022,980
"205",1002,924,1014,1043,1014
"206",1015,920,991,1064,1002
"207",1029,879,969,1072,990
"208",1048,947,946,1081,979
"209",1067,976,908,1089,967
"210",1050,1006,916,1097,955
"211",1034,1049,925,1106,912
"212",1017,1034,934,1114,950
"213",990,1018,942,1038,988
"214",963,1002,950,1019,1042
"215",1025,987,959,1000,1019
"216",1006,1044,968,981,997
"217",987,1058,976,967,974
"218",968,1072,1033,952,984
"219",958,1085,1076,938,994
"220",948,1099,1021,919,1004
"221",938,1071,1059,900,1014
"222",929,1043,1115,920,1024
"223",919,983,1099,939,1034
"224",909,996,1083,959,1004
"225",889,1010,1066,1019,974
"226",869,1023,1050,1007,990
"227",950,1039,1034,994,1005
"228",903,1056,1017,982,1021
"229",890,1072,999,970,1047
"230",877,1046,982,984,1073
"231",864,1021,1021,997,1059
"232",941,995,1040,1010,1044
"233",932,941,1059,1024,1030
"234",922,921,1078,1037,1016
"235",912,901,1090,1049,1056
"236",903,897,1102,1062,1070
"237",874,893,1114,1038,1085
"238",865,888,1126,1014,1105
"239",856,884,1136,974,1125
"240",847,880,1147,992,1139
"241",838,876,1162,1010,1154
"242",851,873,1178,979,1168
"243",864,870,1121,990,1182
"244",877,866,1080,1002,1196
"245",890,948,1039,1014,1205
"246",903,902,1027,1025,1214
"247",916,887,1015,998,1223
"248",929,871,1004,995,1132
"249",975,856,992,992,1140
"250",1034,893,980,990,1147
"251",960,930,965,987,1154
"252",952,956,950,984,1162
"253",944,983,897,981,1174
"254",936,999,874,979,1186
"255",981,1015,852,976,1198
"256",991,1030,886,973,1211
"257",1001,1046,919,906,1172
"258",1010,1062,932,942,1132
"259",1020,991,944,977,1119
"260",1030,1007,957,928,1107
"261",1020,1022,970,877,1094
"262",1010,1038,923,898,1082
"263",1000,1101,938,918,1069
"264",990,1141,952,938,1052
"265",960,1059,967,959,1034
"266",931,1049,982,948,1017
"267",1000,1038,1008,937,1000
"268",1022,1028,1035,926,947
"269",1044,1018,1018,915,920
"270",1028,1007,1000,970,892
"271",1013,997,983,1032,926
"272",998,1010,966,1019,961
"273",982,1024,992,1006,1023
"274",930,1037,1018,994,1012
"275",962,1050,965,981,1000
"276",994,1073,974,968,988
"277",1015,1096,983,944,977
"278",1037,1064,991,919,1026
"279",1058,1032,1000,897,1042
"280",1066,1045,1009,875,1058
"281",1074,1059,961,863,1074
"282",1081,1072,921,851,1083
"283",1089,1089,890,839,1092
"284",1063,1107,938,827,1101
"285",1037,1124,944,820,1110
"286",992,1098,950,813,1119
"287",1006,1073,957,806,1170
"288",1020,1045,963,799,1174
"289",1011,1017,969,790,1179
"290",1002,989,976,874,1158
"291",992,923,982,940,1138
"292",983,964,988,890,1118
"293",974,1005,1016,902,1097
"294",965,1026,1043,913,1068
"295",953,1047,1101,925,1039
"296",941,1068,1038,937,1016
"297",929,1104,1038,948,992
"298",957,1104,1038,960,969
"299",985,1104,1038,987,913
"300",931,1104,1038,1014,913
