"","4","2","3","5","1","7","6"
"1",1050,950,1000,1000,1000,1000,1000
"2",1057,907,1043,968,1019,1014,988
"3",1064,970,1015,937,1037,1029,976
"4",1071,965,987,957,1056,1044,965
"5",1078,960,998,976,998,1058,953
"6",1085,955,1009,996,989,1070,941
"7",1092,950,1020,954,979,1081,919
"8",1104,945,1031,968,970,1092,897
"9",1115,941,985,982,961,1104,892
"10",1127,936,950,996,951,1109,886
"11",1138,931,956,1010,942,1114,881
"12",1148,926,962,1006,960,1120,876
"13",1158,921,968,1001,978,1125,855
"14",1168,916,974,997,996,1131,877
"15",1178,908,980,992,966,1136,898
"16",1186,901,986,988,901,1142,920
"17",1195,893,992,983,899,1148,932
"18",1203,878,998,979,897,1179,943
"19",1211,862,1004,925,895,1162,954
"20",1220,847,1008,920,893,1146,966
"21",1228,845,1012,916,890,1129,964
"22",1242,843,1016,911,888,1140,962
"23",1246,841,1020,889,886,1151,960
"24",1250,839,1024,885,884,1160,958
"25",1254,825,1028,881,882,1170,956
"26",1258,811,1032,877,875,1175,954
"27",1262,801,1025,872,868,1180,952
"28",1266,786,1017,868,860,1186,950
"29",1268,771,1010,864,853,1193,980
"30",1271,763,1002,860,846,1199,1016
"31",1273,756,995,856,851,1206,1049
"32",1275,748,987,869,856,1212,1017
"33",1277,741,980,881,861,1227,1069
"34",1280,733,972,894,865,1242,1067
"35",1282,722,964,881,870,1257,1065
"36",1222,710,960,868,875,1272,1062
"37",1226,699,957,855,880,1277,1060
"38",1230,696,954,842,932,1281,1058
"39",1233,694,950,860,924,1286,1056
"40",1237,691,972,878,917,1292,1054
"41",1238,688,995,895,872,1297,1051
"42",1239,686,924,913,870,1302,1049
"43",1240,683,931,918,868,1308,1047
"44",1241,681,938,923,866,1314,1037
"45",1242,678,945,928,886,1316,1026
"46",1244,658,942,933,905,1318,1016
"47",1245,650,940,874,925,1320,1005
"48",1246,641,938,898,942,1322,995
"49",1247,641,935,923,940,1324,984
"50",1248,641,962,947,939,1325,974
"51",1249,641,990,932,937,1327,919
"52",1250,641,1012,918,936,1328,906
"53",1254,640,1034,903,934,1330,897
"54",1257,640,1031,896,932,1331,887
"55",1261,640,1027,885,931,1331,878
"56",1274,640,1024,884,929,1332,868
"57",1281,640,1021,883,976,1332,859
"58",1287,640,1017,882,987,1332,866
"59",1294,629,1014,881,998,1341,874
"60",1294,618,996,879,1009,1350,881
"61",1295,617,977,878,1020,1359,883
"62",1272,615,959,877,1031,1368,885
"63",1250,613,965,876,1007,1377,887
"64",1260,611,971,875,984,1379,889
"65",1262,609,977,946,960,1382,891
"66",1264,607,982,952,953,1384,893
"67",1266,605,988,958,948,1384,895
"68",1268,589,994,965,943,1384,897
"69",1271,589,1000,972,938,1384,856
"70",1273,589,1004,980,933,1384,844
"71",1275,582,1007,987,928,1384,832
"72",1277,582,998,994,923,1385,820
"73",1279,581,988,986,918,1385,820
"74",1280,581,1010,979,913,1385,819
"75",1281,577,1033,972,908,1386,818
"76",1282,573,1048,964,914,1386,818
"77",1283,569,1063,956,920,1387,816
"78",1284,568,1078,949,917,1388,815
"79",1285,567,1075,947,913,1390,813
"80",1295,566,1072,945,910,1391,806
"81",1283,564,1068,943,919,1392,798
"82",1272,563,1065,942,928,1405,791
"83",1260,562,1069,942,938,1440,783
"84",1263,561,1072,941,947,1442,776
"85",1265,560,1076,940,943,1444,768
"86",1268,559,1080,940,948,1446,761
"87",1270,558,1084,939,953,1448,785
"88",1273,556,1088,926,958,1453,809
"89",1276,555,1092,854,962,1457,833
"90",1279,554,1096,862,967,1462,827
"91",1270,553,1100,870,972,1467,810
"92",1260,546,1104,862,977,1471,793
"93",1251,540,1108,854,965,1476,803
"94",1251,533,1112,846,953,1476,813
"95",1251,533,1116,838,941,1476,813
"96",1252,533,1124,830,981,1477,812
"97",1252,532,1132,814,977,1477,812
"98",1252,532,1126,808,972,1477,812
"99",1252,532,1120,803,968,1479,818
"100",1269,529,1113,797,964,1481,824
"101",1284,526,1107,792,970,1482,831
"102",1300,526,1101,786,981,1484,837
"103",1300,526,1092,781,992,1486,843
"104",1301,526,1093,775,1004,1486,850
"105",1301,524,1094,770,1015,1486,856
"106",1302,517,1060,764,1026,1486,862
"107",1302,511,1027,774,1037,1486,861
"108",1303,504,1028,784,1038,1486,860
"109",1303,502,1029,781,1038,1486,858
"110",1306,501,1030,779,1038,1486,857
"111",1309,501,1029,777,1039,1486,856
"112",1305,501,1028,775,1040,1486,856
"113",1300,498,1026,773,1040,1488,856
"114",1296,495,1025,771,1044,1491,855
"115",1292,491,1023,769,1047,1492,855
"116",1287,488,1020,767,1051,1505,865
"117",1283,488,1018,765,1054,1518,860
"118",1283,488,1016,763,1058,1518,855
"119",1283,488,1014,763,1066,1518,850
"120",1289,488,1012,763,1075,1518,845
"121",1295,488,1009,760,1083,1520,840
"122",1301,488,1007,757,1080,1522,833
"123",1312,488,1016,754,1077,1524,826
"124",1322,488,1026,752,1056,1524,819
"125",1322,488,1035,749,1046,1524,812
"126",1323,488,1052,746,1036,1524,792
"127",1324,488,1035,776,1025,1524,773
"128",1324,480,1018,805,1015,1524,753
"129",1324,471,1002,804,1005,1524,770
"130",1325,470,985,802,994,1525,812
"131",1322,469,968,843,984,1525,854
"132",1319,468,985,884,974,1525,853
"133",1316,467,1002,901,978,1525,853
"134",1313,466,1019,918,927,1525,852
"135",1310,464,1022,936,926,1526,852
"136",1307,464,953,953,926,1526,851
"137",1304,464,949,953,925,1526,851
"138",1301,464,946,952,931,1550,850
"139",1312,464,942,952,936,1551,850
"140",1317,464,941,952,942,1551,849
"141",1317,464,940,952,947,1552,848
"142",1317,464,939,951,953,1553,848
"143",1317,464,938,951,958,1555,828
"144",1317,464,937,952,964,1555,809
"145",1317,464,936,953,958,1555,803
"146",1328,462,935,954,953,1555,797
"147",1330,460,934,955,963,1555,790
"148",1332,460,933,956,974,1555,784
"149",1335,459,932,956,984,1555,778
"150",1337,458,931,957,984,1556,777
"151",1339,458,930,958,983,1556,776
"152",1342,457,930,958,983,1556,776
"153",1345,456,931,959,983,1564,776
"154",1348,455,932,950,983,1571,776
"155",1325,454,932,950,982,1579,776
"156",1326,453,933,949,982,1581,776
"157",1328,452,934,949,970,1582,776
"158",1329,451,935,973,958,1582,776
"159",1330,450,887,997,946,1582,776
"160",1332,449,878,1045,934,1582,776
"161",1333,448,869,1048,926,1582,776
"162",1333,447,861,1050,928,1582,776
"163",1333,446,852,1053,931,1582,780
"164",1333,440,843,1055,975,1582,784
"165",1333,434,853,1058,982,1582,788
"166",1333,434,863,1060,990,1582,779
"167",1334,433,873,1063,997,1582,770
"168",1334,432,883,1066,1005,1582,730
"169",1335,431,846,1069,1012,1582,730
"170",1336,430,845,1072,1008,1582,730
"171",1336,428,843,1075,1004,1587,718
"172",1337,427,842,1066,1000,1592,735
"173",1355,426,820,1057,996,1598,752
"174",1334,425,797,1056,992,1603,768
"175",1334,424,775,1056,988,1603,785
"176",1334,423,773,1055,984,1603,796
"177",1334,423,772,1055,980,1603,796
"178",1334,422,770,1054,976,1606,796
"179",1334,422,768,1055,972,1606,795
"180",1334,420,767,1099,968,1606,795
"181",1334,419,765,1103,971,1606,795
"182",1334,419,764,1108,968,1606,794
"183",1337,414,762,1112,966,1606,794
"184",1341,408,773,1111,964,1606,794
"185",1344,407,773,1111,961,1606,794
"186",1345,405,773,1110,960,1606,794
"187",1346,404,770,1110,960,1607,793
"188",1347,402,767,1109,974,1608,793
"189",1345,401,764,1109,988,1610,765
"190",1342,399,760,1108,994,1611,770
"191",1340,398,757,1114,999,1611,775
"192",1338,398,754,1120,1004,1611,763
"193",1336,398,751,1120,1010,1611,763
"194",1334,397,751,1121,1007,1611,762
"195",1331,397,752,1121,1004,1620,762
"196",1329,397,753,1104,1000,1629,762
"197",1342,397,755,1088,997,1630,761
"198",1344,397,756,1071,1030,1630,761
"199",1344,397,757,1054,1064,1631,754
"200",1344,397,758,1057,1078,1631,747
"201",1344,397,760,1060,1075,1632,747
"202",1344,397,761,1063,1075,1632,747
"203",1345,386,762,1066,1075,1632,747
"204",1345,386,747,1069,1076,1632,747
"205",1346,385,745,1066,1076,1632,747
"206",1349,385,758,1064,1076,1632,747
"207",1352,385,770,1061,1076,1632,747
"208",1356,384,782,1058,1076,1632,747
"209",1359,383,795,1056,1075,1636,697
"210",1362,382,797,1053,1075,1640,692
"211",1354,380,798,1063,1075,1645,687
"212",1345,379,800,1063,1075,1649,692
"213",1345,378,802,1062,1074,1650,696
"214",1345,364,802,1062,1074,1650,701
"215",1345,364,802,1062,1074,1651,701
"216",1345,363,802,1061,1075,1652,701
"217",1346,363,802,1061,1078,1653,701
"218",1346,363,802,1061,1082,1653,700
"219",1346,363,796,1062,1085,1653,700
"220",1346,362,791,1062,1089,1653,700
"221",1346,362,785,1067,1092,1653,700
"222",1346,362,777,1073,1089,1653,700
"223",1352,362,769,1078,1086,1653,730
"224",1357,362,709,1070,1084,1653,760
"225",1363,362,709,1061,1081,1653,757
"226",1363,362,709,1074,1078,1653,754
"227",1380,361,709,1088,1075,1653,750
"228",1380,360,708,1102,1088,1653,747
"229",1380,360,708,1115,1034,1653,747
"230",1381,359,708,1114,1037,1653,747
"231",1381,358,708,1114,1040,1653,744
"232",1384,357,708,1113,1043,1653,741
"233",1386,356,696,1113,1046,1654,738
"234",1389,356,695,1112,1054,1656,735
"235",1391,355,694,1114,1061,1662,732
"236",1394,354,692,1116,1048,1668,729
"237",1376,353,691,1119,1043,1674,726
"238",1382,352,690,1121,1038,1674,723
"239",1389,352,689,1128,1033,1674,725
"240",1395,351,695,1109,1028,1674,727
"241",1396,350,701,1119,1022,1674,728
"242",1396,346,700,1130,1017,1674,730
"243",1396,341,693,1140,1012,1674,732
"244",1397,341,687,1150,1007,1674,732
"245",1397,341,680,1150,1007,1674,731
"246",1397,341,674,1150,1008,1674,731
"247",1397,340,667,1150,1008,1674,731
"248",1397,340,661,1150,1008,1674,754
"249",1397,340,654,1150,1008,1674,777
"250",1397,340,657,1150,1008,1675,774
"251",1397,340,660,1158,1007,1675,772
"252",1394,334,664,1166,1007,1675,770
"253",1391,327,667,1173,992,1675,767
"254",1387,327,665,1181,976,1676,764
"255",1384,327,664,1178,975,1676,762
"256",1381,326,662,1175,971,1692,760
"257",1389,326,660,1172,967,1692,757
"258",1394,326,658,1170,968,1692,754
"259",1398,326,657,1167,993,1692,752
"260",1403,326,655,1164,1005,1692,752
"261",1407,326,655,1161,1006,1692,752
"262",1412,326,654,1158,1008,1694,752
"263",1412,326,653,1155,1009,1695,752
"264",1412,326,652,1157,1010,1695,751
"265",1412,326,651,1159,1012,1695,751
"266",1413,326,651,1159,1013,1695,751
"267",1413,326,651,1159,1014,1695,751
"268",1413,326,651,1159,1016,1695,748
"269",1413,324,651,1166,1017,1695,744
"270",1413,321,651,1168,1018,1695,744
"271",1413,319,651,1169,1019,1695,751
"272",1413,319,651,1170,1021,1695,769
"273",1417,319,615,1172,1022,1695,787
"274",1421,319,615,1174,1023,1695,782
"275",1425,319,615,1175,1025,1700,778
"276",1429,319,615,1165,1026,1704,757
"277",1433,319,615,1155,1026,1708,757
"278",1415,319,615,1155,1026,1713,757
"279",1415,319,615,1155,1027,1713,757
"280",1415,319,618,1155,1027,1713,757
"281",1415,318,621,1155,1027,1714,757
"282",1415,318,624,1154,1026,1714,756
"283",1418,310,627,1154,1026,1714,756
"284",1420,303,630,1154,1022,1715,756
"285",1423,303,624,1153,1018,1715,756
"286",1424,303,619,1153,1007,1716,756
"287",1424,303,614,1169,997,1716,756
"288",1424,303,608,1185,986,1716,756
"289",1424,303,602,1186,955,1716,756
"290",1424,303,597,1186,925,1716,789
"291",1424,303,689,1187,894,1716,790
"292",1424,303,688,1188,894,1716,792
"293",1424,299,686,1188,894,1716,793
"294",1424,299,685,1189,894,1716,793
