"","1","4","7","2","6","3","5"
"1",1050,950,1000,1000,1000,1000,1000
"2",1037,1007,943,1025,975,1014,991
"3",1024,998,922,1050,950,1028,982
"4",1012,988,901,1039,944,1042,973
"5",999,978,907,1027,937,1093,964
"6",1018,969,913,1016,931,1131,955
"7",1037,1023,918,1004,925,1115,946
"8",1056,1013,924,993,918,1100,924
"9",1042,1004,930,1036,912,1084,903
"10",1027,994,936,1099,906,1068,922
"11",1013,984,942,1138,899,1060,941
"12",998,996,947,1141,893,1051,960
"13",984,1008,953,1144,965,1043,931
"14",999,1019,959,1147,942,1034,902
"15",1015,1031,936,1150,918,1026,891
"16",1030,1023,913,1153,907,1017,880
"17",1063,1016,902,1156,896,1009,869
"18",1050,1008,892,1159,886,1000,907
"19",1037,1000,919,1164,875,992,945
"20",1023,992,946,1168,864,958,967
"21",1010,984,967,1173,931,925,989
"22",997,977,987,1177,922,939,1011
"23",994,969,1008,1182,912,953,983
"24",992,1025,1015,1186,903,966,955
"25",989,993,1023,1191,893,980,978
"26",986,986,1030,1150,884,994,1002
"27",984,979,1038,1108,880,1008,978
"28",981,972,1045,1072,875,1057,953
"29",978,966,1053,1037,870,1071,1024
"30",976,959,1060,1026,866,1084,972
"31",973,952,1074,1016,862,1098,976
"32",970,940,1087,1005,857,1089,980
"33",968,928,1130,994,853,1080,983
"34",965,916,1162,978,848,1070,987
"35",1013,904,1167,963,844,1061,991
"36",1060,911,1173,947,840,1052,995
"37",1115,918,1178,958,835,1043,998
"38",1117,925,1183,970,831,1069,1002
"39",1119,932,1188,981,797,1057,1006
"40",1122,939,1194,973,762,1044,1010
"41",1124,946,1199,965,756,1032,1014
"42",1126,953,1201,957,751,1014,1017
"43",1163,960,1204,950,750,995,1021
"44",1178,967,1206,942,749,942,1025
"45",1194,974,1209,934,747,970,994
"46",1197,981,1211,926,746,997,1008
"47",1200,988,1213,906,745,992,1021
"48",1208,995,1216,885,742,987,1035
"49",1216,1002,1218,878,738,983,972
"50",1224,978,1221,871,734,978,970
"51",1199,985,1223,865,731,973,968
"52",1174,992,1273,858,728,962,966
"53",1175,999,1274,851,724,950,964
"54",1176,1022,1276,844,721,938,962
"55",1177,1045,1283,837,715,927,960
"56",1178,1036,1290,830,710,935,958
"57",1180,1026,1309,824,704,942,964
"58",1181,1030,1310,817,698,950,971
"59",1182,1034,1310,810,773,944,978
"60",1183,1039,1310,805,747,938,984
"61",1184,1043,1311,800,754,933,974
"62",1185,1047,1312,779,760,927,964
"63",1187,1068,1312,776,767,921,953
"64",1188,1088,1317,774,774,915,943
"65",1190,1089,1322,771,780,910,933
"66",1191,1089,1322,769,787,904,959
"67",1195,1090,1322,742,793,898,985
"68",1198,1090,1323,716,800,893,998
"69",1202,1091,1323,714,774,888,1011
"70",1206,1091,1323,711,756,883,1003
"71",1218,1092,1324,709,739,918,994
"72",1231,1093,1324,706,738,915,986
"73",1222,1093,1324,704,737,913,992
"74",1213,1094,1332,701,736,910,997
"75",1204,1094,1350,699,734,905,1003
"76",1195,1095,1368,696,733,900,1000
"77",1200,1095,1372,694,732,894,997
"78",1188,1096,1376,691,729,889,994
"79",1175,1122,1380,691,727,884,991
"80",1163,1130,1384,691,724,889,988
"81",1150,1110,1388,690,724,894,986
"82",1138,1172,1388,690,724,899,983
"83",1146,1140,1389,690,724,904,980
"84",1154,1108,1389,665,724,909,977
"85",1162,1076,1389,761,723,900,974
"86",1170,1094,1390,772,723,891,971
"87",1164,1112,1390,782,723,881,935
"88",1159,1109,1390,793,723,872,958
"89",1154,1106,1401,804,721,863,981
"90",1148,1104,1412,814,719,831,982
"91",1149,1101,1419,825,717,799,983
"92",1150,1098,1426,825,714,842,984
"93",1151,1013,1428,824,712,884,985
"94",1151,1020,1429,824,710,881,986
"95",1152,1028,1430,823,708,877,988
"96",1153,1036,1431,823,705,872,989
"97",1154,1044,1432,819,702,868,990
"98",1171,1052,1433,816,690,864,991
"99",1182,1060,1434,812,679,845,992
"100",1168,1067,1435,847,667,826,993
"101",1154,1075,1435,837,654,806,994
"102",1139,1083,1436,827,731,787,1009
"103",1125,1091,1437,817,728,801,1024
"104",1111,1099,1438,814,725,815,1020
"105",1112,1068,1439,810,723,830,1016
"106",1113,1037,1439,807,720,844,1078
"107",1114,1051,1439,804,717,858,1036
"108",1115,1061,1440,800,717,872,993
"109",1115,1071,1440,797,716,871,989
"110",1116,1068,1440,790,716,871,986
"111",1117,1065,1442,783,713,870,982
"112",1118,1062,1451,776,711,864,978
"113",1119,1064,1452,769,708,857,974
"114",1138,1067,1453,762,701,851,970
"115",1153,1069,1453,755,693,893,967
"116",1168,1071,1454,753,686,896,963
"117",1172,1074,1455,750,679,899,959
"118",1175,1076,1455,748,671,902,964
"119",1172,1078,1455,792,664,906,969
"120",1170,1080,1456,792,649,909,974
"121",1167,1083,1456,791,630,912,983
"122",1164,1085,1456,791,630,904,991
"123",1162,1087,1464,765,630,897,1000
"124",1159,1090,1472,760,629,890,994
"125",1180,1092,1474,756,629,882,988
"126",1200,1051,1476,751,629,879,982
"127",1224,1052,1477,747,629,876,976
"128",1230,1053,1479,742,628,874,999
"129",1235,1054,1481,731,628,871,1006
"130",1237,1056,1483,721,628,887,1014
"131",1233,1057,1485,710,624,903,1021
"132",1229,1058,1487,699,621,884,1029
"133",1225,1076,1488,688,612,866,1036
"134",1221,1094,1490,678,602,885,1030
"135",1217,1111,1492,667,624,885,1024
"136",1146,1129,1492,656,645,885,1018
"137",1146,1141,1492,645,667,884,1011
"138",1147,1154,1492,645,667,884,1005
"139",1147,1166,1492,644,667,884,999
"140",1147,1168,1492,643,667,884,998
"141",1148,1169,1494,642,682,883,996
"142",1148,1174,1496,641,696,883,995
"143",1149,1180,1498,641,711,883,973
"144",1149,1185,1504,640,726,867,951
"145",1149,1172,1511,639,740,872,929
"146",1150,1172,1511,639,755,878,907
"147",1150,1173,1511,638,755,883,912
"148",1151,1173,1511,617,755,888,917
"149",1152,1174,1511,616,755,896,922
"150",1152,1174,1513,615,745,904,927
"151",1153,1176,1515,612,735,912,932
"152",1156,1178,1518,609,725,921,937
"153",1160,1179,1520,606,718,929,918
"154",1149,1181,1522,604,725,937,899
"155",1151,1183,1522,601,731,945,880
"156",1152,1185,1523,598,738,941,879
"157",1154,1186,1523,595,744,937,896
"158",1156,1188,1524,562,751,934,888
"159",1158,1190,1524,562,744,930,880
"160",1159,1209,1525,562,738,926,877
"161",1161,1205,1525,562,731,924,873
"162",1163,1200,1532,562,724,951,870
"163",1164,1196,1538,562,723,947,866
"164",1166,1169,1538,562,722,942,863
"165",1220,1142,1538,562,720,938,861
"166",1237,1144,1538,562,719,934,858
"167",1238,1147,1538,562,718,934,856
"168",1239,1149,1539,559,717,933,854
"169",1240,1154,1539,557,714,932,852
"170",1235,1160,1540,554,718,932,849
"171",1231,1165,1547,551,721,920,847
"172",1226,1185,1554,549,724,908,855
"173",1196,1204,1554,546,728,896,863
"174",1167,1224,1554,539,732,884,893
"175",1174,1224,1554,532,735,872,923
"176",1182,1225,1554,525,738,857,923
"177",1182,1225,1554,518,742,874,923
"178",1182,1226,1555,514,708,891,923
"179",1183,1226,1555,509,707,900,922
"180",1183,1227,1555,508,706,899,922
"181",1188,1227,1555,508,705,897,922
"182",1192,1228,1555,507,724,896,922
"183",1196,1228,1558,507,743,894,913
"184",1201,1224,1561,507,762,893,904
"185",1201,1220,1564,507,781,891,828
"186",1201,1216,1567,507,781,890,823
"187",1202,1222,1567,507,781,888,818
"188",1202,1229,1567,507,780,887,812
"189",1202,1231,1567,507,778,895,807
"190",1202,1233,1568,506,776,904,802
"191",1206,1235,1568,498,775,912,796
"192",1210,1235,1569,489,792,921,791
"193",1215,1235,1570,517,791,929,786
"194",1219,1236,1571,546,790,912,744
"195",1220,1236,1572,574,789,918,701
"196",1221,1236,1572,573,788,923,700
"197",1222,1252,1573,572,787,928,698
"198",1228,1269,1574,570,786,934,698
"199",1179,1285,1574,569,770,940,698
"200",1174,1282,1575,568,753,945,698
"201",1170,1279,1576,567,753,948,698
"202",1172,1276,1576,565,753,951,698
"203",1174,1273,1584,564,753,954,706
"204",1175,1270,1591,564,753,948,715
"205",1177,1283,1591,564,753,941,723
"206",1179,1284,1591,564,753,940,731
"207",1180,1284,1592,564,734,940,739
"208",1182,1285,1592,564,714,936,748
"209",1184,1285,1592,556,695,933,756
"210",1186,1286,1592,548,706,930,753
"211",1188,1289,1592,540,716,926,750
"212",1189,1288,1592,532,727,922,754
"213",1191,1286,1592,532,727,919,759
"214",1192,1285,1592,532,727,920,763
"215",1194,1284,1592,532,725,922,768
"216",1195,1283,1594,510,724,923,772
"217",1196,1281,1596,506,722,925,772
"218",1192,1280,1598,503,716,926,772
"219",1188,1279,1600,503,710,934,772
"220",1183,1278,1600,503,704,942,772
"221",1178,1276,1607,503,698,950,765
"222",1173,1275,1614,503,697,944,758
"223",1167,1288,1614,503,697,937,752
"224",1162,1290,1615,503,696,936,745
"225",1157,1308,1615,503,708,936,738
"226",1152,1326,1615,503,720,940,731
"227",1152,1326,1615,503,733,944,725
"228",1153,1326,1615,502,745,949,718
"229",1155,1326,1615,502,757,953,711
"230",1156,1326,1615,502,761,957,690
"231",1158,1326,1615,502,764,962,685
"232",1160,1326,1615,502,768,967,685
"233",1161,1326,1615,502,771,973,680
"234",1163,1327,1615,484,775,978,675
"235",1165,1327,1616,483,749,983,670
"236",1167,1328,1616,482,747,982,664
"237",1168,1328,1616,481,757,982,659
"238",1170,1328,1616,480,768,986,654
"239",1172,1329,1616,480,778,984,649
"240",1174,1329,1616,474,788,983,644
"241",1175,1329,1616,469,788,981,643
"242",1177,1321,1616,463,788,979,652
"243",1179,1313,1632,458,787,977,662
"244",1181,1319,1633,452,786,976,671
"245",1182,1325,1634,452,784,974,670
"246",1184,1335,1634,452,783,948,669
"247",1187,1346,1635,452,782,931,668
"248",1156,1356,1636,452,780,914,689
"249",1151,1354,1637,451,779,898,710
"250",1161,1351,1637,451,778,881,731
"251",1162,1349,1637,451,764,864,752
"252",1162,1347,1637,451,751,871,770
"253",1164,1345,1637,451,738,878,788
"254",1166,1342,1645,448,724,884,806
"255",1169,1340,1653,444,728,891,804
"256",1171,1343,1653,441,732,898,803
"257",1173,1344,1653,437,737,905,762
"258",1176,1344,1653,434,741,899,760
"259",1178,1345,1653,434,739,893,758
"260",1180,1355,1653,434,738,887,757
"261",1187,1364,1653,434,737,886,755
"262",1158,1374,1653,434,736,884,758
"263",1160,1378,1653,434,735,883,762
"264",1162,1378,1653,434,734,883,765
"265",1163,1380,1653,421,733,883,768
"266",1165,1382,1653,421,732,883,768
"267",1165,1384,1653,421,732,883,768
"268",1165,1386,1655,421,732,885,768
"269",1161,1388,1657,418,732,886,768
"270",1161,1390,1657,416,732,888,768
"271",1161,1392,1657,416,732,898,768
"272",1161,1394,1657,416,732,907,762
"273",1161,1396,1658,416,703,917,756
"274",1161,1398,1658,416,701,927,750
"275",1139,1400,1659,416,698,937,744
"276",1152,1400,1660,416,696,947,738
"277",1164,1400,1660,416,693,922,738
"278",1160,1400,1661,416,691,923,738
"279",1161,1401,1661,416,688,925,737
"280",1161,1401,1666,412,686,926,737
"281",1162,1401,1670,409,683,937,737
"282",1162,1392,1674,406,681,948,741
"283",1163,1383,1679,402,686,947,746
"284",1163,1384,1679,399,692,946,750
"285",1164,1385,1679,383,697,945,750
"286",1164,1387,1679,383,694,944,750
"287",1165,1388,1679,383,692,943,758
"288",1166,1389,1679,383,692,942,767
"289",1168,1389,1679,383,692,942,775
"290",1170,1389,1679,383,671,942,784
"291",1171,1389,1679,383,650,942,792
"292",1172,1389,1679,383,650,942,788
"293",1174,1389,1679,383,650,942,783
"294",1174,1389,1679,383,650,942,783
