participant_number,participant_code,age,sex,name,email,,,,,
1,yk6wg2wc,,,,,,,,,
2,36if8y5l,,,,,,,,,
session,participant_code,round_number,participant_number,left_stimuli,right_stimuli,response,loser,answered_time,payoff_round,total_payoff
0jrbmuhj,yk6wg2wc,1,1,4,3,3,4,5141,10,2490
0jrbmuhj,36if8y5l,1,2,4,3,3,4,1419,10,2490
0jrbmuhj,yk6wg2wc,2,1,2,6,6,2,1102,0,2490
0jrbmuhj,36if8y5l,2,2,6,2,2,6,1370,0,2490
0jrbmuhj,yk6wg2wc,3,1,6,7,6,7,1407,10,2490
0jrbmuhj,36if8y5l,3,2,6,7,6,7,1189,10,2490
0jrbmuhj,yk6wg2wc,4,1,6,3,3,6,850,0,2490
0jrbmuhj,36if8y5l,4,2,6,3,6,3,783,0,2490
0jrbmuhj,yk6wg2wc,5,1,7,4,7,4,1034,0,2490
0jrbmuhj,36if8y5l,5,2,7,4,4,7,1415,0,2490
0jrbmuhj,yk6wg2wc,6,1,5,7,5,7,1421,0,2490
0jrbmuhj,36if8y5l,6,2,5,7,7,5,904,0,2490
0jrbmuhj,yk6wg2wc,7,1,3,7,3,7,822,10,2490
0jrbmuhj,36if8y5l,7,2,3,7,3,7,819,10,2490
0jrbmuhj,yk6wg2wc,8,1,1,5,1,5,657,10,2490
0jrbmuhj,36if8y5l,8,2,1,5,1,5,754,10,2490
0jrbmuhj,yk6wg2wc,9,1,3,5,3,5,757,10,2490
0jrbmuhj,36if8y5l,9,2,3,5,3,5,696,10,2490
0jrbmuhj,yk6wg2wc,10,1,1,4,1,4,588,10,2490
0jrbmuhj,36if8y5l,10,2,4,1,1,4,1030,10,2490
0jrbmuhj,yk6wg2wc,11,1,2,5,5,2,1127,0,2490
0jrbmuhj,36if8y5l,11,2,2,5,2,5,1249,0,2490
0jrbmuhj,yk6wg2wc,12,1,5,4,4,5,1453,10,2490
0jrbmuhj,36if8y5l,12,2,4,5,4,5,1086,10,2490
0jrbmuhj,yk6wg2wc,13,1,2,4,4,2,871,10,2490
0jrbmuhj,36if8y5l,13,2,2,4,4,2,810,10,2490
0jrbmuhj,yk6wg2wc,14,1,1,2,1,2,802,10,2490
0jrbmuhj,36if8y5l,14,2,2,1,1,2,936,10,2490
0jrbmuhj,yk6wg2wc,15,1,3,1,3,1,1220,0,2490
0jrbmuhj,36if8y5l,15,2,1,3,1,3,761,0,2490
0jrbmuhj,yk6wg2wc,16,1,4,6,4,6,1157,0,2490
0jrbmuhj,36if8y5l,16,2,4,6,6,4,1166,0,2490
0jrbmuhj,yk6wg2wc,17,1,7,2,7,2,871,0,2490
0jrbmuhj,36if8y5l,17,2,7,2,2,7,1035,0,2490
0jrbmuhj,yk6wg2wc,18,1,1,7,1,7,708,10,2490
0jrbmuhj,36if8y5l,18,2,7,1,1,7,768,10,2490
0jrbmuhj,yk6wg2wc,19,1,1,6,1,6,674,10,2490
0jrbmuhj,36if8y5l,19,2,1,6,1,6,712,10,2490
0jrbmuhj,yk6wg2wc,20,1,2,3,3,2,732,10,2490
0jrbmuhj,36if8y5l,20,2,2,3,3,2,697,10,2490
0jrbmuhj,yk6wg2wc,21,1,6,5,6,5,715,10,2490
0jrbmuhj,36if8y5l,21,2,5,6,6,5,1271,10,2490
0jrbmuhj,yk6wg2wc,22,1,5,4,5,4,1393,0,2490
0jrbmuhj,36if8y5l,22,2,4,5,4,5,1090,0,2490
0jrbmuhj,yk6wg2wc,23,1,2,6,6,2,1806,10,2490
0jrbmuhj,36if8y5l,23,2,6,2,6,2,1402,10,2490
0jrbmuhj,yk6wg2wc,24,1,6,7,6,7,1057,10,2490
0jrbmuhj,36if8y5l,24,2,7,6,6,7,749,10,2490
0jrbmuhj,yk6wg2wc,25,1,3,6,3,6,681,10,2490
0jrbmuhj,36if8y5l,25,2,3,6,3,6,894,10,2490
0jrbmuhj,yk6wg2wc,26,1,7,1,1,7,928,10,2490
0jrbmuhj,36if8y5l,26,2,1,7,1,7,743,10,2490
0jrbmuhj,yk6wg2wc,27,1,4,6,4,6,1203,0,2490
0jrbmuhj,36if8y5l,27,2,6,4,6,4,775,0,2490
0jrbmuhj,yk6wg2wc,28,1,1,2,1,2,714,10,2490
0jrbmuhj,36if8y5l,28,2,1,2,1,2,677,10,2490
0jrbmuhj,yk6wg2wc,29,1,4,3,3,4,974,10,2490
0jrbmuhj,36if8y5l,29,2,3,4,3,4,668,10,2490
0jrbmuhj,yk6wg2wc,30,1,3,2,3,2,573,10,2490
0jrbmuhj,36if8y5l,30,2,2,3,3,2,681,10,2490
0jrbmuhj,yk6wg2wc,31,1,6,1,1,6,734,10,2490
0jrbmuhj,36if8y5l,31,2,6,1,1,6,695,10,2490
0jrbmuhj,yk6wg2wc,32,1,7,3,3,7,704,10,2490
0jrbmuhj,36if8y5l,32,2,3,7,3,7,832,10,2490
0jrbmuhj,yk6wg2wc,33,1,1,4,1,4,631,10,2490
0jrbmuhj,36if8y5l,33,2,4,1,1,4,640,10,2490
0jrbmuhj,yk6wg2wc,34,1,4,7,4,7,1390,10,2490
0jrbmuhj,36if8y5l,34,2,4,7,4,7,978,10,2490
0jrbmuhj,yk6wg2wc,35,1,3,1,3,1,727,10,2490
0jrbmuhj,36if8y5l,35,2,1,3,3,1,819,10,2490
0jrbmuhj,yk6wg2wc,36,1,7,2,7,2,764,0,2490
0jrbmuhj,36if8y5l,36,2,2,7,2,7,736,0,2490
0jrbmuhj,yk6wg2wc,37,1,1,5,1,5,603,10,2490
0jrbmuhj,36if8y5l,37,2,1,5,1,5,905,10,2490
0jrbmuhj,yk6wg2wc,38,1,7,5,5,7,2263,0,2490
0jrbmuhj,36if8y5l,38,2,7,5,7,5,977,0,2490
0jrbmuhj,yk6wg2wc,39,1,2,5,2,5,1089,10,2490
0jrbmuhj,36if8y5l,39,2,2,5,2,5,811,10,2490
0jrbmuhj,yk6wg2wc,40,1,5,3,3,5,870,10,2490
0jrbmuhj,36if8y5l,40,2,5,3,3,5,745,10,2490
0jrbmuhj,yk6wg2wc,41,1,4,2,4,2,1156,0,2490
0jrbmuhj,36if8y5l,41,2,4,2,2,4,1649,0,2490
0jrbmuhj,yk6wg2wc,42,1,6,5,6,5,1354,10,2490
0jrbmuhj,36if8y5l,42,2,5,6,6,5,828,10,2490
0jrbmuhj,yk6wg2wc,43,1,5,2,2,5,1344,0,2490
0jrbmuhj,36if8y5l,43,2,5,2,5,2,1003,0,2490
0jrbmuhj,yk6wg2wc,44,1,5,1,1,5,831,10,2490
0jrbmuhj,36if8y5l,44,2,1,5,1,5,814,10,2490
0jrbmuhj,yk6wg2wc,45,1,1,3,3,1,973,10,2490
0jrbmuhj,36if8y5l,45,2,3,1,3,1,978,10,2490
0jrbmuhj,yk6wg2wc,46,1,1,6,1,6,917,10,2490
0jrbmuhj,36if8y5l,46,2,6,1,1,6,813,10,2490
0jrbmuhj,yk6wg2wc,47,1,1,4,1,4,702,10,2490
0jrbmuhj,36if8y5l,47,2,1,4,1,4,701,10,2490
0jrbmuhj,yk6wg2wc,48,1,3,7,3,7,732,10,2490
0jrbmuhj,36if8y5l,48,2,3,7,3,7,696,10,2490
0jrbmuhj,yk6wg2wc,49,1,3,6,3,6,646,10,2490
0jrbmuhj,36if8y5l,49,2,3,6,3,6,642,10,2490
0jrbmuhj,yk6wg2wc,50,1,2,1,1,2,791,10,2490
0jrbmuhj,36if8y5l,50,2,2,1,1,2,724,10,2490
0jrbmuhj,yk6wg2wc,51,1,5,6,5,6,1358,0,2490
0jrbmuhj,36if8y5l,51,2,5,6,6,5,860,0,2490
0jrbmuhj,yk6wg2wc,52,1,6,2,6,2,1898,10,2490
0jrbmuhj,36if8y5l,52,2,2,6,6,2,842,10,2490
0jrbmuhj,yk6wg2wc,53,1,3,2,3,2,666,10,2490
0jrbmuhj,36if8y5l,53,2,3,2,3,2,1107,10,2490
0jrbmuhj,yk6wg2wc,54,1,4,3,3,4,708,10,2490
0jrbmuhj,36if8y5l,54,2,4,3,3,4,772,10,2490
0jrbmuhj,yk6wg2wc,55,1,4,5,4,5,1618,10,2490
0jrbmuhj,36if8y5l,55,2,5,4,4,5,1492,10,2490
0jrbmuhj,yk6wg2wc,56,1,4,2,4,2,942,10,2490
0jrbmuhj,36if8y5l,56,2,4,2,4,2,806,10,2490
0jrbmuhj,yk6wg2wc,57,1,4,6,6,4,998,0,2490
0jrbmuhj,36if8y5l,57,2,6,4,4,6,690,0,2490
0jrbmuhj,yk6wg2wc,58,1,6,7,6,7,946,10,2490
0jrbmuhj,36if8y5l,58,2,6,7,6,7,770,10,2490
0jrbmuhj,yk6wg2wc,59,1,5,3,3,5,1209,10,2490
0jrbmuhj,36if8y5l,59,2,5,3,3,5,843,10,2490
0jrbmuhj,yk6wg2wc,60,1,7,4,7,4,1047,0,2490
0jrbmuhj,36if8y5l,60,2,7,4,4,7,891,0,2490
0jrbmuhj,yk6wg2wc,61,1,1,7,1,7,1044,10,2490
0jrbmuhj,36if8y5l,61,2,1,7,1,7,872,10,2490
0jrbmuhj,yk6wg2wc,62,1,5,7,5,7,2033,10,2490
0jrbmuhj,36if8y5l,62,2,7,5,5,7,978,10,2490
0jrbmuhj,yk6wg2wc,63,1,2,7,7,2,893,0,2490
0jrbmuhj,36if8y5l,63,2,7,2,2,7,1214,0,2490
0jrbmuhj,yk6wg2wc,64,1,3,5,3,5,652,10,2490
0jrbmuhj,36if8y5l,64,2,5,3,3,5,875,10,2490
0jrbmuhj,yk6wg2wc,65,1,7,3,3,7,899,10,2490
0jrbmuhj,36if8y5l,65,2,3,7,3,7,1100,10,2490
0jrbmuhj,yk6wg2wc,66,1,5,2,5,2,1150,10,2490
0jrbmuhj,36if8y5l,66,2,2,5,5,2,1059,10,2490
0jrbmuhj,yk6wg2wc,67,1,5,6,6,5,1558,10,2490
0jrbmuhj,36if8y5l,67,2,6,5,6,5,1300,10,2490
0jrbmuhj,yk6wg2wc,68,1,4,5,4,5,849,0,2490
0jrbmuhj,36if8y5l,68,2,4,5,5,4,914,0,2490
0jrbmuhj,yk6wg2wc,69,1,6,4,6,4,856,10,2490
0jrbmuhj,36if8y5l,69,2,6,4,6,4,745,10,2490
0jrbmuhj,yk6wg2wc,70,1,7,6,6,7,1008,10,2490
0jrbmuhj,36if8y5l,70,2,6,7,6,7,752,10,2490
0jrbmuhj,yk6wg2wc,71,1,1,7,1,7,630,10,2490
0jrbmuhj,36if8y5l,71,2,7,1,1,7,945,10,2490
0jrbmuhj,yk6wg2wc,72,1,3,2,3,2,837,10,2490
0jrbmuhj,36if8y5l,72,2,3,2,3,2,704,10,2490
0jrbmuhj,yk6wg2wc,73,1,4,1,1,4,736,10,2490
0jrbmuhj,36if8y5l,73,2,4,1,1,4,813,10,2490
0jrbmuhj,yk6wg2wc,74,1,6,2,6,2,885,10,2490
0jrbmuhj,36if8y5l,74,2,6,2,6,2,969,10,2490
0jrbmuhj,yk6wg2wc,75,1,4,2,4,2,930,0,2490
0jrbmuhj,36if8y5l,75,2,4,2,2,4,1122,0,2490
0jrbmuhj,yk6wg2wc,76,1,7,5,5,7,1786,0,2490
0jrbmuhj,36if8y5l,76,2,7,5,7,5,1129,0,2490
0jrbmuhj,yk6wg2wc,77,1,7,2,7,2,1172,0,2490
0jrbmuhj,36if8y5l,77,2,7,2,2,7,1976,0,2490
0jrbmuhj,yk6wg2wc,78,1,5,1,1,5,962,10,2490
0jrbmuhj,36if8y5l,78,2,1,5,1,5,846,10,2490
0jrbmuhj,yk6wg2wc,79,1,4,3,3,4,757,10,2490
0jrbmuhj,36if8y5l,79,2,3,4,3,4,633,10,2490
0jrbmuhj,yk6wg2wc,80,1,1,3,3,1,934,10,2490
0jrbmuhj,36if8y5l,80,2,1,3,3,1,823,10,2490
0jrbmuhj,yk6wg2wc,81,1,1,6,1,6,704,10,2490
0jrbmuhj,36if8y5l,81,2,6,1,1,6,815,10,2490
0jrbmuhj,yk6wg2wc,82,1,7,4,4,7,1313,10,2490
0jrbmuhj,36if8y5l,82,2,4,7,4,7,1331,10,2490
0jrbmuhj,yk6wg2wc,83,1,1,2,1,2,873,10,2490
0jrbmuhj,36if8y5l,83,2,2,1,1,2,816,10,2490
0jrbmuhj,yk6wg2wc,84,1,6,3,3,6,834,10,2490
0jrbmuhj,36if8y5l,84,2,6,3,3,6,733,10,2490
0jrbmuhj,yk6wg2wc,85,1,7,1,1,7,893,10,2490
0jrbmuhj,36if8y5l,85,2,7,1,1,7,666,10,2490
0jrbmuhj,yk6wg2wc,86,1,5,4,5,4,1567,0,2490
0jrbmuhj,36if8y5l,86,2,5,4,4,5,1296,0,2490
0jrbmuhj,yk6wg2wc,87,1,5,6,6,5,1040,10,2490
0jrbmuhj,36if8y5l,87,2,5,6,6,5,1121,10,2490
0jrbmuhj,yk6wg2wc,88,1,6,7,6,7,1492,10,2490
0jrbmuhj,36if8y5l,88,2,6,7,6,7,765,10,2490
0jrbmuhj,yk6wg2wc,89,1,5,1,1,5,850,10,2490
0jrbmuhj,36if8y5l,89,2,5,1,1,5,762,10,2490
0jrbmuhj,yk6wg2wc,90,1,2,5,2,5,1358,0,2490
0jrbmuhj,36if8y5l,90,2,2,5,5,2,1323,0,2490
0jrbmuhj,yk6wg2wc,91,1,6,4,6,4,1972,10,2490
0jrbmuhj,36if8y5l,91,2,4,6,6,4,776,10,2490
0jrbmuhj,yk6wg2wc,92,1,4,1,1,4,754,10,2490
0jrbmuhj,36if8y5l,92,2,1,4,1,4,761,10,2490
0jrbmuhj,yk6wg2wc,93,1,3,7,3,7,856,10,2490
0jrbmuhj,36if8y5l,93,2,7,3,3,7,986,10,2490
0jrbmuhj,yk6wg2wc,94,1,3,1,3,1,924,10,2490
0jrbmuhj,36if8y5l,94,2,3,1,3,1,818,10,2490
0jrbmuhj,yk6wg2wc,95,1,6,2,6,2,1597,10,2490
0jrbmuhj,36if8y5l,95,2,2,6,6,2,1017,10,2490
0jrbmuhj,yk6wg2wc,96,1,3,2,3,2,681,10,2490
0jrbmuhj,36if8y5l,96,2,3,2,3,2,811,10,2490
0jrbmuhj,yk6wg2wc,97,1,7,2,2,7,1930,10,2490
0jrbmuhj,36if8y5l,97,2,7,2,2,7,887,10,2490
0jrbmuhj,yk6wg2wc,98,1,4,7,4,7,783,0,2490
0jrbmuhj,36if8y5l,98,2,7,4,7,4,2109,0,2490
0jrbmuhj,yk6wg2wc,99,1,1,2,1,2,1061,10,2490
0jrbmuhj,36if8y5l,99,2,1,2,1,2,1220,10,2490
0jrbmuhj,yk6wg2wc,100,1,3,5,3,5,601,10,2490
0jrbmuhj,36if8y5l,100,2,5,3,3,5,764,10,2490
0jrbmuhj,yk6wg2wc,101,1,3,6,3,6,708,10,2490
0jrbmuhj,36if8y5l,101,2,3,6,3,6,661,10,2490
0jrbmuhj,yk6wg2wc,102,1,6,1,1,6,850,10,2490
0jrbmuhj,36if8y5l,102,2,6,1,1,6,701,10,2490
0jrbmuhj,yk6wg2wc,103,1,4,2,2,4,1396,10,2490
0jrbmuhj,36if8y5l,103,2,2,4,2,4,731,10,2490
0jrbmuhj,yk6wg2wc,104,1,4,3,4,3,843,0,2490
0jrbmuhj,36if8y5l,104,2,4,3,3,4,829,0,2490
0jrbmuhj,yk6wg2wc,105,1,7,5,5,7,1251,10,2490
0jrbmuhj,36if8y5l,105,2,5,7,5,7,1369,10,2490
0jrbmuhj,yk6wg2wc,106,1,4,6,6,4,755,10,2490
0jrbmuhj,36if8y5l,106,2,4,6,6,4,981,10,2490
0jrbmuhj,yk6wg2wc,107,1,1,5,1,5,673,10,2490
0jrbmuhj,36if8y5l,107,2,1,5,1,5,766,10,2490
0jrbmuhj,yk6wg2wc,108,1,7,5,5,7,1346,10,2490
0jrbmuhj,36if8y5l,108,2,7,5,5,7,737,10,2490
0jrbmuhj,yk6wg2wc,109,1,6,1,1,6,716,10,2490
0jrbmuhj,36if8y5l,109,2,6,1,1,6,948,10,2490
0jrbmuhj,yk6wg2wc,110,1,3,6,3,6,694,10,2490
0jrbmuhj,36if8y5l,110,2,3,6,3,6,701,10,2490
0jrbmuhj,yk6wg2wc,111,1,4,1,1,4,707,10,2490
0jrbmuhj,36if8y5l,111,2,4,1,1,4,710,10,2490
0jrbmuhj,yk6wg2wc,112,1,3,2,3,2,567,10,2490
0jrbmuhj,36if8y5l,112,2,3,2,3,2,816,10,2490
0jrbmuhj,yk6wg2wc,113,1,7,1,1,7,760,10,2490
0jrbmuhj,36if8y5l,113,2,1,7,1,7,721,10,2490
0jrbmuhj,yk6wg2wc,114,1,2,5,5,2,1292,0,2490
0jrbmuhj,36if8y5l,114,2,2,5,2,5,1729,0,2490
0jrbmuhj,yk6wg2wc,115,1,1,2,1,2,671,10,2490
0jrbmuhj,36if8y5l,115,2,2,1,1,2,872,10,2490
0jrbmuhj,yk6wg2wc,116,1,5,3,3,5,637,10,2490
0jrbmuhj,36if8y5l,116,2,5,3,3,5,794,10,2490
0jrbmuhj,yk6wg2wc,117,1,7,6,6,7,1444,10,2490
0jrbmuhj,36if8y5l,117,2,7,6,6,7,801,10,2490
0jrbmuhj,yk6wg2wc,118,1,5,6,6,5,1369,10,2490
0jrbmuhj,36if8y5l,118,2,6,5,6,5,815,10,2490
0jrbmuhj,yk6wg2wc,119,1,3,4,3,4,641,10,2490
0jrbmuhj,36if8y5l,119,2,4,3,3,4,814,10,2490
0jrbmuhj,yk6wg2wc,120,1,7,4,4,7,1727,10,2490
0jrbmuhj,36if8y5l,120,2,4,7,4,7,780,10,2490
0jrbmuhj,yk6wg2wc,121,1,3,7,3,7,1180,10,2490
0jrbmuhj,36if8y5l,121,2,3,7,3,7,1053,10,2490
0jrbmuhj,yk6wg2wc,122,1,6,2,2,6,1858,0,2490
0jrbmuhj,36if8y5l,122,2,2,6,6,2,876,0,2490
0jrbmuhj,yk6wg2wc,123,1,2,4,2,4,2161,0,2490
0jrbmuhj,36if8y5l,123,2,4,2,4,2,1419,0,2490
0jrbmuhj,yk6wg2wc,124,1,1,3,3,1,1086,10,2490
0jrbmuhj,36if8y5l,124,2,1,3,3,1,897,10,2490
0jrbmuhj,yk6wg2wc,125,1,2,7,2,7,1610,10,2490
0jrbmuhj,36if8y5l,125,2,7,2,2,7,1297,10,2490
0jrbmuhj,yk6wg2wc,126,1,4,5,5,4,2066,10,2490
0jrbmuhj,36if8y5l,126,2,4,5,5,4,1432,10,2490
0jrbmuhj,yk6wg2wc,127,1,6,3,3,6,746,10,2490
0jrbmuhj,36if8y5l,127,2,3,6,3,6,1064,10,2490
0jrbmuhj,yk6wg2wc,128,1,1,4,1,4,700,10,2490
0jrbmuhj,36if8y5l,128,2,4,1,1,4,772,10,2490
0jrbmuhj,yk6wg2wc,129,1,2,5,5,2,2999,10,2490
0jrbmuhj,36if8y5l,129,2,2,5,5,2,2769,10,2490
0jrbmuhj,yk6wg2wc,130,1,1,6,1,6,605,10,2490
0jrbmuhj,36if8y5l,130,2,6,1,1,6,777,10,2490
0jrbmuhj,yk6wg2wc,131,1,2,1,1,2,829,10,2490
0jrbmuhj,36if8y5l,131,2,2,1,1,2,680,10,2490
0jrbmuhj,yk6wg2wc,132,1,3,5,3,5,754,10,2490
0jrbmuhj,36if8y5l,132,2,5,3,3,5,758,10,2490
0jrbmuhj,yk6wg2wc,133,1,2,7,2,7,1360,10,2490
0jrbmuhj,36if8y5l,133,2,2,7,2,7,1635,10,2490
0jrbmuhj,yk6wg2wc,134,1,2,4,4,2,1245,0,2490
0jrbmuhj,36if8y5l,134,2,2,4,2,4,1072,0,2490
0jrbmuhj,yk6wg2wc,135,1,3,2,3,2,666,10,2490
0jrbmuhj,36if8y5l,135,2,2,3,3,2,796,10,2490
0jrbmuhj,yk6wg2wc,136,1,6,2,6,2,1329,0,2490
0jrbmuhj,36if8y5l,136,2,6,2,2,6,870,0,2490
0jrbmuhj,yk6wg2wc,137,1,4,3,3,4,856,10,2490
0jrbmuhj,36if8y5l,137,2,4,3,3,4,963,10,2490
0jrbmuhj,yk6wg2wc,138,1,5,4,5,4,1548,10,2490
0jrbmuhj,36if8y5l,138,2,5,4,5,4,1701,10,2490
0jrbmuhj,yk6wg2wc,139,1,7,4,4,7,1551,10,2490
0jrbmuhj,36if8y5l,139,2,7,4,4,7,1214,10,2490
0jrbmuhj,yk6wg2wc,140,1,1,5,1,5,823,10,2490
0jrbmuhj,36if8y5l,140,2,5,1,1,5,998,10,2490
0jrbmuhj,yk6wg2wc,141,1,7,5,5,7,1382,10,2490
0jrbmuhj,36if8y5l,141,2,5,7,5,7,1905,10,2490
0jrbmuhj,yk6wg2wc,142,1,6,4,6,4,1340,10,2490
0jrbmuhj,36if8y5l,142,2,4,6,6,4,1045,10,2490
0jrbmuhj,yk6wg2wc,143,1,3,1,3,1,888,10,2490
0jrbmuhj,36if8y5l,143,2,1,3,3,1,793,10,2490
0jrbmuhj,yk6wg2wc,144,1,5,6,6,5,1770,10,2490
0jrbmuhj,36if8y5l,144,2,5,6,6,5,948,10,2490
0jrbmuhj,yk6wg2wc,145,1,1,7,1,7,665,10,2490
0jrbmuhj,36if8y5l,145,2,1,7,1,7,857,10,2490
0jrbmuhj,yk6wg2wc,146,1,3,7,3,7,597,10,2490
0jrbmuhj,36if8y5l,146,2,7,3,3,7,731,10,2490
0jrbmuhj,yk6wg2wc,147,1,7,6,6,7,1175,10,2490
0jrbmuhj,36if8y5l,147,2,7,6,6,7,753,10,2490
0jrbmuhj,yk6wg2wc,148,1,7,3,3,7,1097,10,2490
0jrbmuhj,36if8y5l,148,2,3,7,3,7,1281,10,2490
0jrbmuhj,yk6wg2wc,149,1,6,5,6,5,724,10,2490
0jrbmuhj,36if8y5l,149,2,6,5,6,5,1006,10,2490
0jrbmuhj,yk6wg2wc,150,1,7,4,4,7,1042,10,2490
0jrbmuhj,36if8y5l,150,2,7,4,4,7,865,10,2490
0jrbmuhj,yk6wg2wc,151,1,7,6,6,7,847,10,2490
0jrbmuhj,36if8y5l,151,2,6,7,6,7,765,10,2490
0jrbmuhj,yk6wg2wc,152,1,6,3,3,6,1084,10,2490
0jrbmuhj,36if8y5l,152,2,6,3,3,6,771,10,2490
0jrbmuhj,yk6wg2wc,153,1,4,5,5,4,2083,10,2490
0jrbmuhj,36if8y5l,153,2,5,4,5,4,1140,10,2490
0jrbmuhj,yk6wg2wc,154,1,2,5,5,2,2295,10,2490
0jrbmuhj,36if8y5l,154,2,2,5,5,2,858,10,2490
0jrbmuhj,yk6wg2wc,155,1,2,4,2,4,1320,0,2490
0jrbmuhj,36if8y5l,155,2,2,4,4,2,976,0,2490
0jrbmuhj,yk6wg2wc,156,1,6,2,6,2,979,10,2490
0jrbmuhj,36if8y5l,156,2,2,6,6,2,875,10,2490
0jrbmuhj,yk6wg2wc,157,1,1,7,1,7,1252,10,2490
0jrbmuhj,36if8y5l,157,2,1,7,1,7,1024,10,2490
0jrbmuhj,yk6wg2wc,158,1,6,1,1,6,1250,10,2490
0jrbmuhj,36if8y5l,158,2,1,6,1,6,662,10,2490
0jrbmuhj,yk6wg2wc,159,1,1,3,3,1,822,10,2490
0jrbmuhj,36if8y5l,159,2,1,3,3,1,748,10,2490
0jrbmuhj,yk6wg2wc,160,1,4,1,1,4,823,10,2490
0jrbmuhj,36if8y5l,160,2,1,4,1,4,827,10,2490
0jrbmuhj,yk6wg2wc,161,1,4,6,6,4,886,10,2490
0jrbmuhj,36if8y5l,161,2,6,4,6,4,1049,10,2490
0jrbmuhj,yk6wg2wc,162,1,4,3,3,4,831,10,2490
0jrbmuhj,36if8y5l,162,2,4,3,3,4,843,10,2490
0jrbmuhj,yk6wg2wc,163,1,3,5,3,5,768,10,2490
0jrbmuhj,36if8y5l,163,2,5,3,3,5,681,10,2490
0jrbmuhj,yk6wg2wc,164,1,1,5,1,5,700,10,2490
0jrbmuhj,36if8y5l,164,2,5,1,1,5,741,10,2490
0jrbmuhj,yk6wg2wc,165,1,2,7,7,2,1228,0,2490
0jrbmuhj,36if8y5l,165,2,7,2,2,7,1337,0,2490
0jrbmuhj,yk6wg2wc,166,1,7,5,5,7,1481,10,2490
0jrbmuhj,36if8y5l,166,2,7,5,5,7,937,10,2490
0jrbmuhj,yk6wg2wc,167,1,2,3,3,2,792,10,2490
0jrbmuhj,36if8y5l,167,2,3,2,3,2,750,10,2490
0jrbmuhj,yk6wg2wc,168,1,1,2,1,2,692,10,2490
0jrbmuhj,36if8y5l,168,2,1,2,1,2,666,10,2490
0jrbmuhj,yk6wg2wc,169,1,3,6,3,6,678,10,2490
0jrbmuhj,36if8y5l,169,2,3,6,3,6,638,10,2490
0jrbmuhj,yk6wg2wc,170,1,6,2,6,2,2362,10,2490
0jrbmuhj,36if8y5l,170,2,2,6,6,2,1066,10,2490
0jrbmuhj,yk6wg2wc,171,1,3,1,3,1,1015,10,2490
0jrbmuhj,36if8y5l,171,2,1,3,3,1,781,10,2490
0jrbmuhj,yk6wg2wc,172,1,6,4,6,4,895,10,2490
0jrbmuhj,36if8y5l,172,2,6,4,6,4,1187,10,2490
0jrbmuhj,yk6wg2wc,173,1,2,5,5,2,1202,10,2490
0jrbmuhj,36if8y5l,173,2,2,5,5,2,1716,10,2490
0jrbmuhj,yk6wg2wc,174,1,7,1,1,7,846,10,2490
0jrbmuhj,36if8y5l,174,2,7,1,1,7,725,10,2490
0jrbmuhj,yk6wg2wc,175,1,4,3,3,4,886,10,2490
0jrbmuhj,36if8y5l,175,2,4,3,3,4,671,10,2490
0jrbmuhj,yk6wg2wc,176,1,7,4,4,7,1115,10,2490
0jrbmuhj,36if8y5l,176,2,7,4,4,7,1329,10,2490
0jrbmuhj,yk6wg2wc,177,1,1,2,1,2,702,10,2490
0jrbmuhj,36if8y5l,177,2,2,1,1,2,734,10,2490
0jrbmuhj,yk6wg2wc,178,1,5,7,5,7,1145,10,2490
0jrbmuhj,36if8y5l,178,2,7,5,5,7,726,10,2490
0jrbmuhj,yk6wg2wc,179,1,6,1,1,6,720,0,2490
0jrbmuhj,36if8y5l,179,2,1,6,6,1,763,0,2490
0jrbmuhj,yk6wg2wc,180,1,5,6,6,5,1158,10,2490
0jrbmuhj,36if8y5l,180,2,5,6,6,5,1194,10,2490
0jrbmuhj,yk6wg2wc,181,1,3,7,3,7,640,10,2490
0jrbmuhj,36if8y5l,181,2,7,3,3,7,756,10,2490
0jrbmuhj,yk6wg2wc,182,1,5,3,3,5,751,10,2490
0jrbmuhj,36if8y5l,182,2,3,5,3,5,806,10,2490
0jrbmuhj,yk6wg2wc,183,1,4,5,5,4,1380,10,2490
0jrbmuhj,36if8y5l,183,2,4,5,5,4,2490,10,2490
0jrbmuhj,yk6wg2wc,184,1,6,7,6,7,1028,10,2490
0jrbmuhj,36if8y5l,184,2,6,7,6,7,822,10,2490
0jrbmuhj,yk6wg2wc,185,1,2,3,3,2,703,10,2490
0jrbmuhj,36if8y5l,185,2,3,2,3,2,790,10,2490
0jrbmuhj,yk6wg2wc,186,1,4,1,1,4,1114,10,2490
0jrbmuhj,36if8y5l,186,2,1,4,1,4,726,10,2490
0jrbmuhj,yk6wg2wc,187,1,5,1,1,5,930,10,2490
0jrbmuhj,36if8y5l,187,2,1,5,1,5,782,10,2490
0jrbmuhj,yk6wg2wc,188,1,7,2,2,7,1934,10,2490
0jrbmuhj,36if8y5l,188,2,2,7,2,7,1349,10,2490
0jrbmuhj,yk6wg2wc,189,1,4,2,2,4,1096,10,2490
0jrbmuhj,36if8y5l,189,2,2,4,2,4,1117,10,2490
0jrbmuhj,yk6wg2wc,190,1,4,3,3,4,1217,10,2490
0jrbmuhj,36if8y5l,190,2,3,4,3,4,992,10,2490
0jrbmuhj,yk6wg2wc,191,1,7,5,5,7,1020,10,2490
0jrbmuhj,36if8y5l,191,2,7,5,5,7,1864,10,2490
0jrbmuhj,yk6wg2wc,192,1,2,1,1,2,966,10,2490
0jrbmuhj,36if8y5l,192,2,2,1,1,2,968,10,2490
0jrbmuhj,yk6wg2wc,193,1,5,3,3,5,789,10,2490
0jrbmuhj,36if8y5l,193,2,3,5,3,5,899,10,2490
0jrbmuhj,yk6wg2wc,194,1,6,3,3,6,735,10,2490
0jrbmuhj,36if8y5l,194,2,6,3,3,6,807,10,2490
0jrbmuhj,yk6wg2wc,195,1,1,7,1,7,2029,10,2490
0jrbmuhj,36if8y5l,195,2,1,7,1,7,837,10,2490
0jrbmuhj,yk6wg2wc,196,1,7,6,6,7,2083,10,2490
0jrbmuhj,36if8y5l,196,2,6,7,6,7,830,10,2490
0jrbmuhj,yk6wg2wc,197,1,6,2,6,2,1769,10,2490
0jrbmuhj,36if8y5l,197,2,6,2,6,2,1183,10,2490
0jrbmuhj,yk6wg2wc,198,1,1,6,1,6,663,10,2490
0jrbmuhj,36if8y5l,198,2,1,6,1,6,975,10,2490
0jrbmuhj,yk6wg2wc,199,1,6,5,6,5,773,10,2490
0jrbmuhj,36if8y5l,199,2,6,5,6,5,776,10,2490
0jrbmuhj,yk6wg2wc,200,1,7,3,3,7,1125,10,2490
0jrbmuhj,36if8y5l,200,2,7,3,3,7,841,10,2490
0jrbmuhj,yk6wg2wc,201,1,7,4,4,7,1239,10,2490
0jrbmuhj,36if8y5l,201,2,7,4,4,7,1475,10,2490
0jrbmuhj,yk6wg2wc,202,1,5,4,5,4,1295,0,2490
0jrbmuhj,36if8y5l,202,2,4,5,4,5,776,0,2490
0jrbmuhj,yk6wg2wc,203,1,4,6,6,4,1300,10,2490
0jrbmuhj,36if8y5l,203,2,6,4,6,4,1577,10,2490
0jrbmuhj,yk6wg2wc,204,1,4,2,2,4,1465,10,2490
0jrbmuhj,36if8y5l,204,2,4,2,2,4,1724,10,2490
0jrbmuhj,yk6wg2wc,205,1,5,1,1,5,750,10,2490
0jrbmuhj,36if8y5l,205,2,1,5,1,5,1266,10,2490
0jrbmuhj,yk6wg2wc,206,1,5,2,5,2,2104,0,2490
0jrbmuhj,36if8y5l,206,2,5,2,2,5,1512,0,2490
0jrbmuhj,yk6wg2wc,207,1,7,2,2,7,1424,10,2490
0jrbmuhj,36if8y5l,207,2,7,2,2,7,1642,10,2490
0jrbmuhj,yk6wg2wc,208,1,3,2,3,2,946,10,2490
0jrbmuhj,36if8y5l,208,2,3,2,3,2,867,10,2490
0jrbmuhj,yk6wg2wc,209,1,4,1,1,4,914,10,2490
0jrbmuhj,36if8y5l,209,2,4,1,1,4,788,10,2490
0jrbmuhj,yk6wg2wc,210,1,3,1,3,1,719,10,2490
0jrbmuhj,36if8y5l,210,2,1,3,3,1,1008,10,2490
0jrbmuhj,yk6wg2wc,211,1,2,6,6,2,1567,10,2490
0jrbmuhj,36if8y5l,211,2,2,6,6,2,924,10,2490
0jrbmuhj,yk6wg2wc,212,1,5,6,6,5,1096,10,2490
0jrbmuhj,36if8y5l,212,2,6,5,6,5,862,10,2490
0jrbmuhj,yk6wg2wc,213,1,3,6,3,6,620,10,2490
0jrbmuhj,36if8y5l,213,2,6,3,3,6,768,10,2490
0jrbmuhj,yk6wg2wc,214,1,2,7,2,7,1477,10,2490
0jrbmuhj,36if8y5l,214,2,7,2,2,7,984,10,2490
0jrbmuhj,yk6wg2wc,215,1,1,2,1,2,770,10,2490
0jrbmuhj,36if8y5l,215,2,2,1,1,2,1022,10,2490
0jrbmuhj,yk6wg2wc,216,1,3,5,3,5,628,10,2490
0jrbmuhj,36if8y5l,216,2,5,3,3,5,736,10,2490
0jrbmuhj,yk6wg2wc,217,1,4,5,5,4,1839,10,2490
0jrbmuhj,36if8y5l,217,2,5,4,5,4,1112,10,2490
0jrbmuhj,yk6wg2wc,218,1,7,3,3,7,1051,10,2490
0jrbmuhj,36if8y5l,218,2,7,3,3,7,907,10,2490
0jrbmuhj,yk6wg2wc,219,1,3,1,3,1,889,10,2490
0jrbmuhj,36if8y5l,219,2,1,3,3,1,850,10,2490
0jrbmuhj,yk6wg2wc,220,1,2,4,2,4,1195,10,2490
0jrbmuhj,36if8y5l,220,2,4,2,2,4,1820,10,2490
0jrbmuhj,yk6wg2wc,221,1,5,2,2,5,2802,0,2490
0jrbmuhj,36if8y5l,221,2,2,5,5,2,2117,0,2490
0jrbmuhj,yk6wg2wc,222,1,1,6,1,6,1115,10,2490
0jrbmuhj,36if8y5l,222,2,6,1,1,6,1360,10,2490
0jrbmuhj,yk6wg2wc,223,1,6,4,6,4,943,10,2490
0jrbmuhj,36if8y5l,223,2,6,4,6,4,918,10,2490
0jrbmuhj,yk6wg2wc,224,1,4,3,3,4,846,10,2490
0jrbmuhj,36if8y5l,224,2,4,3,3,4,881,10,2490
0jrbmuhj,yk6wg2wc,225,1,4,7,4,7,1206,0,2490
0jrbmuhj,36if8y5l,225,2,7,4,7,4,2536,0,2490
0jrbmuhj,yk6wg2wc,226,1,7,6,6,7,1189,10,2490
0jrbmuhj,36if8y5l,226,2,6,7,6,7,923,10,2490
0jrbmuhj,yk6wg2wc,227,1,5,7,5,7,852,10,2490
0jrbmuhj,36if8y5l,227,2,5,7,5,7,1416,10,2490
0jrbmuhj,yk6wg2wc,228,1,7,1,1,7,772,10,2490
0jrbmuhj,36if8y5l,228,2,7,1,1,7,817,10,2490
0jrbmuhj,yk6wg2wc,229,1,3,2,3,2,599,10,2490
0jrbmuhj,36if8y5l,229,2,3,2,3,2,744,10,2490
0jrbmuhj,yk6wg2wc,230,1,1,5,1,5,733,10,2490
0jrbmuhj,36if8y5l,230,2,1,5,1,5,1375,10,2490
0jrbmuhj,yk6wg2wc,231,1,4,1,1,4,1097,10,2490
0jrbmuhj,36if8y5l,231,2,4,1,1,4,842,10,2490
0jrbmuhj,yk6wg2wc,232,1,4,2,4,2,799,0,2490
0jrbmuhj,36if8y5l,232,2,4,2,2,4,1128,0,2490
0jrbmuhj,yk6wg2wc,233,1,5,1,1,5,653,10,2490
0jrbmuhj,36if8y5l,233,2,5,1,1,5,874,10,2490
0jrbmuhj,yk6wg2wc,234,1,3,1,3,1,721,10,2490
0jrbmuhj,36if8y5l,234,2,1,3,3,1,798,10,2490
0jrbmuhj,yk6wg2wc,235,1,5,7,5,7,1196,10,2490
0jrbmuhj,36if8y5l,235,2,7,5,5,7,1334,10,2490
0jrbmuhj,yk6wg2wc,236,1,5,6,6,5,2265,10,2490
0jrbmuhj,36if8y5l,236,2,6,5,6,5,1246,10,2490
0jrbmuhj,yk6wg2wc,237,1,1,7,1,7,781,10,2490
0jrbmuhj,36if8y5l,237,2,7,1,1,7,832,10,2490
0jrbmuhj,yk6wg2wc,238,1,1,4,1,4,1446,10,2490
0jrbmuhj,36if8y5l,238,2,1,4,1,4,847,10,2490
0jrbmuhj,yk6wg2wc,239,1,6,3,3,6,1097,10,2490
0jrbmuhj,36if8y5l,239,2,6,3,3,6,988,10,2490
0jrbmuhj,yk6wg2wc,240,1,1,2,1,2,837,10,2490
0jrbmuhj,36if8y5l,240,2,2,1,1,2,885,10,2490
0jrbmuhj,yk6wg2wc,241,1,6,7,6,7,1217,10,2490
0jrbmuhj,36if8y5l,241,2,6,7,6,7,868,10,2490
0jrbmuhj,yk6wg2wc,242,1,3,4,3,4,652,10,2490
0jrbmuhj,36if8y5l,242,2,4,3,3,4,838,10,2490
0jrbmuhj,yk6wg2wc,243,1,6,2,6,2,1802,10,2490
0jrbmuhj,36if8y5l,243,2,6,2,6,2,971,10,2490
0jrbmuhj,yk6wg2wc,244,1,5,2,5,2,730,10,2490
0jrbmuhj,36if8y5l,244,2,2,5,5,2,1303,10,2490
0jrbmuhj,yk6wg2wc,245,1,3,7,3,7,707,10,2490
0jrbmuhj,36if8y5l,245,2,3,7,3,7,835,10,2490
0jrbmuhj,yk6wg2wc,246,1,3,5,3,5,659,10,2490
0jrbmuhj,36if8y5l,246,2,3,5,3,5,820,10,2490
0jrbmuhj,yk6wg2wc,247,1,6,4,6,4,1043,10,2490
0jrbmuhj,36if8y5l,247,2,6,4,6,4,820,10,2490
0jrbmuhj,yk6wg2wc,248,1,4,7,4,7,1002,0,2490
0jrbmuhj,36if8y5l,248,2,4,7,7,4,1146,0,2490
0jrbmuhj,yk6wg2wc,249,1,4,5,5,4,1808,10,2490
0jrbmuhj,36if8y5l,249,2,4,5,5,4,1726,10,2490
0jrbmuhj,yk6wg2wc,250,1,1,6,1,6,821,10,2490
0jrbmuhj,36if8y5l,250,2,1,6,1,6,883,10,2490
0jrbmuhj,yk6wg2wc,251,1,2,3,3,2,1282,10,2490
0jrbmuhj,36if8y5l,251,2,2,3,3,2,1336,10,2490
0jrbmuhj,yk6wg2wc,252,1,2,7,2,7,1365,10,2490
0jrbmuhj,36if8y5l,252,2,2,7,2,7,1344,10,2490
0jrbmuhj,yk6wg2wc,253,1,6,1,1,6,967,10,2490
0jrbmuhj,36if8y5l,253,2,1,6,1,6,1058,10,2490
0jrbmuhj,yk6wg2wc,254,1,5,4,5,4,1787,10,2490
0jrbmuhj,36if8y5l,254,2,4,5,5,4,1010,10,2490
0jrbmuhj,yk6wg2wc,255,1,5,7,5,7,1532,10,2490
0jrbmuhj,36if8y5l,255,2,5,7,5,7,1680,10,2490
0jrbmuhj,yk6wg2wc,256,1,2,7,2,7,1927,10,2490
0jrbmuhj,36if8y5l,256,2,2,7,2,7,2265,10,2490
0jrbmuhj,yk6wg2wc,257,1,5,2,5,2,1296,0,2490
0jrbmuhj,36if8y5l,257,2,2,5,2,5,2187,0,2490
0jrbmuhj,yk6wg2wc,258,1,2,4,2,4,1496,10,2490
0jrbmuhj,36if8y5l,258,2,2,4,2,4,1205,10,2490
0jrbmuhj,yk6wg2wc,259,1,6,7,6,7,1081,10,2490
0jrbmuhj,36if8y5l,259,2,7,6,6,7,1262,10,2490
0jrbmuhj,yk6wg2wc,260,1,5,1,1,5,799,10,2490
0jrbmuhj,36if8y5l,260,2,1,5,1,5,770,10,2490
0jrbmuhj,yk6wg2wc,261,1,3,5,3,5,727,10,2490
0jrbmuhj,36if8y5l,261,2,3,5,3,5,684,10,2490
0jrbmuhj,yk6wg2wc,262,1,3,7,3,7,726,10,2490
0jrbmuhj,36if8y5l,262,2,3,7,3,7,790,10,2490
0jrbmuhj,yk6wg2wc,263,1,3,6,3,6,626,10,2490
0jrbmuhj,36if8y5l,263,2,6,3,3,6,818,10,2490
0jrbmuhj,yk6wg2wc,264,1,7,1,1,7,931,10,2490
0jrbmuhj,36if8y5l,264,2,7,1,1,7,791,10,2490
0jrbmuhj,yk6wg2wc,265,1,7,4,4,7,1351,0,2490
0jrbmuhj,36if8y5l,265,2,4,7,7,4,3355,0,2490
0jrbmuhj,yk6wg2wc,266,1,6,4,6,4,1431,10,2490
0jrbmuhj,36if8y5l,266,2,6,4,6,4,1081,10,2490
0jrbmuhj,yk6wg2wc,267,1,6,5,6,5,2954,10,2490
0jrbmuhj,36if8y5l,267,2,5,6,6,5,3671,10,2490
0jrbmuhj,yk6wg2wc,268,1,4,1,1,4,1168,10,2490
0jrbmuhj,36if8y5l,268,2,1,4,1,4,1358,10,2490
0jrbmuhj,yk6wg2wc,269,1,1,2,1,2,1306,10,2490
0jrbmuhj,36if8y5l,269,2,2,1,1,2,837,10,2490
0jrbmuhj,yk6wg2wc,270,1,2,6,6,2,1140,10,2490
0jrbmuhj,36if8y5l,270,2,2,6,6,2,1223,10,2490
0jrbmuhj,yk6wg2wc,271,1,3,1,3,1,825,10,2490
0jrbmuhj,36if8y5l,271,2,1,3,3,1,834,10,2490
0jrbmuhj,yk6wg2wc,272,1,3,2,3,2,935,10,2490
0jrbmuhj,36if8y5l,272,2,2,3,3,2,869,10,2490
0jrbmuhj,yk6wg2wc,273,1,3,4,3,4,741,10,2490
0jrbmuhj,36if8y5l,273,2,3,4,3,4,741,10,2490
0jrbmuhj,yk6wg2wc,274,1,3,1,3,1,741,10,2490
0jrbmuhj,36if8y5l,274,2,3,1,3,1,849,10,2490
0jrbmuhj,yk6wg2wc,275,1,6,1,1,6,845,10,2490
0jrbmuhj,36if8y5l,275,2,6,1,1,6,851,10,2490
0jrbmuhj,yk6wg2wc,276,1,6,3,3,6,849,10,2490
0jrbmuhj,36if8y5l,276,2,6,3,3,6,733,10,2490
0jrbmuhj,yk6wg2wc,277,1,3,2,3,2,871,10,2490
0jrbmuhj,36if8y5l,277,2,2,3,3,2,782,10,2490
0jrbmuhj,yk6wg2wc,278,1,5,3,3,5,1039,10,2490
0jrbmuhj,36if8y5l,278,2,3,5,3,5,816,10,2490
0jrbmuhj,yk6wg2wc,279,1,4,1,1,4,757,10,2490
0jrbmuhj,36if8y5l,279,2,4,1,1,4,793,10,2490
0jrbmuhj,yk6wg2wc,280,1,5,6,6,5,1154,10,2490
0jrbmuhj,36if8y5l,280,2,5,6,6,5,1036,10,2490
0jrbmuhj,yk6wg2wc,281,1,7,6,6,7,1059,10,2490
0jrbmuhj,36if8y5l,281,2,6,7,6,7,821,10,2490
0jrbmuhj,yk6wg2wc,282,1,7,3,3,7,776,10,2490
0jrbmuhj,36if8y5l,282,2,7,3,3,7,860,10,2490
0jrbmuhj,yk6wg2wc,283,1,7,5,5,7,1098,10,2490
0jrbmuhj,36if8y5l,283,2,7,5,5,7,1184,10,2490
0jrbmuhj,yk6wg2wc,284,1,2,4,2,4,1840,0,2490
0jrbmuhj,36if8y5l,284,2,4,2,4,2,1778,0,2490
0jrbmuhj,yk6wg2wc,285,1,3,4,3,4,1232,10,2490
0jrbmuhj,36if8y5l,285,2,4,3,3,4,1072,10,2490
0jrbmuhj,yk6wg2wc,286,1,7,2,2,7,1393,0,2490
0jrbmuhj,36if8y5l,286,2,2,7,7,2,2445,0,2490
0jrbmuhj,yk6wg2wc,287,1,5,4,5,4,4113,10,2490
0jrbmuhj,36if8y5l,287,2,5,4,5,4,1989,10,2490
0jrbmuhj,yk6wg2wc,288,1,4,7,4,7,1840,0,2490
0jrbmuhj,36if8y5l,288,2,7,4,7,4,1345,0,2490
0jrbmuhj,yk6wg2wc,289,1,6,2,6,2,1659,10,2490
0jrbmuhj,36if8y5l,289,2,6,2,6,2,1176,10,2490
0jrbmuhj,yk6wg2wc,290,1,1,7,1,7,1213,10,2490
0jrbmuhj,36if8y5l,290,2,7,1,1,7,1102,10,2490
0jrbmuhj,yk6wg2wc,291,1,5,2,5,2,1704,10,2490
0jrbmuhj,36if8y5l,291,2,5,2,5,2,2712,10,2490
0jrbmuhj,yk6wg2wc,292,1,6,4,6,4,1040,10,2490
0jrbmuhj,36if8y5l,292,2,6,4,6,4,1080,10,2490
0jrbmuhj,yk6wg2wc,293,1,1,5,1,5,1269,10,2490
0jrbmuhj,36if8y5l,293,2,1,5,1,5,922,10,2490
0jrbmuhj,yk6wg2wc,294,1,1,2,1,2,687,10,2490
0jrbmuhj,36if8y5l,294,2,1,2,1,2,907,10,2490
