"","6","1","5","4","7"
"1",1050,950,1000,1000,1000
"2",1072,967,1050,950,978
"3",1093,984,1064,942,957
"4",1103,1001,1079,934,906
"5",1114,958,1093,927,919
"6",1124,967,1070,919,932
"7",1170,976,1047,893,945
"8",1173,986,1060,867,958
"9",1175,995,1072,830,939
"10",1178,989,1085,861,920
"11",1180,982,1068,892,858
"12",1183,976,1052,884,845
"13",1208,970,1036,876,861
"14",1183,1036,1019,869,876
"15",1158,1067,1056,861,892
"16",1133,1028,1094,889,907
"17",1092,989,1071,916,923
"18",1050,998,1047,944,911
"19",1057,1007,1024,1014,899
"20",1064,1016,1060,980,887
"21",1071,1024,1027,947,954
"22",1078,1033,994,1013,966
"23",1085,1042,973,960,979
"24",1092,1058,952,953,992
"25",1111,1073,902,946,1004
"26",1130,1088,896,939,966
"27",1068,1104,890,932,984
"28",1103,1116,884,925,1002
"29",1083,1128,878,938,1020
"30",1062,1056,865,950,1038
"31",1042,1082,852,963,1049
"32",1022,1090,933,975,1060
"33",959,1098,946,988,1070
"34",942,1107,959,945,1081
"35",926,1115,972,919,1090
"36",940,1126,985,893,1100
"37",954,1137,966,871,1109
"38",968,1160,948,883,1118
"39",982,1184,975,895,1071
"40",996,1144,1001,906,1001
"41",972,1104,1028,918,1026
"42",947,1113,992,930,1050
"43",972,1123,957,942,1062
"44",998,1132,906,924,1073
"45",1022,1142,901,907,1085
"46",1045,1151,895,931,1038
"47",1069,1080,890,955,1046
"48",997,1048,885,979,1054
"49",1006,1016,879,1043,1062
"50",1015,1020,874,1057,1070
"51",1023,1024,950,1072,994
"52",1032,1028,939,1086,951
"53",1041,1032,928,1108,907
"54",997,1036,918,1130,901
"55",1040,1040,907,1141,895
"56",1053,1044,885,1152,888
"57",1066,1048,853,1132,882
"58",1078,1079,863,1112,876
"59",1091,1139,873,1092,868
"60",1104,1075,883,1095,860
"61",1112,1099,893,1098,852
"62",1120,1104,903,1101,802
"63",1128,1110,879,1104,794
"64",1114,1116,868,1107,787
"65",1099,1121,857,1133,784
"66",1084,1069,852,1159,781
"67",1070,1127,848,1166,778
"68",1052,1135,843,1173,774
"69",1034,1143,856,1209,771
"70",1053,1151,870,1196,768
"71",1033,1159,883,1184,728
"72",1013,1167,875,1171,760
"73",1038,1183,867,1158,791
"74",1064,1088,862,1146,823
"75",1089,1107,857,1133,864
"76",1006,1125,852,1105,906
"77",1013,1144,846,1077,942
"78",1020,1131,841,1004,979
"79",1026,1118,836,1035,965
"80",1033,1105,809,1057,951
"81",1075,1092,831,1078,937
"82",1088,1079,854,1100,904
"83",1100,1062,876,1110,870
"84",1113,1045,870,1121,849
"85",1126,1028,863,1130,862
"86",1110,1042,857,1140,875
"87",1094,1055,830,1164,888
"88",1078,1029,870,1188,900
"89",997,1004,911,1192,913
"90",970,978,908,1197,926
"91",944,1031,905,1201,958
"92",952,967,902,1206,990
"93",959,945,899,1210,969
"94",966,935,896,1225,948
"95",974,926,959,1232,927
"96",982,916,975,1240,912
"97",989,907,991,1246,867
"98",980,897,1007,1253,863
"99",970,894,980,1259,859
"100",1025,890,952,1264,855
"101",1035,887,946,1269,850
"102",1046,872,939,1282,846
"103",1056,856,972,1283,842
"104",990,879,1005,1284,838
"105",1023,903,970,1286,834
"106",1020,926,935,1287,831
"107",1016,894,916,1288,828
"108",1013,862,898,1294,892
"109",1009,878,879,1299,948
"110",1006,893,876,1305,927
"111",990,908,872,1312,907
"112",973,924,886,1316,886
"113",956,915,900,1321,919
"114",940,887,914,1324,952
"115",964,859,928,1327,975
"116",988,850,880,1330,998
"117",976,842,898,1333,1020
"118",993,834,916,1242,1043
"119",1010,825,934,1247,1007
"120",1016,815,952,1252,971
"121",1021,805,937,1257,986
"122",1026,795,957,1241,1001
"123",1032,773,976,1225,972
"124",1004,797,996,1209,942
"125",977,821,1051,1193,970
"126",922,845,1036,1177,997
"127",916,869,1021,1161,983
"128",911,894,1007,1189,969
"129",905,918,992,1206,964
"130",932,943,977,1213,959
"131",960,888,990,1219,954
"132",979,869,1002,1226,949
"133",999,850,1015,1227,961
"134",1018,832,957,1228,973
"135",1040,814,973,1230,985
"136",1063,812,989,1231,940
"137",1087,809,1005,1232,892
"138",1112,807,1029,1233,901
"139",1136,825,1052,1160,910
"140",1158,843,1076,1089,918
"141",1179,862,1099,1046,927
"142",1134,880,1122,1000,936
"143",1088,898,1144,984,944
"144",1043,919,1167,968,953
"145",973,941,1173,952,962
"146",980,962,1179,936,985
"147",988,990,1185,890,1008
"148",995,1018,1191,903,952
"149",1002,988,1197,916,942
"150",1010,967,1216,928,933
"151",1017,945,1188,941,889
"152",1009,924,1159,954,882
"153",1001,1009,1131,973,876
"154",993,974,1151,992,869
"155",985,940,1113,1011,938
"156",977,931,1075,1030,932
"157",969,922,1042,1078,926
"158",1034,912,1010,1088,919
"159",1071,903,1026,1099,913
"160",1035,896,1042,1109,907
"161",999,890,1058,1077,979
"162",987,883,1074,1045,960
"163",976,876,1111,1058,942
"164",964,869,1146,1071,934
"165",925,863,1134,1084,926
"166",972,856,1122,1100,919
"167",980,885,1110,1115,911
"168",987,914,1099,1077,853
"169",995,990,1087,1039,874
"170",1002,1061,1075,1016,894
"171",1010,1073,1120,994,915
"172",1017,1084,1037,968,936
"173",1025,1096,1014,941,925
"174",998,1108,990,959,914
"175",970,1084,1045,977,902
"176",1015,1060,1041,995,891
"177",999,1036,1036,1013,874
"178",984,1060,1032,1046,858
"179",968,1083,1028,1053,898
"180",991,1004,1024,1060,937
"181",1014,1024,1019,1068,891
"182",1002,1044,1015,1075,862
"183",989,1064,1011,1015,850
"184",976,1088,1007,1040,838
"185",964,1096,1002,1065,828
"186",953,1104,998,1112,819
"187",942,1113,1027,1118,809
"188",931,1121,1058,1123,823
"189",916,1058,1090,1129,836
"190",902,1072,1119,1134,850
"191",873,1087,1092,1140,864
"192",891,1142,1064,1146,877
"193",908,1147,982,1151,891
"194",926,1151,992,1157,838
"195",912,1156,1003,1162,824
"196",898,1100,1014,1168,821
"197",884,1103,1024,1184,818
"198",928,1107,993,1199,815
"199",971,1110,1005,1112,812
"200",935,1114,1017,1127,809
"201",899,1117,1028,1136,881
"202",887,1121,1040,1146,862
"203",875,1124,1052,1110,856
"204",900,1145,1064,1075,850
"205",926,1166,1022,1037,845
"206",951,1175,1036,999,839
"207",972,1185,1051,985,833
"208",994,1194,1019,971,863
"209",1015,1149,987,956,893
"210",1000,1104,998,941,923
"211",986,1130,1009,926,897
"212",972,1137,1019,911,957
"213",957,1144,1030,899,1015
"214",944,1150,1041,888,961
"215",930,1157,1021,876,955
"216",977,1162,1002,864,950
"217",1036,1167,982,856,944
"218",1046,1172,1020,849,938
"219",1056,1097,1057,838,932
"220",1066,1113,1080,826,927
"221",1076,1128,1090,836,921
"222",1029,1144,1099,845,906
"223",1035,1166,1109,854,892
"224",1041,1189,1064,864,884
"225",1047,1204,1048,874,877
"226",1053,1208,1033,883,820
"227",1059,1211,1017,853,831
"228",1072,1215,1002,842,841
"229",1086,1219,986,920,852
"230",1099,1223,946,957,862
"231",1025,1228,974,994,873
"232",1017,1232,1003,937,883
"233",1008,1236,929,934,894
"234",1000,1240,922,930,916
"235",968,1254,915,926,937
"236",935,1212,926,923,959
"237",922,1169,936,920,1044
"238",908,1190,947,916,1060
"239",895,1168,957,883,1077
"240",882,1147,968,879,1094
"241",925,1126,933,874,1112
"242",968,1104,921,870,1128
"243",937,1115,908,865,1143
"244",962,1126,896,861,1147
"245",986,1098,884,888,1151
"246",995,1069,831,914,1156
"247",1004,1041,916,904,1160
"248",1014,1030,928,893,1164
"249",1023,1019,940,856,1180
"250",1013,1008,951,854,1197
"251",1004,983,963,851,1222
"252",994,924,975,848,1227
"253",984,944,987,846,1232
"254",975,963,1000,807,1210
"255",965,1021,1012,801,1188
"256",916,1027,1024,795,1167
"257",1003,1034,1031,789,1145
"258",1027,1040,1037,783,1157
"259",1036,1046,1044,763,1169
"260",1046,1053,1008,754,1181
"261",1055,1059,1027,744,1134
"262",1064,1066,1002,838,1087
"263",1074,1072,976,832,1065
"264",1083,1016,1008,825,1044
"265",1070,992,1041,819,1022
"266",1057,967,1028,812,1071
"267",1044,999,1016,806,1097
"268",1031,991,1003,801,1123
"269",1082,982,990,795,1134
"270",1098,974,998,790,1145
"271",1089,966,1006,778,1156
"272",1080,944,1014,766,1125
"273",1070,923,1057,812,1095
"274",1061,894,1069,858,1064
"275",1052,864,1081,917,1092
"276",1043,879,1093,904,1119
"277",995,893,1105,891,1135
"278",1034,908,1081,878,1151
"279",998,922,1057,899,1167
"280",961,937,1026,920,1139
"281",1024,949,994,942,1110
"282",1010,960,1017,963,1082
"283",996,972,1040,917,1090
"284",982,984,1030,870,1099
"285",968,1040,1020,860,1108
"286",934,1051,1011,850,1116
"287",954,1062,1001,839,1155
"288",975,1074,978,829,1168
"289",963,1085,956,826,1182
"290",950,1045,933,822,1195
"291",938,1050,910,819,1205
"292",925,1055,887,888,1209
"293",913,1060,880,950,1214
"294",906,1066,874,964,1218
"295",899,1071,851,977,1232
"296",945,1076,828,991,1238
"297",909,1081,821,1004,1243
"298",909,1013,814,1018,1248
"299",909,991,807,1018,1254
"300",909,1019,800,1018,1254
