participant_number,participant_code,answer
1,63ealx09,"brown was always last. Pinks beat orange/yellow, which beat blues. Favored light pink over magenta, and yellow over orange, but dark blue over light blue."
2,gau2do7i,"I initially tried to coordinate on clicking one side, but then I switched to established colour preferences, and clicked colors based on what I assumed the other's preference was in a hierarchy"
session,participant_code,round_number,participant_number,left_stimuli,right_stimuli,response,loser,answered_time,payoff_round,total_payoff
gbg78wlf,63ealx09,1,1,3,7,7,3,1468,10.0,5120.0
gbg78wlf,gau2do7i,1,2,7,3,7,3,2637,10.0,5120.0
gbg78wlf,63ealx09,2,1,3,5,5,3,936,10.0,5120.0
gbg78wlf,gau2do7i,2,2,3,5,5,3,1023,10.0,5120.0
gbg78wlf,63ealx09,3,1,7,4,7,4,2486,10.0,5120.0
gbg78wlf,gau2do7i,3,2,4,7,7,4,2473,10.0,5120.0
gbg78wlf,63ealx09,4,1,1,6,6,1,1368,10.0,5120.0
gbg78wlf,gau2do7i,4,2,1,6,6,1,1117,10.0,5120.0
gbg78wlf,63ealx09,5,1,2,1,1,2,2605,10.0,5120.0
gbg78wlf,gau2do7i,5,2,1,2,1,2,2891,10.0,5120.0
gbg78wlf,63ealx09,6,1,6,4,6,4,1024,10.0,5120.0
gbg78wlf,gau2do7i,6,2,4,6,6,4,773,10.0,5120.0
gbg78wlf,63ealx09,7,1,1,4,4,1,1592,10.0,5120.0
gbg78wlf,gau2do7i,7,2,1,4,4,1,1689,10.0,5120.0
gbg78wlf,63ealx09,8,1,2,4,4,2,1277,10.0,5120.0
gbg78wlf,gau2do7i,8,2,4,2,4,2,1361,10.0,5120.0
gbg78wlf,63ealx09,9,1,2,7,7,2,1284,10.0,5120.0
gbg78wlf,gau2do7i,9,2,7,2,7,2,1322,10.0,5120.0
gbg78wlf,63ealx09,10,1,3,1,3,1,2384,10.0,5120.0
gbg78wlf,gau2do7i,10,2,1,3,3,1,1165,10.0,5120.0
gbg78wlf,63ealx09,11,1,3,6,6,3,4082,10.0,5120.0
gbg78wlf,gau2do7i,11,2,3,6,6,3,1069,10.0,5120.0
gbg78wlf,63ealx09,12,1,7,6,6,7,793,10.0,5120.0
gbg78wlf,gau2do7i,12,2,6,7,6,7,1536,10.0,5120.0
gbg78wlf,63ealx09,13,1,6,5,5,6,990,10.0,5120.0
gbg78wlf,gau2do7i,13,2,5,6,5,6,991,10.0,5120.0
gbg78wlf,63ealx09,14,1,7,5,5,7,783,10.0,5120.0
gbg78wlf,gau2do7i,14,2,7,5,5,7,1058,10.0,5120.0
gbg78wlf,63ealx09,15,1,3,4,4,3,2567,10.0,5120.0
gbg78wlf,gau2do7i,15,2,3,4,4,3,2840,10.0,5120.0
gbg78wlf,63ealx09,16,1,2,6,6,2,1094,10.0,5120.0
gbg78wlf,gau2do7i,16,2,2,6,6,2,1105,10.0,5120.0
gbg78wlf,63ealx09,17,1,5,1,5,1,1565,10.0,5120.0
gbg78wlf,gau2do7i,17,2,5,1,5,1,1051,10.0,5120.0
gbg78wlf,63ealx09,18,1,5,4,5,4,1276,10.0,5120.0
gbg78wlf,gau2do7i,18,2,5,4,5,4,1623,10.0,5120.0
gbg78wlf,63ealx09,19,1,3,2,3,2,1378,10.0,5120.0
gbg78wlf,gau2do7i,19,2,3,2,3,2,1797,10.0,5120.0
gbg78wlf,63ealx09,20,1,2,5,5,2,1226,10.0,5120.0
gbg78wlf,gau2do7i,20,2,5,2,5,2,1013,10.0,5120.0
gbg78wlf,63ealx09,21,1,1,7,7,1,1839,10.0,5120.0
gbg78wlf,gau2do7i,21,2,1,7,7,1,1910,10.0,5120.0
gbg78wlf,63ealx09,22,1,2,5,5,2,1339,10.0,5120.0
gbg78wlf,gau2do7i,22,2,2,5,5,2,1101,10.0,5120.0
gbg78wlf,63ealx09,23,1,3,4,4,3,1261,10.0,5120.0
gbg78wlf,gau2do7i,23,2,4,3,4,3,2081,10.0,5120.0
gbg78wlf,63ealx09,24,1,2,4,4,2,971,10.0,5120.0
gbg78wlf,gau2do7i,24,2,2,4,4,2,1144,10.0,5120.0
gbg78wlf,63ealx09,25,1,2,1,1,2,861,10.0,5120.0
gbg78wlf,gau2do7i,25,2,2,1,1,2,1444,10.0,5120.0
gbg78wlf,63ealx09,26,1,1,7,7,1,1256,10.0,5120.0
gbg78wlf,gau2do7i,26,2,1,7,7,1,1655,10.0,5120.0
gbg78wlf,63ealx09,27,1,7,4,7,4,1644,10.0,5120.0
gbg78wlf,gau2do7i,27,2,4,7,7,4,1652,10.0,5120.0
gbg78wlf,63ealx09,28,1,5,6,5,6,1031,10.0,5120.0
gbg78wlf,gau2do7i,28,2,5,6,5,6,1139,10.0,5120.0
gbg78wlf,63ealx09,29,1,3,2,3,2,1988,10.0,5120.0
gbg78wlf,gau2do7i,29,2,3,2,3,2,2202,10.0,5120.0
gbg78wlf,63ealx09,30,1,3,7,7,3,1191,10.0,5120.0
gbg78wlf,gau2do7i,30,2,3,7,7,3,3176,10.0,5120.0
gbg78wlf,63ealx09,31,1,6,2,6,2,1629,10.0,5120.0
gbg78wlf,gau2do7i,31,2,2,6,6,2,1968,10.0,5120.0
gbg78wlf,63ealx09,32,1,7,2,7,2,1016,10.0,5120.0
gbg78wlf,gau2do7i,32,2,7,2,7,2,1389,10.0,5120.0
gbg78wlf,63ealx09,33,1,6,7,6,7,2110,10.0,5120.0
gbg78wlf,gau2do7i,33,2,6,7,6,7,1140,10.0,5120.0
gbg78wlf,63ealx09,34,1,6,4,6,4,1045,10.0,5120.0
gbg78wlf,gau2do7i,34,2,4,6,6,4,1340,10.0,5120.0
gbg78wlf,63ealx09,35,1,1,5,5,1,1054,10.0,5120.0
gbg78wlf,gau2do7i,35,2,1,5,5,1,1026,10.0,5120.0
gbg78wlf,63ealx09,36,1,1,3,3,1,1567,10.0,5120.0
gbg78wlf,gau2do7i,36,2,3,1,3,1,1428,10.0,5120.0
gbg78wlf,63ealx09,37,1,4,1,4,1,2001,10.0,5120.0
gbg78wlf,gau2do7i,37,2,1,4,4,1,1173,10.0,5120.0
gbg78wlf,63ealx09,38,1,5,4,5,4,2324,10.0,5120.0
gbg78wlf,gau2do7i,38,2,4,5,5,4,910,10.0,5120.0
gbg78wlf,63ealx09,39,1,6,1,6,1,1570,10.0,5120.0
gbg78wlf,gau2do7i,39,2,1,6,6,1,790,10.0,5120.0
gbg78wlf,63ealx09,40,1,6,3,6,3,1169,10.0,5120.0
gbg78wlf,gau2do7i,40,2,3,6,6,3,852,10.0,5120.0
gbg78wlf,63ealx09,41,1,3,5,5,3,922,10.0,5120.0
gbg78wlf,gau2do7i,41,2,3,5,5,3,786,10.0,5120.0
gbg78wlf,63ealx09,42,1,7,5,5,7,1358,10.0,5120.0
gbg78wlf,gau2do7i,42,2,7,5,5,7,2968,10.0,5120.0
gbg78wlf,63ealx09,43,1,3,1,3,1,1279,10.0,5120.0
gbg78wlf,gau2do7i,43,2,3,1,3,1,1262,10.0,5120.0
gbg78wlf,63ealx09,44,1,4,3,4,3,1668,10.0,5120.0
gbg78wlf,gau2do7i,44,2,4,3,4,3,1272,10.0,5120.0
gbg78wlf,63ealx09,45,1,5,7,5,7,1845,10.0,5120.0
gbg78wlf,gau2do7i,45,2,5,7,5,7,1075,10.0,5120.0
gbg78wlf,63ealx09,46,1,3,2,3,2,1471,10.0,5120.0
gbg78wlf,gau2do7i,46,2,3,2,3,2,1363,10.0,5120.0
gbg78wlf,63ealx09,47,1,5,4,5,4,1366,10.0,5120.0
gbg78wlf,gau2do7i,47,2,5,4,5,4,1077,10.0,5120.0
gbg78wlf,63ealx09,48,1,6,3,6,3,1844,10.0,5120.0
gbg78wlf,gau2do7i,48,2,3,6,6,3,930,10.0,5120.0
gbg78wlf,63ealx09,49,1,1,6,6,1,1305,10.0,5120.0
gbg78wlf,gau2do7i,49,2,1,6,6,1,914,10.0,5120.0
gbg78wlf,63ealx09,50,1,4,6,6,4,1611,10.0,5120.0
gbg78wlf,gau2do7i,50,2,4,6,6,4,982,10.0,5120.0
gbg78wlf,63ealx09,51,1,2,6,6,2,1053,10.0,5120.0
gbg78wlf,gau2do7i,51,2,6,2,6,2,923,10.0,5120.0
gbg78wlf,63ealx09,52,1,4,2,4,2,1307,10.0,5120.0
gbg78wlf,gau2do7i,52,2,2,4,4,2,1080,10.0,5120.0
gbg78wlf,63ealx09,53,1,5,2,5,2,1088,10.0,5120.0
gbg78wlf,gau2do7i,53,2,2,5,5,2,1086,10.0,5120.0
gbg78wlf,63ealx09,54,1,1,5,5,1,951,10.0,5120.0
gbg78wlf,gau2do7i,54,2,1,5,5,1,1290,10.0,5120.0
gbg78wlf,63ealx09,55,1,5,6,5,6,1532,10.0,5120.0
gbg78wlf,gau2do7i,55,2,5,6,5,6,1050,10.0,5120.0
gbg78wlf,63ealx09,56,1,7,2,7,2,1263,10.0,5120.0
gbg78wlf,gau2do7i,56,2,2,7,7,2,1198,10.0,5120.0
gbg78wlf,63ealx09,57,1,4,1,4,1,1795,10.0,5120.0
gbg78wlf,gau2do7i,57,2,4,1,4,1,1695,10.0,5120.0
gbg78wlf,63ealx09,58,1,7,4,7,4,1204,10.0,5120.0
gbg78wlf,gau2do7i,58,2,4,7,7,4,1673,10.0,5120.0
gbg78wlf,63ealx09,59,1,7,6,6,7,1143,10.0,5120.0
gbg78wlf,gau2do7i,59,2,7,6,6,7,1254,10.0,5120.0
gbg78wlf,63ealx09,60,1,7,3,7,3,1525,10.0,5120.0
gbg78wlf,gau2do7i,60,2,7,3,7,3,3633,10.0,5120.0
gbg78wlf,63ealx09,61,1,7,1,7,1,2092,0.0,5120.0
gbg78wlf,gau2do7i,61,2,1,7,1,7,1151,0.0,5120.0
gbg78wlf,63ealx09,62,1,5,3,5,3,1009,10.0,5120.0
gbg78wlf,gau2do7i,62,2,5,3,5,3,1037,10.0,5120.0
gbg78wlf,63ealx09,63,1,1,2,1,2,1148,10.0,5120.0
gbg78wlf,gau2do7i,63,2,1,2,1,2,1412,10.0,5120.0
gbg78wlf,63ealx09,64,1,7,4,7,4,1017,10.0,5120.0
gbg78wlf,gau2do7i,64,2,4,7,7,4,1578,10.0,5120.0
gbg78wlf,63ealx09,65,1,1,2,1,2,880,10.0,5120.0
gbg78wlf,gau2do7i,65,2,1,2,1,2,1233,10.0,5120.0
gbg78wlf,63ealx09,66,1,3,2,3,2,910,10.0,5120.0
gbg78wlf,gau2do7i,66,2,3,2,3,2,1617,10.0,5120.0
gbg78wlf,63ealx09,67,1,3,4,4,3,2151,10.0,5120.0
gbg78wlf,gau2do7i,67,2,3,4,4,3,1596,10.0,5120.0
gbg78wlf,63ealx09,68,1,1,6,6,1,1575,10.0,5120.0
gbg78wlf,gau2do7i,68,2,6,1,6,1,1344,10.0,5120.0
gbg78wlf,63ealx09,69,1,3,5,5,3,1642,10.0,5120.0
gbg78wlf,gau2do7i,69,2,5,3,5,3,1029,10.0,5120.0
gbg78wlf,63ealx09,70,1,1,7,7,1,910,10.0,5120.0
gbg78wlf,gau2do7i,70,2,7,1,7,1,1269,10.0,5120.0
gbg78wlf,63ealx09,71,1,6,5,5,6,1048,10.0,5120.0
gbg78wlf,gau2do7i,71,2,5,6,5,6,1947,10.0,5120.0
gbg78wlf,63ealx09,72,1,5,1,5,1,1192,10.0,5120.0
gbg78wlf,gau2do7i,72,2,5,1,5,1,1064,10.0,5120.0
gbg78wlf,63ealx09,73,1,2,5,5,2,2370,10.0,5120.0
gbg78wlf,gau2do7i,73,2,2,5,5,2,1094,10.0,5120.0
gbg78wlf,63ealx09,74,1,4,2,4,2,1680,10.0,5120.0
gbg78wlf,gau2do7i,74,2,4,2,4,2,1343,10.0,5120.0
gbg78wlf,63ealx09,75,1,4,1,4,1,2044,10.0,5120.0
gbg78wlf,gau2do7i,75,2,4,1,4,1,1366,10.0,5120.0
gbg78wlf,63ealx09,76,1,6,3,6,3,1307,10.0,5120.0
gbg78wlf,gau2do7i,76,2,3,6,6,3,2006,10.0,5120.0
gbg78wlf,63ealx09,77,1,5,4,5,4,1716,10.0,5120.0
gbg78wlf,gau2do7i,77,2,5,4,5,4,1409,10.0,5120.0
gbg78wlf,63ealx09,78,1,6,4,6,4,983,10.0,5120.0
gbg78wlf,gau2do7i,78,2,4,6,6,4,1543,10.0,5120.0
gbg78wlf,63ealx09,79,1,2,6,6,2,1233,10.0,5120.0
gbg78wlf,gau2do7i,79,2,6,2,6,2,1179,10.0,5120.0
gbg78wlf,63ealx09,80,1,5,7,5,7,1140,10.0,5120.0
gbg78wlf,gau2do7i,80,2,5,7,5,7,1296,10.0,5120.0
gbg78wlf,63ealx09,81,1,2,7,7,2,963,10.0,5120.0
gbg78wlf,gau2do7i,81,2,7,2,7,2,1014,10.0,5120.0
gbg78wlf,63ealx09,82,1,3,7,7,3,1621,10.0,5120.0
gbg78wlf,gau2do7i,82,2,3,7,7,3,1326,10.0,5120.0
gbg78wlf,63ealx09,83,1,3,1,3,1,1190,10.0,5120.0
gbg78wlf,gau2do7i,83,2,3,1,3,1,1321,10.0,5120.0
gbg78wlf,63ealx09,84,1,6,7,6,7,1220,10.0,5120.0
gbg78wlf,gau2do7i,84,2,6,7,6,7,1045,10.0,5120.0
gbg78wlf,63ealx09,85,1,3,6,6,3,1042,10.0,5120.0
gbg78wlf,gau2do7i,85,2,3,6,6,3,1433,10.0,5120.0
gbg78wlf,63ealx09,86,1,3,5,5,3,1052,10.0,5120.0
gbg78wlf,gau2do7i,86,2,3,5,5,3,1139,10.0,5120.0
gbg78wlf,63ealx09,87,1,5,7,5,7,892,10.0,5120.0
gbg78wlf,gau2do7i,87,2,7,5,5,7,1841,10.0,5120.0
gbg78wlf,63ealx09,88,1,3,4,4,3,1208,10.0,5120.0
gbg78wlf,gau2do7i,88,2,4,3,4,3,1504,10.0,5120.0
gbg78wlf,63ealx09,89,1,2,6,6,2,1926,10.0,5120.0
gbg78wlf,gau2do7i,89,2,2,6,6,2,1161,10.0,5120.0
gbg78wlf,63ealx09,90,1,1,6,6,1,2245,10.0,5120.0
gbg78wlf,gau2do7i,90,2,6,1,6,1,1488,10.0,5120.0
gbg78wlf,63ealx09,91,1,4,5,5,4,1087,10.0,5120.0
gbg78wlf,gau2do7i,91,2,5,4,5,4,835,10.0,5120.0
gbg78wlf,63ealx09,92,1,1,5,5,1,1629,10.0,5120.0
gbg78wlf,gau2do7i,92,2,1,5,5,1,1036,10.0,5120.0
gbg78wlf,63ealx09,93,1,1,7,7,1,1600,10.0,5120.0
gbg78wlf,gau2do7i,93,2,1,7,7,1,3544,10.0,5120.0
gbg78wlf,63ealx09,94,1,4,1,4,1,1489,10.0,5120.0
gbg78wlf,gau2do7i,94,2,1,4,4,1,1107,10.0,5120.0
gbg78wlf,63ealx09,95,1,7,3,7,3,1539,10.0,5120.0
gbg78wlf,gau2do7i,95,2,3,7,7,3,1615,10.0,5120.0
gbg78wlf,63ealx09,96,1,4,6,6,4,2770,10.0,5120.0
gbg78wlf,gau2do7i,96,2,6,4,6,4,824,10.0,5120.0
gbg78wlf,63ealx09,97,1,7,6,6,7,923,10.0,5120.0
gbg78wlf,gau2do7i,97,2,7,6,6,7,1095,10.0,5120.0
gbg78wlf,63ealx09,98,1,7,2,7,2,1114,10.0,5120.0
gbg78wlf,gau2do7i,98,2,7,2,7,2,931,10.0,5120.0
gbg78wlf,63ealx09,99,1,4,2,4,2,1600,10.0,5120.0
gbg78wlf,gau2do7i,99,2,4,2,4,2,3251,10.0,5120.0
gbg78wlf,63ealx09,100,1,1,2,1,2,1977,10.0,5120.0
gbg78wlf,gau2do7i,100,2,1,2,1,2,1384,10.0,5120.0
gbg78wlf,63ealx09,101,1,5,6,5,6,1450,10.0,5120.0
gbg78wlf,gau2do7i,101,2,5,6,5,6,1064,10.0,5120.0
gbg78wlf,63ealx09,102,1,1,3,3,1,1263,10.0,5120.0
gbg78wlf,gau2do7i,102,2,1,3,3,1,1431,10.0,5120.0
gbg78wlf,63ealx09,103,1,4,7,7,4,2327,10.0,5120.0
gbg78wlf,gau2do7i,103,2,4,7,7,4,1439,10.0,5120.0
gbg78wlf,63ealx09,104,1,2,3,3,2,1392,10.0,5120.0
gbg78wlf,gau2do7i,104,2,2,3,3,2,1643,10.0,5120.0
gbg78wlf,63ealx09,105,1,5,2,5,2,1972,10.0,5120.0
gbg78wlf,gau2do7i,105,2,5,2,5,2,860,10.0,5120.0
gbg78wlf,63ealx09,106,1,6,3,6,3,2071,10.0,5120.0
gbg78wlf,gau2do7i,106,2,6,3,6,3,855,10.0,5120.0
gbg78wlf,63ealx09,107,1,7,3,7,3,1436,10.0,5120.0
gbg78wlf,gau2do7i,107,2,3,7,7,3,1344,10.0,5120.0
gbg78wlf,63ealx09,108,1,1,4,4,1,2115,10.0,5120.0
gbg78wlf,gau2do7i,108,2,1,4,4,1,2610,10.0,5120.0
gbg78wlf,63ealx09,109,1,2,1,1,2,1272,10.0,5120.0
gbg78wlf,gau2do7i,109,2,1,2,1,2,1795,10.0,5120.0
gbg78wlf,63ealx09,110,1,1,5,5,1,1478,10.0,5120.0
gbg78wlf,gau2do7i,110,2,1,5,5,1,1569,10.0,5120.0
gbg78wlf,63ealx09,111,1,2,3,3,2,1745,10.0,5120.0
gbg78wlf,gau2do7i,111,2,2,3,3,2,4551,10.0,5120.0
gbg78wlf,63ealx09,112,1,2,7,7,2,1172,10.0,5120.0
gbg78wlf,gau2do7i,112,2,7,2,7,2,1256,10.0,5120.0
gbg78wlf,63ealx09,113,1,7,1,7,1,2152,10.0,5120.0
gbg78wlf,gau2do7i,113,2,1,7,7,1,1659,10.0,5120.0
gbg78wlf,63ealx09,114,1,7,4,7,4,1408,10.0,5120.0
gbg78wlf,gau2do7i,114,2,4,7,7,4,2468,10.0,5120.0
gbg78wlf,63ealx09,115,1,5,7,5,7,1318,10.0,5120.0
gbg78wlf,gau2do7i,115,2,5,7,5,7,1165,10.0,5120.0
gbg78wlf,63ealx09,116,1,2,5,5,2,1041,10.0,5120.0
gbg78wlf,gau2do7i,116,2,2,5,5,2,855,10.0,5120.0
gbg78wlf,63ealx09,117,1,3,4,4,3,1404,10.0,5120.0
gbg78wlf,gau2do7i,117,2,4,3,4,3,1609,10.0,5120.0
gbg78wlf,63ealx09,118,1,7,6,6,7,2435,10.0,5120.0
gbg78wlf,gau2do7i,118,2,6,7,6,7,1397,10.0,5120.0
gbg78wlf,63ealx09,119,1,5,3,5,3,1175,10.0,5120.0
gbg78wlf,gau2do7i,119,2,5,3,5,3,844,10.0,5120.0
gbg78wlf,63ealx09,120,1,2,6,6,2,1149,10.0,5120.0
gbg78wlf,gau2do7i,120,2,2,6,6,2,1176,10.0,5120.0
gbg78wlf,63ealx09,121,1,1,6,6,1,1597,10.0,5120.0
gbg78wlf,gau2do7i,121,2,6,1,6,1,1555,10.0,5120.0
gbg78wlf,63ealx09,122,1,5,6,5,6,1281,10.0,5120.0
gbg78wlf,gau2do7i,122,2,5,6,5,6,1626,10.0,5120.0
gbg78wlf,63ealx09,123,1,4,5,5,4,1865,10.0,5120.0
gbg78wlf,gau2do7i,123,2,4,5,5,4,1387,10.0,5120.0
gbg78wlf,63ealx09,124,1,2,4,4,2,3113,10.0,5120.0
gbg78wlf,gau2do7i,124,2,4,2,4,2,1091,10.0,5120.0
gbg78wlf,63ealx09,125,1,4,6,6,4,1225,10.0,5120.0
gbg78wlf,gau2do7i,125,2,4,6,6,4,1253,10.0,5120.0
gbg78wlf,63ealx09,126,1,3,1,3,1,1407,10.0,5120.0
gbg78wlf,gau2do7i,126,2,1,3,3,1,1577,10.0,5120.0
gbg78wlf,63ealx09,127,1,5,3,5,3,1995,10.0,5120.0
gbg78wlf,gau2do7i,127,2,3,5,5,3,1428,10.0,5120.0
gbg78wlf,63ealx09,128,1,6,7,6,7,2014,10.0,5120.0
gbg78wlf,gau2do7i,128,2,6,7,6,7,2020,10.0,5120.0
gbg78wlf,63ealx09,129,1,6,4,6,4,1141,10.0,5120.0
gbg78wlf,gau2do7i,129,2,6,4,6,4,1375,10.0,5120.0
gbg78wlf,63ealx09,130,1,2,7,7,2,1213,10.0,5120.0
gbg78wlf,gau2do7i,130,2,2,7,7,2,7543,10.0,5120.0
gbg78wlf,63ealx09,131,1,1,3,3,1,1583,10.0,5120.0
gbg78wlf,gau2do7i,131,2,1,3,3,1,1327,10.0,5120.0
gbg78wlf,63ealx09,132,1,6,5,5,6,1152,10.0,5120.0
gbg78wlf,gau2do7i,132,2,6,5,5,6,1172,10.0,5120.0
gbg78wlf,63ealx09,133,1,4,1,4,1,1936,10.0,5120.0
gbg78wlf,gau2do7i,133,2,4,1,4,1,1680,10.0,5120.0
gbg78wlf,63ealx09,134,1,1,5,5,1,2213,10.0,5120.0
gbg78wlf,gau2do7i,134,2,5,1,5,1,1309,10.0,5120.0
gbg78wlf,63ealx09,135,1,7,4,7,4,1862,10.0,5120.0
gbg78wlf,gau2do7i,135,2,7,4,7,4,1882,10.0,5120.0
gbg78wlf,63ealx09,136,1,1,2,1,2,1329,10.0,5120.0
gbg78wlf,gau2do7i,136,2,1,2,1,2,1500,10.0,5120.0
gbg78wlf,63ealx09,137,1,3,6,6,3,4762,10.0,5120.0
gbg78wlf,gau2do7i,137,2,3,6,6,3,1284,10.0,5120.0
gbg78wlf,63ealx09,138,1,5,2,5,2,1023,10.0,5120.0
gbg78wlf,gau2do7i,138,2,2,5,5,2,1117,10.0,5120.0
gbg78wlf,63ealx09,139,1,7,5,5,7,996,10.0,5120.0
gbg78wlf,gau2do7i,139,2,5,7,5,7,1182,10.0,5120.0
gbg78wlf,63ealx09,140,1,7,3,7,3,1837,10.0,5120.0
gbg78wlf,gau2do7i,140,2,3,7,7,3,1872,10.0,5120.0
gbg78wlf,63ealx09,141,1,2,6,6,2,1039,10.0,5120.0
gbg78wlf,gau2do7i,141,2,6,2,6,2,1188,10.0,5120.0
gbg78wlf,63ealx09,142,1,2,4,4,2,1241,10.0,5120.0
gbg78wlf,gau2do7i,142,2,2,4,4,2,2344,10.0,5120.0
gbg78wlf,63ealx09,143,1,3,2,3,2,1233,10.0,5120.0
gbg78wlf,gau2do7i,143,2,3,2,3,2,1325,10.0,5120.0
gbg78wlf,63ealx09,144,1,6,1,6,1,1396,10.0,5120.0
gbg78wlf,gau2do7i,144,2,6,1,6,1,2054,10.0,5120.0
gbg78wlf,63ealx09,145,1,7,1,7,1,1930,10.0,5120.0
gbg78wlf,gau2do7i,145,2,1,7,7,1,1636,10.0,5120.0
gbg78wlf,63ealx09,146,1,4,5,5,4,1411,10.0,5120.0
gbg78wlf,gau2do7i,146,2,5,4,5,4,1523,10.0,5120.0
gbg78wlf,63ealx09,147,1,4,3,4,3,1583,10.0,5120.0
gbg78wlf,gau2do7i,147,2,3,4,4,3,1426,10.0,5120.0
gbg78wlf,63ealx09,148,1,6,2,6,2,1148,10.0,5120.0
gbg78wlf,gau2do7i,148,2,2,6,6,2,1131,10.0,5120.0
gbg78wlf,63ealx09,149,1,4,2,4,2,3707,10.0,5120.0
gbg78wlf,gau2do7i,149,2,4,2,4,2,1326,10.0,5120.0
gbg78wlf,63ealx09,150,1,7,2,7,2,1050,10.0,5120.0
gbg78wlf,gau2do7i,150,2,7,2,7,2,1152,10.0,5120.0
gbg78wlf,63ealx09,151,1,5,3,5,3,1206,10.0,5120.0
gbg78wlf,gau2do7i,151,2,3,5,5,3,1247,10.0,5120.0
gbg78wlf,63ealx09,152,1,4,3,4,3,1706,10.0,5120.0
gbg78wlf,gau2do7i,152,2,4,3,4,3,1729,10.0,5120.0
gbg78wlf,63ealx09,153,1,2,1,1,2,1805,10.0,5120.0
gbg78wlf,gau2do7i,153,2,1,2,1,2,1127,10.0,5120.0
gbg78wlf,63ealx09,154,1,7,6,6,7,1316,10.0,5120.0
gbg78wlf,gau2do7i,154,2,6,7,6,7,1542,10.0,5120.0
gbg78wlf,63ealx09,155,1,6,1,6,1,1606,10.0,5120.0
gbg78wlf,gau2do7i,155,2,6,1,6,1,1477,10.0,5120.0
gbg78wlf,63ealx09,156,1,3,2,3,2,2195,10.0,5120.0
gbg78wlf,gau2do7i,156,2,3,2,3,2,1447,10.0,5120.0
gbg78wlf,63ealx09,157,1,5,6,5,6,1275,10.0,5120.0
gbg78wlf,gau2do7i,157,2,5,6,5,6,995,10.0,5120.0
gbg78wlf,63ealx09,158,1,1,7,7,1,1500,10.0,5120.0
gbg78wlf,gau2do7i,158,2,1,7,7,1,1490,10.0,5120.0
gbg78wlf,63ealx09,159,1,2,5,5,2,982,10.0,5120.0
gbg78wlf,gau2do7i,159,2,2,5,5,2,1229,10.0,5120.0
gbg78wlf,63ealx09,160,1,3,7,7,3,1720,10.0,5120.0
gbg78wlf,gau2do7i,160,2,3,7,7,3,1384,10.0,5120.0
gbg78wlf,63ealx09,161,1,4,5,5,4,2294,10.0,5120.0
gbg78wlf,gau2do7i,161,2,5,4,5,4,1572,10.0,5120.0
gbg78wlf,63ealx09,162,1,7,4,7,4,2381,10.0,5120.0
gbg78wlf,gau2do7i,162,2,7,4,7,4,1488,10.0,5120.0
gbg78wlf,63ealx09,163,1,6,3,6,3,1068,10.0,5120.0
gbg78wlf,gau2do7i,163,2,3,6,6,3,1585,10.0,5120.0
gbg78wlf,63ealx09,164,1,5,7,5,7,1641,10.0,5120.0
gbg78wlf,gau2do7i,164,2,5,7,5,7,1198,10.0,5120.0
gbg78wlf,63ealx09,165,1,5,1,5,1,3206,10.0,5120.0
gbg78wlf,gau2do7i,165,2,1,5,5,1,2990,10.0,5120.0
gbg78wlf,63ealx09,166,1,4,6,6,4,1286,10.0,5120.0
gbg78wlf,gau2do7i,166,2,6,4,6,4,1145,10.0,5120.0
gbg78wlf,63ealx09,167,1,1,4,4,1,2827,10.0,5120.0
gbg78wlf,gau2do7i,167,2,4,1,4,1,1203,10.0,5120.0
gbg78wlf,63ealx09,168,1,3,1,3,1,1681,10.0,5120.0
gbg78wlf,gau2do7i,168,2,3,1,3,1,1432,10.0,5120.0
gbg78wlf,63ealx09,169,1,7,2,7,2,2725,10.0,5120.0
gbg78wlf,gau2do7i,169,2,7,2,7,2,1537,10.0,5120.0
gbg78wlf,63ealx09,170,1,5,2,5,2,902,10.0,5120.0
gbg78wlf,gau2do7i,170,2,5,2,5,2,1210,10.0,5120.0
gbg78wlf,63ealx09,171,1,3,4,4,3,1823,10.0,5120.0
gbg78wlf,gau2do7i,171,2,4,3,4,3,1641,10.0,5120.0
gbg78wlf,63ealx09,172,1,1,4,4,1,1520,0.0,5120.0
gbg78wlf,gau2do7i,172,2,1,4,1,4,1474,0.0,5120.0
gbg78wlf,63ealx09,173,1,4,7,7,4,1614,10.0,5120.0
gbg78wlf,gau2do7i,173,2,4,7,7,4,1379,10.0,5120.0
gbg78wlf,63ealx09,174,1,4,2,4,2,1077,10.0,5120.0
gbg78wlf,gau2do7i,174,2,2,4,4,2,1017,10.0,5120.0
gbg78wlf,63ealx09,175,1,7,3,7,3,1621,10.0,5120.0
gbg78wlf,gau2do7i,175,2,3,7,7,3,1237,10.0,5120.0
gbg78wlf,63ealx09,176,1,1,5,5,1,1425,10.0,5120.0
gbg78wlf,gau2do7i,176,2,5,1,5,1,991,10.0,5120.0
gbg78wlf,63ealx09,177,1,6,1,6,1,1758,10.0,5120.0
gbg78wlf,gau2do7i,177,2,1,6,6,1,1494,10.0,5120.0
gbg78wlf,63ealx09,178,1,3,1,3,1,1543,10.0,5120.0
gbg78wlf,gau2do7i,178,2,3,1,3,1,3049,10.0,5120.0
gbg78wlf,63ealx09,179,1,2,6,6,2,961,10.0,5120.0
gbg78wlf,gau2do7i,179,2,6,2,6,2,1077,10.0,5120.0
gbg78wlf,63ealx09,180,1,7,5,5,7,1002,10.0,5120.0
gbg78wlf,gau2do7i,180,2,7,5,5,7,989,10.0,5120.0
gbg78wlf,63ealx09,181,1,5,6,5,6,1565,10.0,5120.0
gbg78wlf,gau2do7i,181,2,6,5,5,6,1460,10.0,5120.0
gbg78wlf,63ealx09,182,1,3,2,3,2,2115,10.0,5120.0
gbg78wlf,gau2do7i,182,2,2,3,3,2,1142,10.0,5120.0
gbg78wlf,63ealx09,183,1,6,4,6,4,1702,10.0,5120.0
gbg78wlf,gau2do7i,183,2,4,6,6,4,1419,10.0,5120.0
gbg78wlf,63ealx09,184,1,7,1,7,1,1917,10.0,5120.0
gbg78wlf,gau2do7i,184,2,7,1,7,1,1435,10.0,5120.0
gbg78wlf,63ealx09,185,1,6,3,6,3,1482,10.0,5120.0
gbg78wlf,gau2do7i,185,2,6,3,6,3,1237,10.0,5120.0
gbg78wlf,63ealx09,186,1,5,4,5,4,1946,10.0,5120.0
gbg78wlf,gau2do7i,186,2,4,5,5,4,1280,10.0,5120.0
gbg78wlf,63ealx09,187,1,1,2,1,2,1568,10.0,5120.0
gbg78wlf,gau2do7i,187,2,1,2,1,2,1227,10.0,5120.0
gbg78wlf,63ealx09,188,1,3,5,5,3,1398,10.0,5120.0
gbg78wlf,gau2do7i,188,2,5,3,5,3,1114,10.0,5120.0
gbg78wlf,63ealx09,189,1,7,6,6,7,2500,10.0,5120.0
gbg78wlf,gau2do7i,189,2,6,7,6,7,1412,10.0,5120.0
gbg78wlf,63ealx09,190,1,1,6,6,1,1256,0.0,5120.0
gbg78wlf,gau2do7i,190,2,6,1,1,6,2548,0.0,5120.0
gbg78wlf,63ealx09,191,1,5,3,5,3,1604,10.0,5120.0
gbg78wlf,gau2do7i,191,2,5,3,5,3,990,10.0,5120.0
gbg78wlf,63ealx09,192,1,6,7,6,7,1942,10.0,5120.0
gbg78wlf,gau2do7i,192,2,7,6,6,7,1251,10.0,5120.0
gbg78wlf,63ealx09,193,1,1,5,5,1,1357,10.0,5120.0
gbg78wlf,gau2do7i,193,2,1,5,5,1,1364,10.0,5120.0
gbg78wlf,63ealx09,194,1,3,6,6,3,1100,10.0,5120.0
gbg78wlf,gau2do7i,194,2,6,3,6,3,1380,10.0,5120.0
gbg78wlf,63ealx09,195,1,2,4,4,2,1273,10.0,5120.0
gbg78wlf,gau2do7i,195,2,2,4,4,2,1156,10.0,5120.0
gbg78wlf,63ealx09,196,1,1,3,3,1,1225,10.0,5120.0
gbg78wlf,gau2do7i,196,2,3,1,3,1,1182,10.0,5120.0
gbg78wlf,63ealx09,197,1,4,7,7,4,1536,10.0,5120.0
gbg78wlf,gau2do7i,197,2,7,4,7,4,2731,10.0,5120.0
gbg78wlf,63ealx09,198,1,4,3,4,3,1532,10.0,5120.0
gbg78wlf,gau2do7i,198,2,4,3,4,3,2768,10.0,5120.0
gbg78wlf,63ealx09,199,1,1,7,7,1,1240,10.0,5120.0
gbg78wlf,gau2do7i,199,2,1,7,7,1,1275,10.0,5120.0
gbg78wlf,63ealx09,200,1,2,1,1,2,1795,10.0,5120.0
gbg78wlf,gau2do7i,200,2,1,2,1,2,1389,10.0,5120.0
gbg78wlf,63ealx09,201,1,3,2,3,2,982,10.0,5120.0
gbg78wlf,gau2do7i,201,2,2,3,3,2,1539,10.0,5120.0
gbg78wlf,63ealx09,202,1,4,1,4,1,1117,10.0,5120.0
gbg78wlf,gau2do7i,202,2,4,1,4,1,1719,10.0,5120.0
gbg78wlf,63ealx09,203,1,4,5,5,4,1279,10.0,5120.0
gbg78wlf,gau2do7i,203,2,4,5,5,4,1644,10.0,5120.0
gbg78wlf,63ealx09,204,1,5,2,5,2,1136,10.0,5120.0
gbg78wlf,gau2do7i,204,2,5,2,5,2,1273,10.0,5120.0
gbg78wlf,63ealx09,205,1,6,2,6,2,1144,10.0,5120.0
gbg78wlf,gau2do7i,205,2,6,2,6,2,1219,10.0,5120.0
gbg78wlf,63ealx09,206,1,7,2,7,2,1739,10.0,5120.0
gbg78wlf,gau2do7i,206,2,2,7,7,2,1522,10.0,5120.0
gbg78wlf,63ealx09,207,1,3,7,7,3,1253,10.0,5120.0
gbg78wlf,gau2do7i,207,2,3,7,7,3,1459,10.0,5120.0
gbg78wlf,63ealx09,208,1,5,6,5,6,1166,10.0,5120.0
gbg78wlf,gau2do7i,208,2,6,5,5,6,1127,10.0,5120.0
gbg78wlf,63ealx09,209,1,5,7,5,7,1843,10.0,5120.0
gbg78wlf,gau2do7i,209,2,7,5,5,7,1109,10.0,5120.0
gbg78wlf,63ealx09,210,1,4,6,6,4,2019,10.0,5120.0
gbg78wlf,gau2do7i,210,2,4,6,6,4,2722,10.0,5120.0
gbg78wlf,63ealx09,211,1,3,7,7,3,1727,10.0,5120.0
gbg78wlf,gau2do7i,211,2,3,7,7,3,1677,10.0,5120.0
gbg78wlf,63ealx09,212,1,4,1,4,1,2215,10.0,5120.0
gbg78wlf,gau2do7i,212,2,4,1,4,1,1975,10.0,5120.0
gbg78wlf,63ealx09,213,1,4,3,4,3,1071,10.0,5120.0
gbg78wlf,gau2do7i,213,2,3,4,4,3,3365,10.0,5120.0
gbg78wlf,63ealx09,214,1,5,7,5,7,1071,10.0,5120.0
gbg78wlf,gau2do7i,214,2,5,7,5,7,1098,10.0,5120.0
gbg78wlf,63ealx09,215,1,7,2,7,2,1753,10.0,5120.0
gbg78wlf,gau2do7i,215,2,2,7,7,2,1135,10.0,5120.0
gbg78wlf,63ealx09,216,1,3,6,6,3,2167,10.0,5120.0
gbg78wlf,gau2do7i,216,2,3,6,6,3,2556,10.0,5120.0
gbg78wlf,63ealx09,217,1,4,7,7,4,2000,10.0,5120.0
gbg78wlf,gau2do7i,217,2,4,7,7,4,3313,10.0,5120.0
gbg78wlf,63ealx09,218,1,6,4,6,4,1302,10.0,5120.0
gbg78wlf,gau2do7i,218,2,4,6,6,4,3487,10.0,5120.0
gbg78wlf,63ealx09,219,1,6,5,5,6,1426,10.0,5120.0
gbg78wlf,gau2do7i,219,2,5,6,5,6,1457,10.0,5120.0
gbg78wlf,63ealx09,220,1,3,1,3,1,1284,10.0,5120.0
gbg78wlf,gau2do7i,220,2,3,1,3,1,1477,10.0,5120.0
gbg78wlf,63ealx09,221,1,6,2,6,2,1894,10.0,5120.0
gbg78wlf,gau2do7i,221,2,6,2,6,2,1007,10.0,5120.0
gbg78wlf,63ealx09,222,1,2,5,5,2,1236,10.0,5120.0
gbg78wlf,gau2do7i,222,2,2,5,5,2,1148,10.0,5120.0
gbg78wlf,63ealx09,223,1,7,6,6,7,4821,10.0,5120.0
gbg78wlf,gau2do7i,223,2,7,6,6,7,2108,10.0,5120.0
gbg78wlf,63ealx09,224,1,2,4,4,2,1354,10.0,5120.0
gbg78wlf,gau2do7i,224,2,2,4,4,2,1503,10.0,5120.0
gbg78wlf,63ealx09,225,1,7,1,1,7,966,0.0,5120.0
gbg78wlf,gau2do7i,225,2,1,7,7,1,1180,0.0,5120.0
gbg78wlf,63ealx09,226,1,5,1,5,1,1137,10.0,5120.0
gbg78wlf,gau2do7i,226,2,1,5,5,1,1612,10.0,5120.0
gbg78wlf,63ealx09,227,1,2,3,3,2,1885,10.0,5120.0
gbg78wlf,gau2do7i,227,2,3,2,3,2,1326,10.0,5120.0
gbg78wlf,63ealx09,228,1,4,5,5,4,1268,10.0,5120.0
gbg78wlf,gau2do7i,228,2,4,5,5,4,1766,10.0,5120.0
gbg78wlf,63ealx09,229,1,1,2,1,2,1578,10.0,5120.0
gbg78wlf,gau2do7i,229,2,2,1,1,2,1074,10.0,5120.0
gbg78wlf,63ealx09,230,1,3,5,5,3,1005,10.0,5120.0
gbg78wlf,gau2do7i,230,2,5,3,5,3,1270,10.0,5120.0
gbg78wlf,63ealx09,231,1,6,1,6,1,1409,10.0,5120.0
gbg78wlf,gau2do7i,231,2,6,1,6,1,1223,10.0,5120.0
gbg78wlf,63ealx09,232,1,7,3,7,3,1745,10.0,5120.0
gbg78wlf,gau2do7i,232,2,7,3,7,3,1679,10.0,5120.0
gbg78wlf,63ealx09,233,1,1,6,6,1,1263,10.0,5120.0
gbg78wlf,gau2do7i,233,2,6,1,6,1,1686,10.0,5120.0
gbg78wlf,63ealx09,234,1,5,4,5,4,967,10.0,5120.0
gbg78wlf,gau2do7i,234,2,5,4,5,4,1666,10.0,5120.0
gbg78wlf,63ealx09,235,1,3,6,6,3,2208,10.0,5120.0
gbg78wlf,gau2do7i,235,2,3,6,6,3,1817,10.0,5120.0
gbg78wlf,63ealx09,236,1,4,6,6,4,1258,10.0,5120.0
gbg78wlf,gau2do7i,236,2,6,4,6,4,3607,10.0,5120.0
gbg78wlf,63ealx09,237,1,7,4,7,4,1393,10.0,5120.0
gbg78wlf,gau2do7i,237,2,4,7,7,4,1488,10.0,5120.0
gbg78wlf,63ealx09,238,1,2,7,7,2,2397,10.0,5120.0
gbg78wlf,gau2do7i,238,2,7,2,7,2,1426,10.0,5120.0
gbg78wlf,63ealx09,239,1,4,1,4,1,1560,10.0,5120.0
gbg78wlf,gau2do7i,239,2,4,1,4,1,1434,10.0,5120.0
gbg78wlf,63ealx09,240,1,4,3,4,3,1149,10.0,5120.0
gbg78wlf,gau2do7i,240,2,3,4,4,3,1789,10.0,5120.0
gbg78wlf,63ealx09,241,1,7,5,5,7,1319,10.0,5120.0
gbg78wlf,gau2do7i,241,2,5,7,5,7,1269,10.0,5120.0
gbg78wlf,63ealx09,242,1,1,3,3,1,1260,10.0,5120.0
gbg78wlf,gau2do7i,242,2,1,3,3,1,1395,10.0,5120.0
gbg78wlf,63ealx09,243,1,5,1,5,1,2443,10.0,5120.0
gbg78wlf,gau2do7i,243,2,1,5,5,1,1165,10.0,5120.0
gbg78wlf,63ealx09,244,1,2,1,1,2,1259,10.0,5120.0
gbg78wlf,gau2do7i,244,2,1,2,1,2,1332,10.0,5120.0
gbg78wlf,63ealx09,245,1,7,1,7,1,2701,10.0,5120.0
gbg78wlf,gau2do7i,245,2,7,1,7,1,1656,10.0,5120.0
gbg78wlf,63ealx09,246,1,2,3,3,2,1487,10.0,5120.0
gbg78wlf,gau2do7i,246,2,2,3,3,2,1089,10.0,5120.0
gbg78wlf,63ealx09,247,1,2,5,5,2,1257,10.0,5120.0
gbg78wlf,gau2do7i,247,2,2,5,5,2,1199,10.0,5120.0
gbg78wlf,63ealx09,248,1,7,6,6,7,2681,10.0,5120.0
gbg78wlf,gau2do7i,248,2,7,6,6,7,1349,10.0,5120.0
gbg78wlf,63ealx09,249,1,2,6,6,2,812,10.0,5120.0
gbg78wlf,gau2do7i,249,2,6,2,6,2,1156,10.0,5120.0
gbg78wlf,63ealx09,250,1,4,2,4,2,1365,10.0,5120.0
gbg78wlf,gau2do7i,250,2,2,4,4,2,1069,10.0,5120.0
gbg78wlf,63ealx09,251,1,3,5,5,3,1301,10.0,5120.0
gbg78wlf,gau2do7i,251,2,5,3,5,3,1269,10.0,5120.0
gbg78wlf,63ealx09,252,1,5,6,5,6,1232,10.0,5120.0
gbg78wlf,gau2do7i,252,2,5,6,5,6,1424,10.0,5120.0
gbg78wlf,63ealx09,253,1,7,4,7,4,1771,10.0,5120.0
gbg78wlf,gau2do7i,253,2,7,4,7,4,1624,10.0,5120.0
gbg78wlf,63ealx09,254,1,4,2,4,2,1672,10.0,5120.0
gbg78wlf,gau2do7i,254,2,2,4,4,2,2020,10.0,5120.0
gbg78wlf,63ealx09,255,1,5,7,5,7,1278,10.0,5120.0
gbg78wlf,gau2do7i,255,2,7,5,5,7,4230,10.0,5120.0
gbg78wlf,63ealx09,256,1,1,5,5,1,2028,10.0,5120.0
gbg78wlf,gau2do7i,256,2,1,5,5,1,2394,10.0,5120.0
gbg78wlf,63ealx09,257,1,3,5,5,3,1118,10.0,5120.0
gbg78wlf,gau2do7i,257,2,3,5,5,3,1874,10.0,5120.0
gbg78wlf,63ealx09,258,1,3,6,6,3,1136,10.0,5120.0
gbg78wlf,gau2do7i,258,2,6,3,6,3,2029,10.0,5120.0
gbg78wlf,63ealx09,259,1,1,6,6,1,1267,10.0,5120.0
gbg78wlf,gau2do7i,259,2,6,1,6,1,2807,10.0,5120.0
gbg78wlf,63ealx09,260,1,2,6,6,2,2724,10.0,5120.0
gbg78wlf,gau2do7i,260,2,6,2,6,2,1677,10.0,5120.0
gbg78wlf,63ealx09,261,1,6,5,5,6,1140,10.0,5120.0
gbg78wlf,gau2do7i,261,2,5,6,5,6,1350,10.0,5120.0
gbg78wlf,63ealx09,262,1,2,5,5,2,1456,10.0,5120.0
gbg78wlf,gau2do7i,262,2,5,2,5,2,988,10.0,5120.0
gbg78wlf,63ealx09,263,1,6,7,6,7,950,10.0,5120.0
gbg78wlf,gau2do7i,263,2,6,7,6,7,2059,10.0,5120.0
gbg78wlf,63ealx09,264,1,7,1,7,1,2708,10.0,5120.0
gbg78wlf,gau2do7i,264,2,7,1,7,1,1526,10.0,5120.0
gbg78wlf,63ealx09,265,1,2,7,7,2,870,10.0,5120.0
gbg78wlf,gau2do7i,265,2,2,7,7,2,1444,10.0,5120.0
gbg78wlf,63ealx09,266,1,1,2,1,2,1597,10.0,5120.0
gbg78wlf,gau2do7i,266,2,2,1,1,2,1746,10.0,5120.0
gbg78wlf,63ealx09,267,1,2,3,3,2,1765,10.0,5120.0
gbg78wlf,gau2do7i,267,2,2,3,3,2,1094,10.0,5120.0
gbg78wlf,63ealx09,268,1,3,4,4,3,1525,0.0,5120.0
gbg78wlf,gau2do7i,268,2,4,3,3,4,1079,0.0,5120.0
gbg78wlf,63ealx09,269,1,3,1,3,1,1161,10.0,5120.0
gbg78wlf,gau2do7i,269,2,1,3,3,1,1130,10.0,5120.0
gbg78wlf,63ealx09,270,1,3,7,7,3,1645,10.0,5120.0
gbg78wlf,gau2do7i,270,2,7,3,7,3,2442,10.0,5120.0
gbg78wlf,63ealx09,271,1,4,1,4,1,2627,10.0,5120.0
gbg78wlf,gau2do7i,271,2,4,1,4,1,1500,10.0,5120.0
gbg78wlf,63ealx09,272,1,5,4,5,4,1566,10.0,5120.0
gbg78wlf,gau2do7i,272,2,5,4,5,4,1698,10.0,5120.0
gbg78wlf,63ealx09,273,1,6,4,6,4,1261,10.0,5120.0
gbg78wlf,gau2do7i,273,2,4,6,6,4,1855,10.0,5120.0
gbg78wlf,63ealx09,274,1,5,1,5,1,968,10.0,5120.0
gbg78wlf,gau2do7i,274,2,5,1,5,1,2174,10.0,5120.0
gbg78wlf,63ealx09,275,1,5,7,5,7,1518,10.0,5120.0
gbg78wlf,gau2do7i,275,2,5,7,5,7,1992,10.0,5120.0
gbg78wlf,63ealx09,276,1,4,5,5,4,2070,10.0,5120.0
gbg78wlf,gau2do7i,276,2,5,4,5,4,1562,10.0,5120.0
gbg78wlf,63ealx09,277,1,6,4,6,4,901,10.0,5120.0
gbg78wlf,gau2do7i,277,2,6,4,6,4,1179,10.0,5120.0
gbg78wlf,63ealx09,278,1,2,4,4,2,1606,10.0,5120.0
gbg78wlf,gau2do7i,278,2,2,4,4,2,1742,10.0,5120.0
gbg78wlf,63ealx09,279,1,2,6,6,2,849,10.0,5120.0
gbg78wlf,gau2do7i,279,2,6,2,6,2,950,10.0,5120.0
gbg78wlf,63ealx09,280,1,3,2,3,2,1735,10.0,5120.0
gbg78wlf,gau2do7i,280,2,2,3,3,2,1839,10.0,5120.0
gbg78wlf,63ealx09,281,1,2,5,5,2,1204,10.0,5120.0
gbg78wlf,gau2do7i,281,2,5,2,5,2,1411,10.0,5120.0
gbg78wlf,63ealx09,282,1,1,4,4,1,1506,10.0,5120.0
gbg78wlf,gau2do7i,282,2,4,1,4,1,2764,10.0,5120.0
gbg78wlf,63ealx09,283,1,2,1,1,2,1021,10.0,5120.0
gbg78wlf,gau2do7i,283,2,1,2,1,2,1410,10.0,5120.0
gbg78wlf,63ealx09,284,1,3,6,6,3,2003,10.0,5120.0
gbg78wlf,gau2do7i,284,2,6,3,6,3,1113,10.0,5120.0
gbg78wlf,63ealx09,285,1,5,6,5,6,1189,10.0,5120.0
gbg78wlf,gau2do7i,285,2,6,5,5,6,1951,10.0,5120.0
gbg78wlf,63ealx09,286,1,7,4,7,4,2041,10.0,5120.0
gbg78wlf,gau2do7i,286,2,7,4,7,4,1433,10.0,5120.0
gbg78wlf,63ealx09,287,1,1,7,7,1,1311,10.0,5120.0
gbg78wlf,gau2do7i,287,2,1,7,7,1,1385,10.0,5120.0
gbg78wlf,63ealx09,288,1,1,6,6,1,1402,10.0,5120.0
gbg78wlf,gau2do7i,288,2,6,1,6,1,1126,10.0,5120.0
gbg78wlf,63ealx09,289,1,3,1,1,3,2331,0.0,5120.0
gbg78wlf,gau2do7i,289,2,3,1,3,1,1373,0.0,5120.0
gbg78wlf,63ealx09,290,1,7,6,6,7,2026,10.0,5120.0
gbg78wlf,gau2do7i,290,2,6,7,6,7,1460,10.0,5120.0
gbg78wlf,63ealx09,291,1,3,5,5,3,1048,10.0,5120.0
gbg78wlf,gau2do7i,291,2,5,3,5,3,1226,10.0,5120.0
gbg78wlf,63ealx09,292,1,3,7,7,3,1418,10.0,5120.0
gbg78wlf,gau2do7i,292,2,7,3,7,3,1516,10.0,5120.0
gbg78wlf,63ealx09,293,1,4,3,4,3,1947,10.0,5120.0
gbg78wlf,gau2do7i,293,2,4,3,4,3,3621,10.0,5120.0
gbg78wlf,63ealx09,294,1,2,7,7,2,1334,10.0,5120.0
gbg78wlf,gau2do7i,294,2,7,2,7,2,1695,10.0,5120.0
