session,participant_code,round_number,participant_number,left_stimuli,right_stimuli,response,loser,answered_time,payoff_round,total_payoff
r3sh8l7f,5i9ipxj8,1.0,1.0,4.0,7.0,4.0,7.0,1107.0,1.0,166.0
r3sh8l7f,5i9ipxj8_bot,1.0,2.0,4.0,7.0,4.0,7.0,0.0,1.0,166.0
r3sh8l7f,5i9ipxj8,2.0,1.0,1.0,4.0,4.0,1.0,1209.0,1.0,166.0
r3sh8l7f,5i9ipxj8_bot,2.0,2.0,1.0,4.0,4.0,1.0,0.0,1.0,166.0
r3sh8l7f,5i9ipxj8,3.0,1.0,2.0,5.0,5.0,2.0,1132.0,0.0,166.0
r3sh8l7f,5i9ipxj8_bot,3.0,2.0,2.0,5.0,2.0,5.0,0.0,0.0,166.0
r3sh8l7f,5i9ipxj8,4.0,1.0,1.0,6.0,1.0,6.0,1366.0,0.0,166.0
r3sh8l7f,5i9ipxj8_bot,4.0,2.0,1.0,6.0,6.0,1.0,0.0,0.0,166.0
r3sh8l7f,5i9ipxj8,5.0,1.0,4.0,6.0,6.0,4.0,953.0,0.0,166.0
r3sh8l7f,5i9ipxj8_bot,5.0,2.0,4.0,6.0,4.0,6.0,0.0,0.0,166.0
r3sh8l7f,5i9ipxj8,6.0,1.0,3.0,1.0,3.0,1.0,918.0,0.0,166.0
r3sh8l7f,5i9ipxj8_bot,6.0,2.0,3.0,1.0,1.0,3.0,0.0,0.0,166.0
r3sh8l7f,5i9ipxj8,7.0,1.0,6.0,3.0,6.0,3.0,950.0,0.0,166.0
r3sh8l7f,5i9ipxj8_bot,7.0,2.0,6.0,3.0,3.0,6.0,0.0,0.0,166.0
r3sh8l7f,5i9ipxj8,8.0,1.0,2.0,7.0,7.0,2.0,895.0,1.0,166.0
r3sh8l7f,5i9ipxj8_bot,8.0,2.0,2.0,7.0,7.0,2.0,0.0,1.0,166.0
r3sh8l7f,5i9ipxj8,9.0,1.0,2.0,1.0,1.0,2.0,964.0,1.0,166.0
r3sh8l7f,5i9ipxj8_bot,9.0,2.0,2.0,1.0,1.0,2.0,0.0,1.0,166.0
r3sh8l7f,5i9ipxj8,10.0,1.0,5.0,1.0,1.0,5.0,822.0,0.0,166.0
r3sh8l7f,5i9ipxj8_bot,10.0,2.0,5.0,1.0,5.0,1.0,0.0,0.0,166.0
r3sh8l7f,5i9ipxj8,11.0,1.0,4.0,2.0,2.0,4.0,1459.0,0.0,166.0
r3sh8l7f,5i9ipxj8_bot,11.0,2.0,4.0,2.0,4.0,2.0,0.0,0.0,166.0
r3sh8l7f,5i9ipxj8,12.0,1.0,6.0,7.0,6.0,7.0,720.0,1.0,166.0
r3sh8l7f,5i9ipxj8_bot,12.0,2.0,6.0,7.0,6.0,7.0,0.0,1.0,166.0
r3sh8l7f,5i9ipxj8,13.0,1.0,7.0,5.0,5.0,7.0,1136.0,1.0,166.0
r3sh8l7f,5i9ipxj8_bot,13.0,2.0,7.0,5.0,5.0,7.0,0.0,1.0,166.0
r3sh8l7f,5i9ipxj8,14.0,1.0,3.0,2.0,2.0,3.0,1212.0,0.0,166.0
r3sh8l7f,5i9ipxj8_bot,14.0,2.0,3.0,2.0,3.0,2.0,0.0,0.0,166.0
r3sh8l7f,5i9ipxj8,15.0,1.0,5.0,4.0,5.0,4.0,1117.0,1.0,166.0
r3sh8l7f,5i9ipxj8_bot,15.0,2.0,5.0,4.0,5.0,4.0,0.0,1.0,166.0
r3sh8l7f,5i9ipxj8,16.0,1.0,1.0,7.0,1.0,7.0,1408.0,1.0,166.0
r3sh8l7f,5i9ipxj8_bot,16.0,2.0,1.0,7.0,1.0,7.0,0.0,1.0,166.0
r3sh8l7f,5i9ipxj8,17.0,1.0,2.0,6.0,2.0,6.0,1757.0,0.0,166.0
r3sh8l7f,5i9ipxj8_bot,17.0,2.0,2.0,6.0,6.0,2.0,0.0,0.0,166.0
r3sh8l7f,5i9ipxj8,18.0,1.0,3.0,5.0,5.0,3.0,856.0,1.0,166.0
r3sh8l7f,5i9ipxj8_bot,18.0,2.0,3.0,5.0,5.0,3.0,0.0,1.0,166.0
r3sh8l7f,5i9ipxj8,19.0,1.0,3.0,4.0,3.0,4.0,1412.0,0.0,166.0
r3sh8l7f,5i9ipxj8_bot,19.0,2.0,3.0,4.0,4.0,3.0,0.0,0.0,166.0
r3sh8l7f,5i9ipxj8,20.0,1.0,6.0,5.0,5.0,6.0,655.0,1.0,166.0
r3sh8l7f,5i9ipxj8_bot,20.0,2.0,6.0,5.0,5.0,6.0,0.0,1.0,166.0
r3sh8l7f,5i9ipxj8,21.0,1.0,7.0,3.0,7.0,3.0,2014.0,0.0,166.0
r3sh8l7f,5i9ipxj8_bot,21.0,2.0,7.0,3.0,3.0,7.0,0.0,0.0,166.0
r3sh8l7f,5i9ipxj8,22.0,1.0,1.0,2.0,2.0,1.0,644.0,0.0,166.0
r3sh8l7f,5i9ipxj8_bot,22.0,2.0,1.0,2.0,1.0,2.0,0.0,0.0,166.0
r3sh8l7f,5i9ipxj8,23.0,1.0,2.0,4.0,4.0,2.0,1481.0,0.0,166.0
r3sh8l7f,5i9ipxj8_bot,23.0,2.0,2.0,4.0,2.0,4.0,0.0,0.0,166.0
r3sh8l7f,5i9ipxj8,24.0,1.0,5.0,1.0,5.0,1.0,654.0,1.0,166.0
r3sh8l7f,5i9ipxj8_bot,24.0,2.0,5.0,1.0,5.0,1.0,0.0,1.0,166.0
r3sh8l7f,5i9ipxj8,25.0,1.0,7.0,3.0,3.0,7.0,1259.0,0.0,166.0
r3sh8l7f,5i9ipxj8_bot,25.0,2.0,7.0,3.0,7.0,3.0,0.0,0.0,166.0
r3sh8l7f,5i9ipxj8,26.0,1.0,5.0,6.0,5.0,6.0,807.0,1.0,166.0
r3sh8l7f,5i9ipxj8_bot,26.0,2.0,5.0,6.0,5.0,6.0,0.0,1.0,166.0
r3sh8l7f,5i9ipxj8,27.0,1.0,2.0,5.0,5.0,2.0,433.0,1.0,166.0
r3sh8l7f,5i9ipxj8_bot,27.0,2.0,2.0,5.0,5.0,2.0,0.0,1.0,166.0
r3sh8l7f,5i9ipxj8,28.0,1.0,2.0,3.0,3.0,2.0,641.0,0.0,166.0
r3sh8l7f,5i9ipxj8_bot,28.0,2.0,2.0,3.0,2.0,3.0,0.0,0.0,166.0
r3sh8l7f,5i9ipxj8,29.0,1.0,4.0,1.0,4.0,1.0,881.0,0.0,166.0
r3sh8l7f,5i9ipxj8_bot,29.0,2.0,4.0,1.0,1.0,4.0,0.0,0.0,166.0
r3sh8l7f,5i9ipxj8,30.0,1.0,7.0,5.0,5.0,7.0,473.0,1.0,166.0
r3sh8l7f,5i9ipxj8_bot,30.0,2.0,7.0,5.0,5.0,7.0,0.0,1.0,166.0
r3sh8l7f,5i9ipxj8,31.0,1.0,1.0,6.0,6.0,1.0,948.0,1.0,166.0
r3sh8l7f,5i9ipxj8_bot,31.0,2.0,1.0,6.0,6.0,1.0,0.0,1.0,166.0
r3sh8l7f,5i9ipxj8,32.0,1.0,3.0,6.0,6.0,3.0,427.0,1.0,166.0
r3sh8l7f,5i9ipxj8_bot,32.0,2.0,3.0,6.0,6.0,3.0,0.0,1.0,166.0
r3sh8l7f,5i9ipxj8,33.0,1.0,4.0,7.0,4.0,7.0,1079.0,1.0,166.0
r3sh8l7f,5i9ipxj8_bot,33.0,2.0,4.0,7.0,4.0,7.0,0.0,1.0,166.0
r3sh8l7f,5i9ipxj8,34.0,1.0,3.0,4.0,4.0,3.0,770.0,1.0,166.0
r3sh8l7f,5i9ipxj8_bot,34.0,2.0,3.0,4.0,4.0,3.0,0.0,1.0,166.0
r3sh8l7f,5i9ipxj8,35.0,1.0,4.0,6.0,4.0,6.0,708.0,1.0,166.0
r3sh8l7f,5i9ipxj8_bot,35.0,2.0,4.0,6.0,4.0,6.0,0.0,1.0,166.0
r3sh8l7f,5i9ipxj8,36.0,1.0,5.0,3.0,3.0,5.0,3960.0,0.0,166.0
r3sh8l7f,5i9ipxj8_bot,36.0,2.0,5.0,3.0,5.0,3.0,0.0,0.0,166.0
r3sh8l7f,5i9ipxj8,37.0,1.0,1.0,7.0,7.0,1.0,1029.0,0.0,166.0
r3sh8l7f,5i9ipxj8_bot,37.0,2.0,1.0,7.0,1.0,7.0,0.0,0.0,166.0
r3sh8l7f,5i9ipxj8,38.0,1.0,6.0,7.0,6.0,7.0,1088.0,1.0,166.0
r3sh8l7f,5i9ipxj8_bot,38.0,2.0,6.0,7.0,6.0,7.0,0.0,1.0,166.0
r3sh8l7f,5i9ipxj8,39.0,1.0,6.0,2.0,6.0,2.0,754.0,1.0,166.0
r3sh8l7f,5i9ipxj8_bot,39.0,2.0,6.0,2.0,6.0,2.0,0.0,1.0,166.0
r3sh8l7f,5i9ipxj8,40.0,1.0,4.0,5.0,4.0,5.0,886.0,0.0,166.0
r3sh8l7f,5i9ipxj8_bot,40.0,2.0,4.0,5.0,5.0,4.0,0.0,0.0,166.0
r3sh8l7f,5i9ipxj8,41.0,1.0,1.0,3.0,3.0,1.0,684.0,1.0,166.0
r3sh8l7f,5i9ipxj8_bot,41.0,2.0,1.0,3.0,3.0,1.0,0.0,1.0,166.0
r3sh8l7f,5i9ipxj8,42.0,1.0,7.0,2.0,2.0,7.0,1403.0,1.0,166.0
r3sh8l7f,5i9ipxj8_bot,42.0,2.0,7.0,2.0,2.0,7.0,0.0,1.0,166.0
r3sh8l7f,5i9ipxj8,43.0,1.0,2.0,6.0,2.0,6.0,585.0,0.0,166.0
r3sh8l7f,5i9ipxj8_bot,43.0,2.0,2.0,6.0,6.0,2.0,0.0,0.0,166.0
r3sh8l7f,5i9ipxj8,44.0,1.0,4.0,2.0,2.0,4.0,530.0,0.0,166.0
r3sh8l7f,5i9ipxj8_bot,44.0,2.0,4.0,2.0,4.0,2.0,0.0,0.0,166.0
r3sh8l7f,5i9ipxj8,45.0,1.0,6.0,4.0,6.0,4.0,712.0,0.0,166.0
r3sh8l7f,5i9ipxj8_bot,45.0,2.0,6.0,4.0,4.0,6.0,0.0,0.0,166.0
r3sh8l7f,5i9ipxj8,46.0,1.0,3.0,2.0,2.0,3.0,693.0,1.0,166.0
r3sh8l7f,5i9ipxj8_bot,46.0,2.0,3.0,2.0,2.0,3.0,0.0,1.0,166.0
r3sh8l7f,5i9ipxj8,47.0,1.0,7.0,5.0,5.0,7.0,2093.0,1.0,166.0
r3sh8l7f,5i9ipxj8_bot,47.0,2.0,7.0,5.0,5.0,7.0,0.0,1.0,166.0
r3sh8l7f,5i9ipxj8,48.0,1.0,2.0,7.0,7.0,2.0,1173.0,0.0,166.0
r3sh8l7f,5i9ipxj8_bot,48.0,2.0,2.0,7.0,2.0,7.0,0.0,0.0,166.0
r3sh8l7f,5i9ipxj8,49.0,1.0,3.0,1.0,3.0,1.0,516.0,1.0,166.0
r3sh8l7f,5i9ipxj8_bot,49.0,2.0,3.0,1.0,3.0,1.0,0.0,1.0,166.0
r3sh8l7f,5i9ipxj8,50.0,1.0,5.0,4.0,4.0,5.0,873.0,0.0,166.0
r3sh8l7f,5i9ipxj8_bot,50.0,2.0,5.0,4.0,5.0,4.0,0.0,0.0,166.0
r3sh8l7f,5i9ipxj8,51.0,1.0,4.0,3.0,4.0,3.0,699.0,1.0,166.0
r3sh8l7f,5i9ipxj8_bot,51.0,2.0,4.0,3.0,4.0,3.0,0.0,1.0,166.0
r3sh8l7f,5i9ipxj8,52.0,1.0,5.0,2.0,2.0,5.0,762.0,0.0,166.0
r3sh8l7f,5i9ipxj8_bot,52.0,2.0,5.0,2.0,5.0,2.0,0.0,0.0,166.0
r3sh8l7f,5i9ipxj8,53.0,1.0,7.0,4.0,7.0,4.0,599.0,0.0,166.0
r3sh8l7f,5i9ipxj8_bot,53.0,2.0,7.0,4.0,4.0,7.0,0.0,0.0,166.0
r3sh8l7f,5i9ipxj8,54.0,1.0,7.0,3.0,3.0,7.0,2771.0,1.0,166.0
r3sh8l7f,5i9ipxj8_bot,54.0,2.0,7.0,3.0,3.0,7.0,0.0,1.0,166.0
r3sh8l7f,5i9ipxj8,55.0,1.0,5.0,3.0,3.0,5.0,587.0,1.0,166.0
r3sh8l7f,5i9ipxj8_bot,55.0,2.0,5.0,3.0,3.0,5.0,0.0,1.0,166.0
r3sh8l7f,5i9ipxj8,56.0,1.0,6.0,1.0,6.0,1.0,1036.0,1.0,166.0
r3sh8l7f,5i9ipxj8_bot,56.0,2.0,6.0,1.0,6.0,1.0,0.0,1.0,166.0
r3sh8l7f,5i9ipxj8,57.0,1.0,5.0,6.0,6.0,5.0,664.0,1.0,166.0
r3sh8l7f,5i9ipxj8_bot,57.0,2.0,5.0,6.0,6.0,5.0,0.0,1.0,166.0
r3sh8l7f,5i9ipxj8,58.0,1.0,1.0,5.0,1.0,5.0,711.0,0.0,166.0
r3sh8l7f,5i9ipxj8_bot,58.0,2.0,1.0,5.0,5.0,1.0,0.0,0.0,166.0
r3sh8l7f,5i9ipxj8,59.0,1.0,1.0,2.0,2.0,1.0,1597.0,1.0,166.0
r3sh8l7f,5i9ipxj8_bot,59.0,2.0,1.0,2.0,2.0,1.0,0.0,1.0,166.0
r3sh8l7f,5i9ipxj8,60.0,1.0,1.0,4.0,1.0,4.0,933.0,0.0,166.0
r3sh8l7f,5i9ipxj8_bot,60.0,2.0,1.0,4.0,4.0,1.0,0.0,0.0,166.0
r3sh8l7f,5i9ipxj8,61.0,1.0,7.0,6.0,6.0,7.0,381.0,1.0,166.0
r3sh8l7f,5i9ipxj8_bot,61.0,2.0,7.0,6.0,6.0,7.0,0.0,1.0,166.0
r3sh8l7f,5i9ipxj8,62.0,1.0,7.0,1.0,7.0,1.0,862.0,0.0,166.0
r3sh8l7f,5i9ipxj8_bot,62.0,2.0,7.0,1.0,1.0,7.0,0.0,0.0,166.0
r3sh8l7f,5i9ipxj8,63.0,1.0,3.0,6.0,6.0,3.0,351.0,1.0,166.0
r3sh8l7f,5i9ipxj8_bot,63.0,2.0,3.0,6.0,6.0,3.0,0.0,1.0,166.0
r3sh8l7f,5i9ipxj8,64.0,1.0,6.0,5.0,6.0,5.0,463.0,1.0,166.0
r3sh8l7f,5i9ipxj8_bot,64.0,2.0,6.0,5.0,6.0,5.0,0.0,1.0,166.0
r3sh8l7f,5i9ipxj8,65.0,1.0,3.0,4.0,4.0,3.0,792.0,0.0,166.0
r3sh8l7f,5i9ipxj8_bot,65.0,2.0,3.0,4.0,3.0,4.0,0.0,0.0,166.0
r3sh8l7f,5i9ipxj8,66.0,1.0,2.0,6.0,2.0,6.0,519.0,0.0,166.0
r3sh8l7f,5i9ipxj8_bot,66.0,2.0,2.0,6.0,6.0,2.0,0.0,0.0,166.0
r3sh8l7f,5i9ipxj8,67.0,1.0,3.0,5.0,5.0,3.0,352.0,0.0,166.0
r3sh8l7f,5i9ipxj8_bot,67.0,2.0,3.0,5.0,3.0,5.0,0.0,0.0,166.0
r3sh8l7f,5i9ipxj8,68.0,1.0,4.0,7.0,4.0,7.0,600.0,1.0,166.0
r3sh8l7f,5i9ipxj8_bot,68.0,2.0,4.0,7.0,4.0,7.0,0.0,1.0,166.0
r3sh8l7f,5i9ipxj8,69.0,1.0,6.0,4.0,4.0,6.0,2715.0,0.0,166.0
r3sh8l7f,5i9ipxj8_bot,69.0,2.0,6.0,4.0,6.0,4.0,0.0,0.0,166.0
r3sh8l7f,5i9ipxj8,70.0,1.0,2.0,4.0,2.0,4.0,576.0,1.0,166.0
r3sh8l7f,5i9ipxj8_bot,70.0,2.0,2.0,4.0,2.0,4.0,0.0,1.0,166.0
r3sh8l7f,5i9ipxj8,71.0,1.0,6.0,3.0,6.0,3.0,480.0,1.0,166.0
r3sh8l7f,5i9ipxj8_bot,71.0,2.0,6.0,3.0,6.0,3.0,0.0,1.0,166.0
r3sh8l7f,5i9ipxj8,72.0,1.0,6.0,1.0,6.0,1.0,364.0,1.0,166.0
r3sh8l7f,5i9ipxj8_bot,72.0,2.0,6.0,1.0,6.0,1.0,0.0,1.0,166.0
r3sh8l7f,5i9ipxj8,73.0,1.0,7.0,3.0,3.0,7.0,842.0,0.0,166.0
r3sh8l7f,5i9ipxj8_bot,73.0,2.0,7.0,3.0,7.0,3.0,0.0,0.0,166.0
r3sh8l7f,5i9ipxj8,74.0,1.0,1.0,4.0,1.0,4.0,438.0,0.0,166.0
r3sh8l7f,5i9ipxj8_bot,74.0,2.0,1.0,4.0,4.0,1.0,0.0,0.0,166.0
r3sh8l7f,5i9ipxj8,75.0,1.0,2.0,7.0,7.0,2.0,388.0,0.0,166.0
r3sh8l7f,5i9ipxj8_bot,75.0,2.0,2.0,7.0,2.0,7.0,0.0,0.0,166.0
r3sh8l7f,5i9ipxj8,76.0,1.0,3.0,2.0,3.0,2.0,476.0,0.0,166.0
r3sh8l7f,5i9ipxj8_bot,76.0,2.0,3.0,2.0,2.0,3.0,0.0,0.0,166.0
r3sh8l7f,5i9ipxj8,77.0,1.0,1.0,2.0,2.0,1.0,401.0,1.0,166.0
r3sh8l7f,5i9ipxj8_bot,77.0,2.0,1.0,2.0,2.0,1.0,0.0,1.0,166.0
r3sh8l7f,5i9ipxj8,78.0,1.0,5.0,2.0,2.0,5.0,566.0,1.0,166.0
r3sh8l7f,5i9ipxj8_bot,78.0,2.0,5.0,2.0,2.0,5.0,0.0,1.0,166.0
r3sh8l7f,5i9ipxj8,79.0,1.0,7.0,6.0,6.0,7.0,469.0,1.0,166.0
r3sh8l7f,5i9ipxj8_bot,79.0,2.0,7.0,6.0,6.0,7.0,0.0,1.0,166.0
r3sh8l7f,5i9ipxj8,80.0,1.0,7.0,1.0,1.0,7.0,845.0,0.0,166.0
r3sh8l7f,5i9ipxj8_bot,80.0,2.0,7.0,1.0,7.0,1.0,0.0,0.0,166.0
r3sh8l7f,5i9ipxj8,81.0,1.0,1.0,5.0,1.0,5.0,573.0,1.0,166.0
r3sh8l7f,5i9ipxj8_bot,81.0,2.0,1.0,5.0,1.0,5.0,0.0,1.0,166.0
r3sh8l7f,5i9ipxj8,82.0,1.0,1.0,3.0,1.0,3.0,1050.0,0.0,166.0
r3sh8l7f,5i9ipxj8_bot,82.0,2.0,1.0,3.0,3.0,1.0,0.0,0.0,166.0
r3sh8l7f,5i9ipxj8,83.0,1.0,5.0,4.0,4.0,5.0,400.0,1.0,166.0
r3sh8l7f,5i9ipxj8_bot,83.0,2.0,5.0,4.0,4.0,5.0,0.0,1.0,166.0
r3sh8l7f,5i9ipxj8,84.0,1.0,7.0,5.0,5.0,7.0,1247.0,0.0,166.0
r3sh8l7f,5i9ipxj8_bot,84.0,2.0,7.0,5.0,7.0,5.0,0.0,0.0,166.0
r3sh8l7f,5i9ipxj8,85.0,1.0,4.0,6.0,4.0,6.0,622.0,0.0,166.0
r3sh8l7f,5i9ipxj8_bot,85.0,2.0,4.0,6.0,6.0,4.0,0.0,0.0,166.0
r3sh8l7f,5i9ipxj8,86.0,1.0,6.0,3.0,3.0,6.0,582.0,0.0,166.0
r3sh8l7f,5i9ipxj8_bot,86.0,2.0,6.0,3.0,6.0,3.0,0.0,0.0,166.0
r3sh8l7f,5i9ipxj8,87.0,1.0,4.0,3.0,4.0,3.0,685.0,1.0,166.0
r3sh8l7f,5i9ipxj8_bot,87.0,2.0,4.0,3.0,4.0,3.0,0.0,1.0,166.0
r3sh8l7f,5i9ipxj8,88.0,1.0,7.0,5.0,5.0,7.0,1405.0,1.0,166.0
r3sh8l7f,5i9ipxj8_bot,88.0,2.0,7.0,5.0,5.0,7.0,0.0,1.0,166.0
r3sh8l7f,5i9ipxj8,89.0,1.0,5.0,6.0,5.0,6.0,485.0,0.0,166.0
r3sh8l7f,5i9ipxj8_bot,89.0,2.0,5.0,6.0,6.0,5.0,0.0,0.0,166.0
r3sh8l7f,5i9ipxj8,90.0,1.0,6.0,1.0,6.0,1.0,520.0,0.0,166.0
r3sh8l7f,5i9ipxj8_bot,90.0,2.0,6.0,1.0,1.0,6.0,0.0,0.0,166.0
r3sh8l7f,5i9ipxj8,91.0,1.0,2.0,1.0,1.0,2.0,311.0,0.0,166.0
r3sh8l7f,5i9ipxj8_bot,91.0,2.0,2.0,1.0,2.0,1.0,0.0,0.0,166.0
r3sh8l7f,5i9ipxj8,92.0,1.0,7.0,2.0,7.0,2.0,338.0,0.0,166.0
r3sh8l7f,5i9ipxj8_bot,92.0,2.0,7.0,2.0,2.0,7.0,0.0,0.0,166.0
r3sh8l7f,5i9ipxj8,93.0,1.0,5.0,4.0,4.0,5.0,552.0,1.0,166.0
r3sh8l7f,5i9ipxj8_bot,93.0,2.0,5.0,4.0,4.0,5.0,0.0,1.0,166.0
r3sh8l7f,5i9ipxj8,94.0,1.0,5.0,2.0,5.0,2.0,1084.0,0.0,166.0
r3sh8l7f,5i9ipxj8_bot,94.0,2.0,5.0,2.0,2.0,5.0,0.0,0.0,166.0
r3sh8l7f,5i9ipxj8,95.0,1.0,3.0,1.0,1.0,3.0,313.0,1.0,166.0
r3sh8l7f,5i9ipxj8_bot,95.0,2.0,3.0,1.0,1.0,3.0,0.0,1.0,166.0
r3sh8l7f,5i9ipxj8,96.0,1.0,1.0,5.0,1.0,5.0,899.0,1.0,166.0
r3sh8l7f,5i9ipxj8_bot,96.0,2.0,1.0,5.0,1.0,5.0,0.0,1.0,166.0
r3sh8l7f,5i9ipxj8,97.0,1.0,3.0,5.0,3.0,5.0,598.0,0.0,166.0
r3sh8l7f,5i9ipxj8_bot,97.0,2.0,3.0,5.0,5.0,3.0,0.0,0.0,166.0
r3sh8l7f,5i9ipxj8,98.0,1.0,2.0,4.0,4.0,2.0,492.0,1.0,166.0
r3sh8l7f,5i9ipxj8_bot,98.0,2.0,2.0,4.0,4.0,2.0,0.0,1.0,166.0
r3sh8l7f,5i9ipxj8,99.0,1.0,4.0,7.0,7.0,4.0,2376.0,0.0,166.0
r3sh8l7f,5i9ipxj8_bot,99.0,2.0,4.0,7.0,4.0,7.0,0.0,0.0,166.0
r3sh8l7f,5i9ipxj8,100.0,1.0,7.0,3.0,3.0,7.0,768.0,1.0,166.0
r3sh8l7f,5i9ipxj8_bot,100.0,2.0,7.0,3.0,3.0,7.0,0.0,1.0,166.0
r3sh8l7f,5i9ipxj8,101.0,1.0,7.0,6.0,6.0,7.0,661.0,1.0,166.0
r3sh8l7f,5i9ipxj8_bot,101.0,2.0,7.0,6.0,6.0,7.0,0.0,1.0,166.0
r3sh8l7f,5i9ipxj8,102.0,1.0,3.0,2.0,2.0,3.0,1419.0,0.0,166.0
r3sh8l7f,5i9ipxj8_bot,102.0,2.0,3.0,2.0,3.0,2.0,0.0,0.0,166.0
r3sh8l7f,5i9ipxj8,103.0,1.0,2.0,6.0,2.0,6.0,1099.0,0.0,166.0
r3sh8l7f,5i9ipxj8_bot,103.0,2.0,2.0,6.0,6.0,2.0,0.0,0.0,166.0
r3sh8l7f,5i9ipxj8,104.0,1.0,1.0,4.0,4.0,1.0,994.0,0.0,166.0
r3sh8l7f,5i9ipxj8_bot,104.0,2.0,1.0,4.0,1.0,4.0,0.0,0.0,166.0
r3sh8l7f,5i9ipxj8,105.0,1.0,7.0,1.0,1.0,7.0,2305.0,1.0,166.0
r3sh8l7f,5i9ipxj8_bot,105.0,2.0,7.0,1.0,1.0,7.0,0.0,1.0,166.0
r3sh8l7f,5i9ipxj8,106.0,1.0,5.0,6.0,6.0,5.0,798.0,1.0,166.0
r3sh8l7f,5i9ipxj8_bot,106.0,2.0,5.0,6.0,6.0,5.0,0.0,1.0,166.0
r3sh8l7f,5i9ipxj8,107.0,1.0,6.0,4.0,6.0,4.0,900.0,0.0,166.0
r3sh8l7f,5i9ipxj8_bot,107.0,2.0,6.0,4.0,4.0,6.0,0.0,0.0,166.0
r3sh8l7f,5i9ipxj8,108.0,1.0,1.0,3.0,1.0,3.0,569.0,1.0,166.0
r3sh8l7f,5i9ipxj8_bot,108.0,2.0,1.0,3.0,1.0,3.0,0.0,1.0,166.0
r3sh8l7f,5i9ipxj8,109.0,1.0,2.0,1.0,1.0,2.0,2806.0,1.0,166.0
r3sh8l7f,5i9ipxj8_bot,109.0,2.0,2.0,1.0,1.0,2.0,0.0,1.0,166.0
r3sh8l7f,5i9ipxj8,110.0,1.0,3.0,6.0,3.0,6.0,781.0,0.0,166.0
r3sh8l7f,5i9ipxj8_bot,110.0,2.0,3.0,6.0,6.0,3.0,0.0,0.0,166.0
r3sh8l7f,5i9ipxj8,111.0,1.0,2.0,7.0,7.0,2.0,493.0,0.0,166.0
r3sh8l7f,5i9ipxj8_bot,111.0,2.0,2.0,7.0,2.0,7.0,0.0,0.0,166.0
r3sh8l7f,5i9ipxj8,112.0,1.0,3.0,5.0,3.0,5.0,472.0,1.0,166.0
r3sh8l7f,5i9ipxj8_bot,112.0,2.0,3.0,5.0,3.0,5.0,0.0,1.0,166.0
r3sh8l7f,5i9ipxj8,113.0,1.0,4.0,1.0,1.0,4.0,724.0,1.0,166.0
r3sh8l7f,5i9ipxj8_bot,113.0,2.0,4.0,1.0,1.0,4.0,0.0,1.0,166.0
r3sh8l7f,5i9ipxj8,114.0,1.0,2.0,6.0,2.0,6.0,1531.0,0.0,166.0
r3sh8l7f,5i9ipxj8_bot,114.0,2.0,2.0,6.0,6.0,2.0,0.0,0.0,166.0
r3sh8l7f,5i9ipxj8,115.0,1.0,4.0,3.0,3.0,4.0,1493.0,0.0,166.0
r3sh8l7f,5i9ipxj8_bot,115.0,2.0,4.0,3.0,4.0,3.0,0.0,0.0,166.0
r3sh8l7f,5i9ipxj8,116.0,1.0,4.0,5.0,4.0,5.0,410.0,1.0,166.0
r3sh8l7f,5i9ipxj8_bot,116.0,2.0,4.0,5.0,4.0,5.0,0.0,1.0,166.0
r3sh8l7f,5i9ipxj8,117.0,1.0,6.0,1.0,6.0,1.0,351.0,0.0,166.0
r3sh8l7f,5i9ipxj8_bot,117.0,2.0,6.0,1.0,1.0,6.0,0.0,0.0,166.0
r3sh8l7f,5i9ipxj8,118.0,1.0,4.0,2.0,2.0,4.0,306.0,0.0,166.0
r3sh8l7f,5i9ipxj8_bot,118.0,2.0,4.0,2.0,4.0,2.0,0.0,0.0,166.0
r3sh8l7f,5i9ipxj8,119.0,1.0,3.0,2.0,3.0,2.0,467.0,1.0,166.0
r3sh8l7f,5i9ipxj8_bot,119.0,2.0,3.0,2.0,3.0,2.0,0.0,1.0,166.0
r3sh8l7f,5i9ipxj8,120.0,1.0,7.0,3.0,3.0,7.0,492.0,1.0,166.0
r3sh8l7f,5i9ipxj8_bot,120.0,2.0,7.0,3.0,3.0,7.0,0.0,1.0,166.0
r3sh8l7f,5i9ipxj8,121.0,1.0,7.0,1.0,7.0,1.0,892.0,0.0,166.0
r3sh8l7f,5i9ipxj8_bot,121.0,2.0,7.0,1.0,1.0,7.0,0.0,0.0,166.0
r3sh8l7f,5i9ipxj8,122.0,1.0,7.0,6.0,6.0,7.0,502.0,1.0,166.0
r3sh8l7f,5i9ipxj8_bot,122.0,2.0,7.0,6.0,6.0,7.0,0.0,1.0,166.0
r3sh8l7f,5i9ipxj8,123.0,1.0,7.0,4.0,7.0,4.0,550.0,0.0,166.0
r3sh8l7f,5i9ipxj8_bot,123.0,2.0,7.0,4.0,4.0,7.0,0.0,0.0,166.0
r3sh8l7f,5i9ipxj8,124.0,1.0,2.0,5.0,5.0,2.0,516.0,0.0,166.0
r3sh8l7f,5i9ipxj8_bot,124.0,2.0,2.0,5.0,2.0,5.0,0.0,0.0,166.0
r3sh8l7f,5i9ipxj8,125.0,1.0,1.0,5.0,5.0,1.0,556.0,0.0,166.0
r3sh8l7f,5i9ipxj8_bot,125.0,2.0,1.0,5.0,1.0,5.0,0.0,0.0,166.0
r3sh8l7f,5i9ipxj8,126.0,1.0,7.0,5.0,7.0,5.0,380.0,1.0,166.0
r3sh8l7f,5i9ipxj8_bot,126.0,2.0,7.0,5.0,7.0,5.0,0.0,1.0,166.0
r3sh8l7f,5i9ipxj8,127.0,1.0,3.0,2.0,3.0,2.0,974.0,1.0,166.0
r3sh8l7f,5i9ipxj8_bot,127.0,2.0,3.0,2.0,3.0,2.0,0.0,1.0,166.0
r3sh8l7f,5i9ipxj8,128.0,1.0,2.0,4.0,2.0,4.0,849.0,0.0,166.0
r3sh8l7f,5i9ipxj8_bot,128.0,2.0,2.0,4.0,4.0,2.0,0.0,0.0,166.0
r3sh8l7f,5i9ipxj8,129.0,1.0,5.0,2.0,2.0,5.0,370.0,1.0,166.0
r3sh8l7f,5i9ipxj8_bot,129.0,2.0,5.0,2.0,2.0,5.0,0.0,1.0,166.0
r3sh8l7f,5i9ipxj8,130.0,1.0,7.0,5.0,7.0,5.0,598.0,1.0,166.0
r3sh8l7f,5i9ipxj8_bot,130.0,2.0,7.0,5.0,7.0,5.0,0.0,1.0,166.0
r3sh8l7f,5i9ipxj8,131.0,1.0,7.0,4.0,7.0,4.0,553.0,1.0,166.0
r3sh8l7f,5i9ipxj8_bot,131.0,2.0,7.0,4.0,7.0,4.0,0.0,1.0,166.0
r3sh8l7f,5i9ipxj8,132.0,1.0,3.0,4.0,4.0,3.0,1050.0,0.0,166.0
r3sh8l7f,5i9ipxj8_bot,132.0,2.0,3.0,4.0,3.0,4.0,0.0,0.0,166.0
r3sh8l7f,5i9ipxj8,133.0,1.0,7.0,6.0,7.0,6.0,365.0,1.0,166.0
r3sh8l7f,5i9ipxj8_bot,133.0,2.0,7.0,6.0,7.0,6.0,0.0,1.0,166.0
r3sh8l7f,5i9ipxj8,134.0,1.0,4.0,5.0,5.0,4.0,1516.0,0.0,166.0
r3sh8l7f,5i9ipxj8_bot,134.0,2.0,4.0,5.0,4.0,5.0,0.0,0.0,166.0
r3sh8l7f,5i9ipxj8,135.0,1.0,1.0,5.0,1.0,5.0,616.0,1.0,166.0
r3sh8l7f,5i9ipxj8_bot,135.0,2.0,1.0,5.0,1.0,5.0,0.0,1.0,166.0
r3sh8l7f,5i9ipxj8,136.0,1.0,6.0,3.0,3.0,6.0,727.0,1.0,166.0
r3sh8l7f,5i9ipxj8_bot,136.0,2.0,6.0,3.0,3.0,6.0,0.0,1.0,166.0
r3sh8l7f,5i9ipxj8,137.0,1.0,7.0,1.0,7.0,1.0,493.0,1.0,166.0
r3sh8l7f,5i9ipxj8_bot,137.0,2.0,7.0,1.0,7.0,1.0,0.0,1.0,166.0
r3sh8l7f,5i9ipxj8,138.0,1.0,3.0,5.0,5.0,3.0,541.0,0.0,166.0
r3sh8l7f,5i9ipxj8_bot,138.0,2.0,3.0,5.0,3.0,5.0,0.0,0.0,166.0
r3sh8l7f,5i9ipxj8,139.0,1.0,1.0,4.0,1.0,4.0,532.0,1.0,166.0
r3sh8l7f,5i9ipxj8_bot,139.0,2.0,1.0,4.0,1.0,4.0,0.0,1.0,166.0
r3sh8l7f,5i9ipxj8,140.0,1.0,5.0,6.0,5.0,6.0,758.0,0.0,166.0
r3sh8l7f,5i9ipxj8_bot,140.0,2.0,5.0,6.0,6.0,5.0,0.0,0.0,166.0
r3sh8l7f,5i9ipxj8,141.0,1.0,6.0,4.0,4.0,6.0,1895.0,0.0,166.0
r3sh8l7f,5i9ipxj8_bot,141.0,2.0,6.0,4.0,6.0,4.0,0.0,0.0,166.0
r3sh8l7f,5i9ipxj8,142.0,1.0,2.0,7.0,2.0,7.0,631.0,0.0,166.0
r3sh8l7f,5i9ipxj8_bot,142.0,2.0,2.0,7.0,7.0,2.0,0.0,0.0,166.0
r3sh8l7f,5i9ipxj8,143.0,1.0,3.0,7.0,7.0,3.0,555.0,1.0,166.0
r3sh8l7f,5i9ipxj8_bot,143.0,2.0,3.0,7.0,7.0,3.0,0.0,1.0,166.0
r3sh8l7f,5i9ipxj8,144.0,1.0,1.0,6.0,1.0,6.0,992.0,1.0,166.0
r3sh8l7f,5i9ipxj8_bot,144.0,2.0,1.0,6.0,1.0,6.0,0.0,1.0,166.0
r3sh8l7f,5i9ipxj8,145.0,1.0,1.0,2.0,2.0,1.0,425.0,1.0,166.0
r3sh8l7f,5i9ipxj8_bot,145.0,2.0,1.0,2.0,2.0,1.0,0.0,1.0,166.0
r3sh8l7f,5i9ipxj8,146.0,1.0,3.0,1.0,3.0,1.0,552.0,1.0,166.0
r3sh8l7f,5i9ipxj8_bot,146.0,2.0,3.0,1.0,3.0,1.0,0.0,1.0,166.0
r3sh8l7f,5i9ipxj8,147.0,1.0,2.0,6.0,6.0,2.0,2756.0,0.0,166.0
r3sh8l7f,5i9ipxj8_bot,147.0,2.0,2.0,6.0,2.0,6.0,0.0,0.0,166.0
r3sh8l7f,5i9ipxj8,148.0,1.0,3.0,1.0,3.0,1.0,1923.0,1.0,166.0
r3sh8l7f,5i9ipxj8_bot,148.0,2.0,3.0,1.0,3.0,1.0,0.0,1.0,166.0
r3sh8l7f,5i9ipxj8,149.0,1.0,3.0,5.0,5.0,3.0,1965.0,0.0,166.0
r3sh8l7f,5i9ipxj8_bot,149.0,2.0,3.0,5.0,3.0,5.0,0.0,0.0,166.0
r3sh8l7f,5i9ipxj8,150.0,1.0,3.0,2.0,3.0,2.0,1364.0,0.0,166.0
r3sh8l7f,5i9ipxj8_bot,150.0,2.0,3.0,2.0,2.0,3.0,0.0,0.0,166.0
r3sh8l7f,5i9ipxj8,151.0,1.0,7.0,3.0,3.0,7.0,721.0,0.0,166.0
r3sh8l7f,5i9ipxj8_bot,151.0,2.0,7.0,3.0,7.0,3.0,0.0,0.0,166.0
r3sh8l7f,5i9ipxj8,152.0,1.0,3.0,6.0,6.0,3.0,950.0,0.0,166.0
r3sh8l7f,5i9ipxj8_bot,152.0,2.0,3.0,6.0,3.0,6.0,0.0,0.0,166.0
r3sh8l7f,5i9ipxj8,153.0,1.0,4.0,7.0,4.0,7.0,507.0,0.0,166.0
r3sh8l7f,5i9ipxj8_bot,153.0,2.0,4.0,7.0,7.0,4.0,0.0,0.0,166.0
r3sh8l7f,5i9ipxj8,154.0,1.0,5.0,2.0,2.0,5.0,557.0,0.0,166.0
r3sh8l7f,5i9ipxj8_bot,154.0,2.0,5.0,2.0,5.0,2.0,0.0,0.0,166.0
r3sh8l7f,5i9ipxj8,155.0,1.0,7.0,6.0,6.0,7.0,917.0,0.0,166.0
r3sh8l7f,5i9ipxj8_bot,155.0,2.0,7.0,6.0,7.0,6.0,0.0,0.0,166.0
r3sh8l7f,5i9ipxj8,156.0,1.0,4.0,6.0,4.0,6.0,708.0,0.0,166.0
r3sh8l7f,5i9ipxj8_bot,156.0,2.0,4.0,6.0,6.0,4.0,0.0,0.0,166.0
r3sh8l7f,5i9ipxj8,157.0,1.0,1.0,5.0,1.0,5.0,1074.0,0.0,166.0
r3sh8l7f,5i9ipxj8_bot,157.0,2.0,1.0,5.0,5.0,1.0,0.0,0.0,166.0
r3sh8l7f,5i9ipxj8,158.0,1.0,1.0,2.0,2.0,1.0,620.0,1.0,166.0
r3sh8l7f,5i9ipxj8_bot,158.0,2.0,1.0,2.0,2.0,1.0,0.0,1.0,166.0
r3sh8l7f,5i9ipxj8,159.0,1.0,5.0,7.0,5.0,7.0,1254.0,0.0,166.0
r3sh8l7f,5i9ipxj8_bot,159.0,2.0,5.0,7.0,7.0,5.0,0.0,0.0,166.0
r3sh8l7f,5i9ipxj8,160.0,1.0,7.0,1.0,1.0,7.0,728.0,1.0,166.0
r3sh8l7f,5i9ipxj8_bot,160.0,2.0,7.0,1.0,1.0,7.0,0.0,1.0,166.0
r3sh8l7f,5i9ipxj8,161.0,1.0,4.0,3.0,3.0,4.0,596.0,1.0,166.0
r3sh8l7f,5i9ipxj8_bot,161.0,2.0,4.0,3.0,3.0,4.0,0.0,1.0,166.0
r3sh8l7f,5i9ipxj8,162.0,1.0,2.0,7.0,2.0,7.0,967.0,1.0,166.0
r3sh8l7f,5i9ipxj8_bot,162.0,2.0,2.0,7.0,2.0,7.0,0.0,1.0,166.0
r3sh8l7f,5i9ipxj8,163.0,1.0,2.0,6.0,2.0,6.0,1070.0,1.0,166.0
r3sh8l7f,5i9ipxj8_bot,163.0,2.0,2.0,6.0,2.0,6.0,0.0,1.0,166.0
r3sh8l7f,5i9ipxj8,164.0,1.0,4.0,5.0,5.0,4.0,820.0,1.0,166.0
r3sh8l7f,5i9ipxj8_bot,164.0,2.0,4.0,5.0,5.0,4.0,0.0,1.0,166.0
r3sh8l7f,5i9ipxj8,165.0,1.0,1.0,6.0,1.0,6.0,778.0,1.0,166.0
r3sh8l7f,5i9ipxj8_bot,165.0,2.0,1.0,6.0,1.0,6.0,0.0,1.0,166.0
r3sh8l7f,5i9ipxj8,166.0,1.0,5.0,6.0,5.0,6.0,1623.0,1.0,166.0
r3sh8l7f,5i9ipxj8_bot,166.0,2.0,5.0,6.0,5.0,6.0,0.0,1.0,166.0
r3sh8l7f,5i9ipxj8,167.0,1.0,4.0,2.0,2.0,4.0,1260.0,1.0,166.0
r3sh8l7f,5i9ipxj8_bot,167.0,2.0,4.0,2.0,2.0,4.0,0.0,1.0,166.0
r3sh8l7f,5i9ipxj8,168.0,1.0,1.0,4.0,1.0,4.0,1432.0,1.0,166.0
r3sh8l7f,5i9ipxj8_bot,168.0,2.0,1.0,4.0,1.0,4.0,0.0,1.0,166.0
r3sh8l7f,5i9ipxj8,169.0,1.0,7.0,1.0,1.0,7.0,707.0,1.0,166.0
r3sh8l7f,5i9ipxj8_bot,169.0,2.0,7.0,1.0,1.0,7.0,0.0,1.0,166.0
r3sh8l7f,5i9ipxj8,170.0,1.0,2.0,3.0,2.0,3.0,690.0,1.0,166.0
r3sh8l7f,5i9ipxj8_bot,170.0,2.0,2.0,3.0,2.0,3.0,0.0,1.0,166.0
r3sh8l7f,5i9ipxj8,171.0,1.0,5.0,2.0,2.0,5.0,972.0,1.0,166.0
r3sh8l7f,5i9ipxj8_bot,171.0,2.0,5.0,2.0,2.0,5.0,0.0,1.0,166.0
r3sh8l7f,5i9ipxj8,172.0,1.0,5.0,3.0,5.0,3.0,786.0,0.0,166.0
r3sh8l7f,5i9ipxj8_bot,172.0,2.0,5.0,3.0,3.0,5.0,0.0,0.0,166.0
r3sh8l7f,5i9ipxj8,173.0,1.0,5.0,4.0,4.0,5.0,2984.0,0.0,166.0
r3sh8l7f,5i9ipxj8_bot,173.0,2.0,5.0,4.0,5.0,4.0,0.0,0.0,166.0
r3sh8l7f,5i9ipxj8,174.0,1.0,7.0,4.0,7.0,4.0,534.0,0.0,166.0
r3sh8l7f,5i9ipxj8_bot,174.0,2.0,7.0,4.0,4.0,7.0,0.0,0.0,166.0
r3sh8l7f,5i9ipxj8,175.0,1.0,4.0,6.0,6.0,4.0,902.0,0.0,166.0
r3sh8l7f,5i9ipxj8_bot,175.0,2.0,4.0,6.0,4.0,6.0,0.0,0.0,166.0
r3sh8l7f,5i9ipxj8,176.0,1.0,3.0,7.0,3.0,7.0,955.0,1.0,166.0
r3sh8l7f,5i9ipxj8_bot,176.0,2.0,3.0,7.0,3.0,7.0,0.0,1.0,166.0
r3sh8l7f,5i9ipxj8,177.0,1.0,2.0,7.0,2.0,7.0,622.0,1.0,166.0
r3sh8l7f,5i9ipxj8_bot,177.0,2.0,2.0,7.0,2.0,7.0,0.0,1.0,166.0
r3sh8l7f,5i9ipxj8,178.0,1.0,6.0,2.0,2.0,6.0,845.0,1.0,166.0
r3sh8l7f,5i9ipxj8_bot,178.0,2.0,6.0,2.0,2.0,6.0,0.0,1.0,166.0
r3sh8l7f,5i9ipxj8,179.0,1.0,2.0,1.0,2.0,1.0,643.0,1.0,166.0
r3sh8l7f,5i9ipxj8_bot,179.0,2.0,2.0,1.0,2.0,1.0,0.0,1.0,166.0
r3sh8l7f,5i9ipxj8,180.0,1.0,1.0,4.0,1.0,4.0,1079.0,1.0,166.0
r3sh8l7f,5i9ipxj8_bot,180.0,2.0,1.0,4.0,1.0,4.0,0.0,1.0,166.0
r3sh8l7f,5i9ipxj8,181.0,1.0,6.0,7.0,7.0,6.0,3020.0,0.0,166.0
r3sh8l7f,5i9ipxj8_bot,181.0,2.0,6.0,7.0,6.0,7.0,0.0,0.0,166.0
r3sh8l7f,5i9ipxj8,182.0,1.0,4.0,3.0,4.0,3.0,565.0,0.0,166.0
r3sh8l7f,5i9ipxj8_bot,182.0,2.0,4.0,3.0,3.0,4.0,0.0,0.0,166.0
r3sh8l7f,5i9ipxj8,183.0,1.0,2.0,4.0,4.0,2.0,624.0,0.0,166.0
r3sh8l7f,5i9ipxj8_bot,183.0,2.0,2.0,4.0,2.0,4.0,0.0,0.0,166.0
r3sh8l7f,5i9ipxj8,184.0,1.0,3.0,1.0,1.0,3.0,1268.0,1.0,166.0
r3sh8l7f,5i9ipxj8_bot,184.0,2.0,3.0,1.0,1.0,3.0,0.0,1.0,166.0
r3sh8l7f,5i9ipxj8,185.0,1.0,3.0,6.0,3.0,6.0,921.0,1.0,166.0
r3sh8l7f,5i9ipxj8_bot,185.0,2.0,3.0,6.0,3.0,6.0,0.0,1.0,166.0
r3sh8l7f,5i9ipxj8,186.0,1.0,5.0,6.0,5.0,6.0,1188.0,1.0,166.0
r3sh8l7f,5i9ipxj8_bot,186.0,2.0,5.0,6.0,5.0,6.0,0.0,1.0,166.0
r3sh8l7f,5i9ipxj8,187.0,1.0,1.0,5.0,5.0,1.0,1197.0,0.0,166.0
r3sh8l7f,5i9ipxj8_bot,187.0,2.0,1.0,5.0,1.0,5.0,0.0,0.0,166.0
r3sh8l7f,5i9ipxj8,188.0,1.0,6.0,1.0,1.0,6.0,1028.0,1.0,166.0
r3sh8l7f,5i9ipxj8_bot,188.0,2.0,6.0,1.0,1.0,6.0,0.0,1.0,166.0
r3sh8l7f,5i9ipxj8,189.0,1.0,7.0,5.0,5.0,7.0,763.0,1.0,166.0
r3sh8l7f,5i9ipxj8_bot,189.0,2.0,7.0,5.0,5.0,7.0,0.0,1.0,166.0
r3sh8l7f,5i9ipxj8,190.0,1.0,6.0,2.0,2.0,6.0,1984.0,1.0,166.0
r3sh8l7f,5i9ipxj8_bot,190.0,2.0,6.0,2.0,2.0,6.0,0.0,1.0,166.0
r3sh8l7f,5i9ipxj8,191.0,1.0,6.0,7.0,6.0,7.0,880.0,0.0,166.0
r3sh8l7f,5i9ipxj8_bot,191.0,2.0,6.0,7.0,7.0,6.0,0.0,0.0,166.0
r3sh8l7f,5i9ipxj8,192.0,1.0,3.0,4.0,4.0,3.0,383.0,1.0,166.0
r3sh8l7f,5i9ipxj8_bot,192.0,2.0,3.0,4.0,4.0,3.0,0.0,1.0,166.0
r3sh8l7f,5i9ipxj8,193.0,1.0,6.0,5.0,5.0,6.0,841.0,1.0,166.0
r3sh8l7f,5i9ipxj8_bot,193.0,2.0,6.0,5.0,5.0,6.0,0.0,1.0,166.0
r3sh8l7f,5i9ipxj8,194.0,1.0,2.0,7.0,2.0,7.0,523.0,1.0,166.0
r3sh8l7f,5i9ipxj8_bot,194.0,2.0,2.0,7.0,2.0,7.0,0.0,1.0,166.0
r3sh8l7f,5i9ipxj8,195.0,1.0,5.0,7.0,5.0,7.0,795.0,1.0,166.0
r3sh8l7f,5i9ipxj8_bot,195.0,2.0,5.0,7.0,5.0,7.0,0.0,1.0,166.0
r3sh8l7f,5i9ipxj8,196.0,1.0,6.0,3.0,3.0,6.0,1747.0,1.0,166.0
r3sh8l7f,5i9ipxj8_bot,196.0,2.0,6.0,3.0,3.0,6.0,0.0,1.0,166.0
r3sh8l7f,5i9ipxj8,197.0,1.0,1.0,2.0,1.0,2.0,716.0,0.0,166.0
r3sh8l7f,5i9ipxj8_bot,197.0,2.0,1.0,2.0,2.0,1.0,0.0,0.0,166.0
r3sh8l7f,5i9ipxj8,198.0,1.0,4.0,5.0,5.0,4.0,807.0,1.0,166.0
r3sh8l7f,5i9ipxj8_bot,198.0,2.0,4.0,5.0,5.0,4.0,0.0,1.0,166.0
r3sh8l7f,5i9ipxj8,199.0,1.0,7.0,4.0,4.0,7.0,1180.0,1.0,166.0
r3sh8l7f,5i9ipxj8_bot,199.0,2.0,7.0,4.0,4.0,7.0,0.0,1.0,166.0
r3sh8l7f,5i9ipxj8,200.0,1.0,3.0,1.0,1.0,3.0,1541.0,1.0,166.0
r3sh8l7f,5i9ipxj8_bot,200.0,2.0,3.0,1.0,1.0,3.0,0.0,1.0,166.0
r3sh8l7f,5i9ipxj8,201.0,1.0,3.0,5.0,5.0,3.0,1986.0,1.0,166.0
r3sh8l7f,5i9ipxj8_bot,201.0,2.0,3.0,5.0,5.0,3.0,0.0,1.0,166.0
r3sh8l7f,5i9ipxj8,202.0,1.0,1.0,6.0,1.0,6.0,1583.0,1.0,166.0
r3sh8l7f,5i9ipxj8_bot,202.0,2.0,1.0,6.0,1.0,6.0,0.0,1.0,166.0
r3sh8l7f,5i9ipxj8,203.0,1.0,7.0,3.0,3.0,7.0,1323.0,1.0,166.0
r3sh8l7f,5i9ipxj8_bot,203.0,2.0,7.0,3.0,3.0,7.0,0.0,1.0,166.0
r3sh8l7f,5i9ipxj8,204.0,1.0,3.0,2.0,2.0,3.0,1591.0,1.0,166.0
r3sh8l7f,5i9ipxj8_bot,204.0,2.0,3.0,2.0,2.0,3.0,0.0,1.0,166.0
r3sh8l7f,5i9ipxj8,205.0,1.0,5.0,1.0,1.0,5.0,1156.0,0.0,166.0
r3sh8l7f,5i9ipxj8_bot,205.0,2.0,5.0,1.0,5.0,1.0,0.0,0.0,166.0
r3sh8l7f,5i9ipxj8,206.0,1.0,2.0,5.0,2.0,5.0,607.0,1.0,166.0
r3sh8l7f,5i9ipxj8_bot,206.0,2.0,2.0,5.0,2.0,5.0,0.0,1.0,166.0
r3sh8l7f,5i9ipxj8,207.0,1.0,6.0,4.0,4.0,6.0,794.0,1.0,166.0
r3sh8l7f,5i9ipxj8_bot,207.0,2.0,6.0,4.0,4.0,6.0,0.0,1.0,166.0
r3sh8l7f,5i9ipxj8,208.0,1.0,2.0,4.0,4.0,2.0,779.0,0.0,166.0
r3sh8l7f,5i9ipxj8_bot,208.0,2.0,2.0,4.0,2.0,4.0,0.0,0.0,166.0
r3sh8l7f,5i9ipxj8,209.0,1.0,1.0,4.0,1.0,4.0,586.0,1.0,166.0
r3sh8l7f,5i9ipxj8_bot,209.0,2.0,1.0,4.0,1.0,4.0,0.0,1.0,166.0
r3sh8l7f,5i9ipxj8,210.0,1.0,7.0,1.0,1.0,7.0,1052.0,1.0,166.0
r3sh8l7f,5i9ipxj8_bot,210.0,2.0,7.0,1.0,1.0,7.0,0.0,1.0,166.0
r3sh8l7f,5i9ipxj8,211.0,1.0,1.0,6.0,1.0,6.0,1705.0,1.0,166.0
r3sh8l7f,5i9ipxj8_bot,211.0,2.0,1.0,6.0,1.0,6.0,0.0,1.0,166.0
r3sh8l7f,5i9ipxj8,212.0,1.0,4.0,6.0,4.0,6.0,1613.0,1.0,166.0
r3sh8l7f,5i9ipxj8_bot,212.0,2.0,4.0,6.0,4.0,6.0,0.0,1.0,166.0
r3sh8l7f,5i9ipxj8,213.0,1.0,6.0,5.0,5.0,6.0,681.0,1.0,166.0
r3sh8l7f,5i9ipxj8_bot,213.0,2.0,6.0,5.0,5.0,6.0,0.0,1.0,166.0
r3sh8l7f,5i9ipxj8,214.0,1.0,7.0,2.0,7.0,2.0,654.0,0.0,166.0
r3sh8l7f,5i9ipxj8_bot,214.0,2.0,7.0,2.0,2.0,7.0,0.0,0.0,166.0
r3sh8l7f,5i9ipxj8,215.0,1.0,7.0,3.0,3.0,7.0,409.0,1.0,166.0
r3sh8l7f,5i9ipxj8_bot,215.0,2.0,7.0,3.0,3.0,7.0,0.0,1.0,166.0
r3sh8l7f,5i9ipxj8,216.0,1.0,2.0,4.0,2.0,4.0,744.0,0.0,166.0
r3sh8l7f,5i9ipxj8_bot,216.0,2.0,2.0,4.0,4.0,2.0,0.0,0.0,166.0
r3sh8l7f,5i9ipxj8,217.0,1.0,4.0,7.0,7.0,4.0,496.0,0.0,166.0
r3sh8l7f,5i9ipxj8_bot,217.0,2.0,4.0,7.0,4.0,7.0,0.0,0.0,166.0
r3sh8l7f,5i9ipxj8,218.0,1.0,6.0,2.0,6.0,2.0,454.0,0.0,166.0
r3sh8l7f,5i9ipxj8_bot,218.0,2.0,6.0,2.0,2.0,6.0,0.0,0.0,166.0
r3sh8l7f,5i9ipxj8,219.0,1.0,4.0,3.0,4.0,3.0,959.0,0.0,166.0
r3sh8l7f,5i9ipxj8_bot,219.0,2.0,4.0,3.0,3.0,4.0,0.0,0.0,166.0
r3sh8l7f,5i9ipxj8,220.0,1.0,1.0,5.0,5.0,1.0,1125.0,0.0,166.0
r3sh8l7f,5i9ipxj8_bot,220.0,2.0,1.0,5.0,1.0,5.0,0.0,0.0,166.0
r3sh8l7f,5i9ipxj8,221.0,1.0,5.0,7.0,5.0,7.0,1080.0,1.0,166.0
r3sh8l7f,5i9ipxj8_bot,221.0,2.0,5.0,7.0,5.0,7.0,0.0,1.0,166.0
r3sh8l7f,5i9ipxj8,222.0,1.0,4.0,5.0,5.0,4.0,1162.0,1.0,166.0
r3sh8l7f,5i9ipxj8_bot,222.0,2.0,4.0,5.0,5.0,4.0,0.0,1.0,166.0
r3sh8l7f,5i9ipxj8,223.0,1.0,4.0,1.0,1.0,4.0,873.0,1.0,166.0
r3sh8l7f,5i9ipxj8_bot,223.0,2.0,4.0,1.0,1.0,4.0,0.0,1.0,166.0
r3sh8l7f,5i9ipxj8,224.0,1.0,1.0,7.0,1.0,7.0,875.0,1.0,166.0
r3sh8l7f,5i9ipxj8_bot,224.0,2.0,1.0,7.0,1.0,7.0,0.0,1.0,166.0
r3sh8l7f,5i9ipxj8,225.0,1.0,7.0,6.0,6.0,7.0,1138.0,0.0,166.0
r3sh8l7f,5i9ipxj8_bot,225.0,2.0,7.0,6.0,7.0,6.0,0.0,0.0,166.0
r3sh8l7f,5i9ipxj8,226.0,1.0,2.0,5.0,2.0,5.0,554.0,0.0,166.0
r3sh8l7f,5i9ipxj8_bot,226.0,2.0,2.0,5.0,5.0,2.0,0.0,0.0,166.0
r3sh8l7f,5i9ipxj8,227.0,1.0,2.0,1.0,2.0,1.0,732.0,0.0,166.0
r3sh8l7f,5i9ipxj8_bot,227.0,2.0,2.0,1.0,1.0,2.0,0.0,0.0,166.0
r3sh8l7f,5i9ipxj8,228.0,1.0,1.0,3.0,3.0,1.0,584.0,0.0,166.0
r3sh8l7f,5i9ipxj8_bot,228.0,2.0,1.0,3.0,1.0,3.0,0.0,0.0,166.0
r3sh8l7f,5i9ipxj8,229.0,1.0,3.0,5.0,5.0,3.0,864.0,1.0,166.0
r3sh8l7f,5i9ipxj8_bot,229.0,2.0,3.0,5.0,5.0,3.0,0.0,1.0,166.0
r3sh8l7f,5i9ipxj8,230.0,1.0,3.0,2.0,2.0,3.0,700.0,1.0,166.0
r3sh8l7f,5i9ipxj8_bot,230.0,2.0,3.0,2.0,2.0,3.0,0.0,1.0,166.0
r3sh8l7f,5i9ipxj8,231.0,1.0,3.0,6.0,3.0,6.0,599.0,1.0,166.0
r3sh8l7f,5i9ipxj8_bot,231.0,2.0,3.0,6.0,3.0,6.0,0.0,1.0,166.0
r3sh8l7f,5i9ipxj8,232.0,1.0,4.0,1.0,1.0,4.0,656.0,1.0,166.0
r3sh8l7f,5i9ipxj8_bot,232.0,2.0,4.0,1.0,1.0,4.0,0.0,1.0,166.0
r3sh8l7f,5i9ipxj8,233.0,1.0,7.0,3.0,3.0,7.0,469.0,1.0,166.0
r3sh8l7f,5i9ipxj8_bot,233.0,2.0,7.0,3.0,3.0,7.0,0.0,1.0,166.0
r3sh8l7f,5i9ipxj8,234.0,1.0,3.0,4.0,3.0,4.0,714.0,1.0,166.0
r3sh8l7f,5i9ipxj8_bot,234.0,2.0,3.0,4.0,3.0,4.0,0.0,1.0,166.0
r3sh8l7f,5i9ipxj8,235.0,1.0,5.0,3.0,3.0,5.0,401.0,0.0,166.0
r3sh8l7f,5i9ipxj8_bot,235.0,2.0,5.0,3.0,5.0,3.0,0.0,0.0,166.0
r3sh8l7f,5i9ipxj8,236.0,1.0,2.0,5.0,5.0,2.0,896.0,0.0,166.0
r3sh8l7f,5i9ipxj8_bot,236.0,2.0,2.0,5.0,2.0,5.0,0.0,0.0,166.0
r3sh8l7f,5i9ipxj8,237.0,1.0,2.0,6.0,2.0,6.0,443.0,1.0,166.0
r3sh8l7f,5i9ipxj8_bot,237.0,2.0,2.0,6.0,2.0,6.0,0.0,1.0,166.0
r3sh8l7f,5i9ipxj8,238.0,1.0,3.0,2.0,2.0,3.0,591.0,1.0,166.0
r3sh8l7f,5i9ipxj8_bot,238.0,2.0,3.0,2.0,2.0,3.0,0.0,1.0,166.0
r3sh8l7f,5i9ipxj8,239.0,1.0,7.0,5.0,5.0,7.0,882.0,1.0,166.0
r3sh8l7f,5i9ipxj8_bot,239.0,2.0,7.0,5.0,5.0,7.0,0.0,1.0,166.0
r3sh8l7f,5i9ipxj8,240.0,1.0,3.0,1.0,1.0,3.0,1245.0,1.0,166.0
r3sh8l7f,5i9ipxj8_bot,240.0,2.0,3.0,1.0,1.0,3.0,0.0,1.0,166.0
r3sh8l7f,5i9ipxj8,241.0,1.0,1.0,5.0,5.0,1.0,1262.0,1.0,166.0
r3sh8l7f,5i9ipxj8_bot,241.0,2.0,1.0,5.0,5.0,1.0,0.0,1.0,166.0
r3sh8l7f,5i9ipxj8,242.0,1.0,6.0,4.0,4.0,6.0,1359.0,1.0,166.0
r3sh8l7f,5i9ipxj8_bot,242.0,2.0,6.0,4.0,4.0,6.0,0.0,1.0,166.0
r3sh8l7f,5i9ipxj8,243.0,1.0,1.0,2.0,1.0,2.0,1875.0,0.0,166.0
r3sh8l7f,5i9ipxj8_bot,243.0,2.0,1.0,2.0,2.0,1.0,0.0,0.0,166.0
r3sh8l7f,5i9ipxj8,244.0,1.0,7.0,1.0,7.0,1.0,2097.0,0.0,166.0
r3sh8l7f,5i9ipxj8_bot,244.0,2.0,7.0,1.0,1.0,7.0,0.0,0.0,166.0
r3sh8l7f,5i9ipxj8,245.0,1.0,1.0,6.0,6.0,1.0,556.0,0.0,166.0
r3sh8l7f,5i9ipxj8_bot,245.0,2.0,1.0,6.0,1.0,6.0,0.0,0.0,166.0
r3sh8l7f,5i9ipxj8,246.0,1.0,7.0,2.0,2.0,7.0,949.0,1.0,166.0
r3sh8l7f,5i9ipxj8_bot,246.0,2.0,7.0,2.0,2.0,7.0,0.0,1.0,166.0
r3sh8l7f,5i9ipxj8,247.0,1.0,5.0,6.0,6.0,5.0,1155.0,0.0,166.0
r3sh8l7f,5i9ipxj8_bot,247.0,2.0,5.0,6.0,5.0,6.0,0.0,0.0,166.0
r3sh8l7f,5i9ipxj8,248.0,1.0,5.0,4.0,5.0,4.0,672.0,1.0,166.0
r3sh8l7f,5i9ipxj8_bot,248.0,2.0,5.0,4.0,5.0,4.0,0.0,1.0,166.0
r3sh8l7f,5i9ipxj8,249.0,1.0,7.0,6.0,7.0,6.0,1560.0,0.0,166.0
r3sh8l7f,5i9ipxj8_bot,249.0,2.0,7.0,6.0,6.0,7.0,0.0,0.0,166.0
r3sh8l7f,5i9ipxj8,250.0,1.0,7.0,4.0,4.0,7.0,554.0,1.0,166.0
r3sh8l7f,5i9ipxj8_bot,250.0,2.0,7.0,4.0,4.0,7.0,0.0,1.0,166.0
r3sh8l7f,5i9ipxj8,251.0,1.0,2.0,4.0,4.0,2.0,577.0,0.0,166.0
r3sh8l7f,5i9ipxj8_bot,251.0,2.0,2.0,4.0,2.0,4.0,0.0,0.0,166.0
r3sh8l7f,5i9ipxj8,252.0,1.0,6.0,3.0,6.0,3.0,477.0,0.0,166.0
r3sh8l7f,5i9ipxj8_bot,252.0,2.0,6.0,3.0,3.0,6.0,0.0,0.0,166.0
r3sh8l7f,5i9ipxj8,253.0,1.0,4.0,6.0,4.0,6.0,1475.0,1.0,166.0
r3sh8l7f,5i9ipxj8_bot,253.0,2.0,4.0,6.0,4.0,6.0,0.0,1.0,166.0
r3sh8l7f,5i9ipxj8,254.0,1.0,7.0,5.0,5.0,7.0,605.0,1.0,166.0
r3sh8l7f,5i9ipxj8_bot,254.0,2.0,7.0,5.0,5.0,7.0,0.0,1.0,166.0
r3sh8l7f,5i9ipxj8,255.0,1.0,6.0,1.0,6.0,1.0,672.0,0.0,166.0
r3sh8l7f,5i9ipxj8_bot,255.0,2.0,6.0,1.0,1.0,6.0,0.0,0.0,166.0
r3sh8l7f,5i9ipxj8,256.0,1.0,4.0,2.0,2.0,4.0,506.0,0.0,166.0
r3sh8l7f,5i9ipxj8_bot,256.0,2.0,4.0,2.0,4.0,2.0,0.0,0.0,166.0
r3sh8l7f,5i9ipxj8,257.0,1.0,3.0,1.0,3.0,1.0,488.0,1.0,166.0
r3sh8l7f,5i9ipxj8_bot,257.0,2.0,3.0,1.0,3.0,1.0,0.0,1.0,166.0
r3sh8l7f,5i9ipxj8,258.0,1.0,4.0,7.0,7.0,4.0,631.0,0.0,166.0
r3sh8l7f,5i9ipxj8_bot,258.0,2.0,4.0,7.0,4.0,7.0,0.0,0.0,166.0
r3sh8l7f,5i9ipxj8,259.0,1.0,3.0,2.0,3.0,2.0,353.0,0.0,166.0
r3sh8l7f,5i9ipxj8_bot,259.0,2.0,3.0,2.0,2.0,3.0,0.0,0.0,166.0
r3sh8l7f,5i9ipxj8,260.0,1.0,2.0,1.0,2.0,1.0,1243.0,1.0,166.0
r3sh8l7f,5i9ipxj8_bot,260.0,2.0,2.0,1.0,2.0,1.0,0.0,1.0,166.0
r3sh8l7f,5i9ipxj8,261.0,1.0,5.0,6.0,5.0,6.0,1894.0,1.0,166.0
r3sh8l7f,5i9ipxj8_bot,261.0,2.0,5.0,6.0,5.0,6.0,0.0,1.0,166.0
r3sh8l7f,5i9ipxj8,262.0,1.0,1.0,5.0,5.0,1.0,1046.0,1.0,166.0
r3sh8l7f,5i9ipxj8_bot,262.0,2.0,1.0,5.0,5.0,1.0,0.0,1.0,166.0
r3sh8l7f,5i9ipxj8,263.0,1.0,5.0,3.0,5.0,3.0,861.0,1.0,166.0
r3sh8l7f,5i9ipxj8_bot,263.0,2.0,5.0,3.0,5.0,3.0,0.0,1.0,166.0
r3sh8l7f,5i9ipxj8,264.0,1.0,1.0,4.0,4.0,1.0,1832.0,1.0,166.0
r3sh8l7f,5i9ipxj8_bot,264.0,2.0,1.0,4.0,4.0,1.0,0.0,1.0,166.0
r3sh8l7f,5i9ipxj8,265.0,1.0,7.0,1.0,1.0,7.0,1226.0,0.0,166.0
r3sh8l7f,5i9ipxj8_bot,265.0,2.0,7.0,1.0,7.0,1.0,0.0,0.0,166.0
r3sh8l7f,5i9ipxj8,266.0,1.0,6.0,7.0,6.0,7.0,1022.0,1.0,166.0
r3sh8l7f,5i9ipxj8_bot,266.0,2.0,6.0,7.0,6.0,7.0,0.0,1.0,166.0
r3sh8l7f,5i9ipxj8,267.0,1.0,5.0,4.0,5.0,4.0,1254.0,1.0,166.0
r3sh8l7f,5i9ipxj8_bot,267.0,2.0,5.0,4.0,5.0,4.0,0.0,1.0,166.0
r3sh8l7f,5i9ipxj8,268.0,1.0,5.0,2.0,2.0,5.0,1277.0,0.0,166.0
r3sh8l7f,5i9ipxj8_bot,268.0,2.0,5.0,2.0,5.0,2.0,0.0,0.0,166.0
r3sh8l7f,5i9ipxj8,269.0,1.0,7.0,2.0,7.0,2.0,666.0,0.0,166.0
r3sh8l7f,5i9ipxj8_bot,269.0,2.0,7.0,2.0,2.0,7.0,0.0,0.0,166.0
r3sh8l7f,5i9ipxj8,270.0,1.0,6.0,3.0,3.0,6.0,460.0,1.0,166.0
r3sh8l7f,5i9ipxj8_bot,270.0,2.0,6.0,3.0,3.0,6.0,0.0,1.0,166.0
r3sh8l7f,5i9ipxj8,271.0,1.0,2.0,6.0,2.0,6.0,921.0,1.0,166.0
r3sh8l7f,5i9ipxj8_bot,271.0,2.0,2.0,6.0,2.0,6.0,0.0,1.0,166.0
r3sh8l7f,5i9ipxj8,272.0,1.0,7.0,3.0,3.0,7.0,1316.0,1.0,166.0
r3sh8l7f,5i9ipxj8_bot,272.0,2.0,7.0,3.0,3.0,7.0,0.0,1.0,166.0
r3sh8l7f,5i9ipxj8,273.0,1.0,3.0,4.0,4.0,3.0,1100.0,0.0,166.0
r3sh8l7f,5i9ipxj8_bot,273.0,2.0,3.0,4.0,3.0,4.0,0.0,0.0,166.0
r3sh8l7f,5i9ipxj8,274.0,1.0,5.0,6.0,5.0,6.0,497.0,1.0,166.0
r3sh8l7f,5i9ipxj8_bot,274.0,2.0,5.0,6.0,5.0,6.0,0.0,1.0,166.0
r3sh8l7f,5i9ipxj8,275.0,1.0,4.0,3.0,3.0,4.0,1054.0,1.0,166.0
r3sh8l7f,5i9ipxj8_bot,275.0,2.0,4.0,3.0,3.0,4.0,0.0,1.0,166.0
r3sh8l7f,5i9ipxj8,276.0,1.0,1.0,2.0,1.0,2.0,685.0,0.0,166.0
r3sh8l7f,5i9ipxj8_bot,276.0,2.0,1.0,2.0,2.0,1.0,0.0,0.0,166.0
r3sh8l7f,5i9ipxj8,277.0,1.0,2.0,6.0,6.0,2.0,553.0,0.0,166.0
r3sh8l7f,5i9ipxj8_bot,277.0,2.0,2.0,6.0,2.0,6.0,0.0,0.0,166.0
r3sh8l7f,5i9ipxj8,278.0,1.0,6.0,1.0,6.0,1.0,710.0,1.0,166.0
r3sh8l7f,5i9ipxj8_bot,278.0,2.0,6.0,1.0,6.0,1.0,0.0,1.0,166.0
r3sh8l7f,5i9ipxj8,279.0,1.0,7.0,3.0,3.0,7.0,632.0,1.0,166.0
r3sh8l7f,5i9ipxj8_bot,279.0,2.0,7.0,3.0,3.0,7.0,0.0,1.0,166.0
r3sh8l7f,5i9ipxj8,280.0,1.0,4.0,6.0,6.0,4.0,446.0,1.0,166.0
r3sh8l7f,5i9ipxj8_bot,280.0,2.0,4.0,6.0,6.0,4.0,0.0,1.0,166.0
r3sh8l7f,5i9ipxj8,281.0,1.0,5.0,7.0,5.0,7.0,1468.0,1.0,166.0
r3sh8l7f,5i9ipxj8_bot,281.0,2.0,5.0,7.0,5.0,7.0,0.0,1.0,166.0
r3sh8l7f,5i9ipxj8,282.0,1.0,1.0,3.0,3.0,1.0,703.0,1.0,166.0
r3sh8l7f,5i9ipxj8_bot,282.0,2.0,1.0,3.0,3.0,1.0,0.0,1.0,166.0
r3sh8l7f,5i9ipxj8,283.0,1.0,6.0,3.0,3.0,6.0,1628.0,1.0,166.0
r3sh8l7f,5i9ipxj8_bot,283.0,2.0,6.0,3.0,3.0,6.0,0.0,1.0,166.0
r3sh8l7f,5i9ipxj8,284.0,1.0,7.0,4.0,4.0,7.0,1194.0,1.0,166.0
r3sh8l7f,5i9ipxj8_bot,284.0,2.0,7.0,4.0,4.0,7.0,0.0,1.0,166.0
r3sh8l7f,5i9ipxj8,285.0,1.0,7.0,6.0,6.0,7.0,1595.0,1.0,166.0
r3sh8l7f,5i9ipxj8_bot,285.0,2.0,7.0,6.0,6.0,7.0,0.0,1.0,166.0
r3sh8l7f,5i9ipxj8,286.0,1.0,5.0,4.0,5.0,4.0,1643.0,1.0,166.0
r3sh8l7f,5i9ipxj8_bot,286.0,2.0,5.0,4.0,5.0,4.0,0.0,1.0,166.0
r3sh8l7f,5i9ipxj8,287.0,1.0,1.0,7.0,7.0,1.0,2265.0,0.0,166.0
r3sh8l7f,5i9ipxj8_bot,287.0,2.0,1.0,7.0,1.0,7.0,0.0,0.0,166.0
r3sh8l7f,5i9ipxj8,288.0,1.0,5.0,1.0,5.0,1.0,684.0,1.0,166.0
r3sh8l7f,5i9ipxj8_bot,288.0,2.0,5.0,1.0,5.0,1.0,0.0,1.0,166.0
r3sh8l7f,5i9ipxj8,289.0,1.0,2.0,4.0,2.0,4.0,711.0,0.0,166.0
r3sh8l7f,5i9ipxj8_bot,289.0,2.0,2.0,4.0,4.0,2.0,0.0,0.0,166.0
r3sh8l7f,5i9ipxj8,290.0,1.0,5.0,2.0,2.0,5.0,548.0,0.0,166.0
r3sh8l7f,5i9ipxj8_bot,290.0,2.0,5.0,2.0,5.0,2.0,0.0,0.0,166.0
r3sh8l7f,5i9ipxj8,291.0,1.0,1.0,4.0,1.0,4.0,422.0,0.0,166.0
r3sh8l7f,5i9ipxj8_bot,291.0,2.0,1.0,4.0,4.0,1.0,0.0,0.0,166.0
r3sh8l7f,5i9ipxj8,292.0,1.0,3.0,5.0,5.0,3.0,408.0,0.0,166.0
r3sh8l7f,5i9ipxj8_bot,292.0,2.0,3.0,5.0,3.0,5.0,0.0,0.0,166.0
r3sh8l7f,5i9ipxj8,293.0,1.0,2.0,7.0,2.0,7.0,1530.0,1.0,166.0
r3sh8l7f,5i9ipxj8_bot,293.0,2.0,2.0,7.0,2.0,7.0,0.0,1.0,166.0
r3sh8l7f,5i9ipxj8,294.0,1.0,2.0,3.0,2.0,3.0,574.0,0.0,166.0
r3sh8l7f,5i9ipxj8_bot,294.0,2.0,2.0,3.0,3.0,2.0,0.0,0.0,166.0
