"","6","3","4","2","7","1","5"
"1",1050,950,1000,1000,1000,1000,1000
"2",1093,978,957,972,988,1017,1012
"3",1112,1007,966,943,975,1034,1024
"4",1130,1015,974,933,963,1051,1035
"5",1062,1024,982,922,950,1068,1047
"6",1068,1032,991,912,938,1009,1059
"7",1074,1040,1000,902,925,1050,1070
"8",1079,1049,1008,892,912,1056,1081
"9",1085,1057,958,883,928,1061,1092
"10",1091,1050,949,873,943,1067,1103
"11",1036,1042,940,863,959,1073,1114
"12",1039,1035,930,853,974,1078,1134
"13",1042,1028,921,888,990,1084,1056
"14",1045,1021,912,922,921,1090,1038
"15",1048,1013,903,977,912,1095,1020
"16",1051,1006,938,972,902,1101,1003
"17",1054,1025,974,967,892,1112,985
"18",1058,1044,958,962,883,1123,971
"19",1061,1065,941,957,877,1134,957
"20",1064,1086,936,952,870,1144,943
"21",1067,1104,932,947,864,1153,931
"22",1070,1121,927,942,858,1161,918
"23",1073,1135,923,951,853,1168,906
"24",1052,1150,918,961,847,1176,916
"25",1030,1164,926,970,842,1181,926
"26",1058,1157,934,980,836,1185,936
"27",1036,1149,943,989,796,1190,946
"28",1014,1142,951,999,763,1195,957
"29",992,1135,944,1008,762,1199,968
"30",1001,1127,936,980,761,1204,979
"31",1010,1120,929,952,761,1248,990
"32",1018,1125,922,925,760,1250,1001
"33",1027,1129,914,915,759,1252,995
"34",1036,1134,907,904,758,1263,989
"35",1014,1138,896,894,756,1274,982
"36",1023,1143,884,883,755,1277,976
"37",1032,1174,873,873,753,1280,970
"38",1041,1181,862,862,752,1282,965
"39",1050,1167,851,852,825,1285,961
"40",1059,1152,840,880,818,1288,956
"41",1068,1138,829,907,810,1277,972
"42",1077,1123,796,913,803,1266,989
"43",1086,1109,786,918,796,1256,970
"44",1123,1111,777,924,788,1245,952
"45",1128,1113,767,929,781,1234,981
"46",1133,1114,757,935,773,1224,1010
"47",1143,1116,816,940,766,1213,1038
"48",1153,1118,838,946,760,1202,1067
"49",1163,1120,859,952,755,1187,1074
"50",1173,1077,880,957,742,1172,1080
"51",1183,1034,902,963,741,1157,1088
"52",1193,1000,897,968,740,1142,1097
"53",1198,967,892,974,739,1149,1106
"54",1204,933,887,967,738,1155,1114
"55",1210,931,882,959,737,1162,1120
"56",1215,929,888,952,736,1166,1125
"57",1217,927,895,943,735,1169,1131
"58",1219,925,901,933,731,1172,1136
"59",1222,922,907,924,768,1176,1142
"60",1224,920,913,849,806,1179,1143
"61",1226,918,920,836,814,1182,1144
"62",1229,916,926,792,823,1192,1145
"63",1232,914,918,781,831,1201,1146
"64",1234,910,911,769,840,1206,1146
"65",1240,905,945,758,848,1210,1147
"66",1247,901,936,756,856,1214,1148
"67",1248,912,927,754,865,1219,1149
"68",1249,923,860,751,873,1210,1150
"69",1249,934,838,749,872,1201,1151
"70",1250,945,816,747,871,1192,1153
"71",1251,951,815,745,870,1183,1155
"72",1296,956,813,742,869,1174,1157
"73",1298,962,812,739,868,1180,1158
"74",1301,968,810,716,867,1184,1160
"75",1303,963,809,711,866,1189,1162
"76",1290,959,808,706,853,1193,1164
"77",1277,954,806,702,838,1187,1166
"78",1265,950,805,697,829,1182,1177
"79",1252,945,804,692,820,1176,1200
"80",1239,962,802,688,812,1170,1264
"81",1230,980,801,683,803,1164,1277
"82",1220,971,800,678,841,1159,1291
"83",1210,962,799,678,839,1153,1304
"84",1201,953,797,678,838,1180,1304
"85",1192,965,796,678,836,1189,1304
"86",1182,978,803,677,835,1246,1305
"87",1183,990,809,677,833,1254,1305
"88",1185,1002,816,677,832,1232,1305
"89",1186,1014,822,673,831,1211,1306
"90",1188,1027,829,640,830,1190,1308
"91",1190,1039,826,637,829,1168,1309
"92",1192,1043,824,635,828,1169,1310
"93",1194,1047,822,632,838,1170,1318
"94",1196,1041,819,630,848,1170,1326
"95",1204,1035,803,629,857,1171,1333
"96",1211,1029,786,627,867,1140,1341
"97",1218,1023,770,624,877,1137,1342
"98",1226,1017,769,622,874,1134,1342
"99",1230,1026,768,620,872,1130,1343
"100",1233,1036,749,618,869,1127,1352
"101",1237,1050,763,615,866,1124,1360
"102",1220,1063,777,613,839,1121,1369
"103",1202,1106,791,611,847,1117,1378
"104",1184,1150,804,608,854,1114,1291
"105",1166,1144,818,606,862,1111,1292
"106",1149,1137,832,605,892,1108,1292
"107",1131,1131,846,603,921,1104,1195
"108",1113,1125,862,601,951,1101,1216
"109",1116,1118,878,599,930,1098,1237
"110",1120,1112,894,597,908,1106,1275
"111",1123,1120,910,595,887,1113,1276
"112",1126,1128,898,593,864,1121,1277
"113",1129,1136,886,591,863,1109,1278
"114",1133,1152,902,589,862,1097,1278
"115",1136,1168,879,589,860,1085,1279
"116",1164,1184,876,588,859,1073,1280
"117",1193,1127,874,588,858,1074,1281
"118",1194,1136,871,588,857,1074,1282
"119",1194,1144,868,587,840,1075,1286
"120",1195,1145,866,587,844,1076,1290
"121",1182,1146,863,585,849,1076,1293
"122",1170,1138,860,581,854,1077,1297
"123",1157,1130,858,563,858,1089,1301
"124",1145,1122,855,560,857,1101,1304
"125",1132,1115,858,558,856,1164,1308
"126",1102,1107,861,556,855,1188,1312
"127",1102,1099,864,553,854,1211,1314
"128",1102,1099,867,550,853,1181,1317
"129",1103,1100,870,548,850,1152,1292
"130",1103,1100,959,547,848,1122,1267
"131",1103,1101,970,547,845,1197,1242
"132",1103,1101,982,546,842,1208,1232
"133",1104,1102,993,546,808,1202,1222
"134",1104,1102,981,545,812,1196,1212
"135",1104,1081,970,543,816,1190,1202
"136",1139,1060,958,534,821,1184,1193
"137",1132,1039,952,526,825,1178,1183
"138",1125,1018,946,526,909,1173,1173
"139",1118,1097,941,526,906,1167,1163
"140",1110,1061,935,526,903,1161,1186
"141",1103,1025,1007,525,900,1155,1208
"142",1096,1039,1004,525,897,1149,1229
"143",1161,1052,1002,525,895,1143,1230
"144",1138,1066,1000,525,892,1144,1230
"145",1116,1079,997,524,889,1144,1230
"146",1093,1093,994,524,886,1158,1230
"147",1119,1072,992,524,883,1173,1230
"148",1123,1050,990,523,886,1187,1231
"149",1128,1036,987,523,888,1188,1231
"150",1132,1022,984,522,890,1207,1231
"151",1136,1007,982,512,893,1225,1203
"152",1141,993,980,512,928,1244,1175
"153",1145,979,977,512,964,1237,1137
"154",1150,1055,974,511,950,1230,1099
"155",1154,1055,972,511,937,1224,1116
"156",1160,1056,939,511,924,1217,1132
"157",1167,1056,993,510,910,1210,1117
"158",1173,1056,987,510,891,1204,1103
"159",1217,1057,981,510,888,1197,1088
"160",1271,1057,975,510,884,1190,1093
"161",1258,1057,969,510,881,1214,1097
"162",1245,1058,970,509,878,1227,1102
"163",1232,1058,972,509,866,1231,1106
"164",1220,1084,973,506,855,1234,1111
"165",1207,1109,974,504,853,1238,1117
"166",1194,1135,960,504,852,1242,1122
"167",1194,1163,946,503,850,1245,1128
"168",1195,1169,932,503,849,1249,1133
"169",1199,1176,918,503,847,1252,1139
"170",1202,1182,899,503,846,1256,1144
"171",1206,1182,900,502,844,1260,1149
"172",1206,1182,901,502,829,1263,1154
"173",1206,1183,902,502,830,1267,1114
"174",1207,1183,903,502,831,1267,1130
"175",1207,1169,903,502,833,1267,1146
"176",1207,1156,904,501,834,1255,1161
"177",1144,1142,905,498,835,1243,1177
"178",1199,1128,906,496,836,1232,1184
"179",1228,1119,907,493,837,1220,1191
"180",1258,1111,900,489,839,1208,1198
"181",1260,1102,893,485,840,1222,1206
"182",1261,1094,891,481,841,1226,1213
"183",1263,1085,889,481,882,1229,1220
"184",1265,1004,887,481,922,1232,1220
"185",1266,997,885,481,908,1236,1220
"186",1268,990,883,481,890,1246,1220
"187",1268,983,910,481,872,1257,1220
"188",1268,992,937,481,854,1241,1220
"189",1268,1000,934,481,858,1225,1220
"190",1268,1008,930,472,863,1209,1222
"191",1268,1017,927,472,829,1193,1224
"192",1268,1097,924,472,825,1177,1226
"193",1268,1100,920,471,821,1187,1228
"194",1268,1103,917,471,819,1197,1243
"195",1268,1106,914,471,817,1198,1259
"196",1268,1110,910,471,815,1152,1274
"197",1268,1113,907,471,813,1156,1284
"198",1268,1116,919,471,811,1160,1287
"199",1269,1119,931,471,809,1164,1290
"200",1271,1122,943,470,773,1175,1294
"201",1272,1125,987,470,769,1185,1297
"202",1184,1129,1031,469,768,1196,1300
"203",1158,1132,1033,469,768,1206,1303
"204",1131,1135,1012,469,768,1217,1307
"205",1116,1138,992,469,767,1219,1310
"206",1102,1110,990,469,766,1221,1313
"207",1157,1083,987,469,766,1223,1324
"208",1164,1062,985,469,766,1225,1334
"209",1172,1063,983,469,765,1228,1334
"210",1179,1064,980,467,764,1230,1338
"211",1187,1066,978,465,764,1232,1341
"212",1194,1029,976,464,764,1234,1344
"213",1196,1015,973,463,763,1236,1348
"214",1199,1030,971,462,762,1238,1337
"215",1201,1044,949,462,762,1239,1325
"216",1210,1059,927,461,761,1239,1314
"217",1218,1066,910,460,760,1240,1303
"218",1252,1072,916,459,760,1241,1291
"219",1286,1079,902,459,759,1242,1280
"220",1286,1086,888,459,758,1242,1280
"221",1286,1093,873,459,757,1243,1281
"222",1286,1099,859,459,792,1243,1282
"223",1277,1106,845,459,828,1243,1284
"224",1267,1113,844,459,825,1243,1285
"225",1258,1120,844,454,822,1218,1286
"226",1248,1126,844,449,832,1194,1295
"227",1239,1133,843,466,875,1169,1303
"228",1229,1047,842,482,918,1202,1312
"229",1220,1037,842,499,926,1235,1320
"230",1222,1026,842,516,934,1192,1329
"231",1224,1016,841,532,941,1192,1333
"232",1227,1006,822,549,949,1192,1233
"233",1229,995,802,549,957,1192,1239
"234",1231,985,800,549,1019,1192,1246
"235",1234,966,798,549,1058,1193,1252
"236",1236,957,797,548,1098,1193,1173
"237",1238,948,795,548,1094,1193,1178
"238",1248,949,793,548,1091,1193,1182
"239",1259,950,802,548,1087,1193,1168
"240",1270,951,812,529,1083,1196,1154
"241",1280,952,808,527,1079,1199,1140
"242",1293,953,803,526,1076,1202,1152
"243",1306,954,826,524,1072,1187,1164
"244",1307,955,850,522,1064,1172,1175
"245",1308,885,873,522,1057,1158,1187
"246",1309,876,872,522,1049,1143,1199
"247",1310,867,870,522,1042,1161,1199
"248",1311,879,868,522,1034,1199,1199
"249",1312,891,867,522,1035,1221,1199
"250",1312,904,865,522,1036,1243,1200
"251",1246,916,864,520,1037,1265,1200
"252",1251,928,862,518,1038,1268,1200
"253",1256,940,860,518,965,1272,1200
"254",1262,937,858,517,958,1276,1200
"255",1267,934,857,517,951,1279,1206
"256",1272,931,855,517,942,1285,1212
"257",1277,928,853,517,933,1291,1220
"258",1283,912,851,517,924,1294,1228
"259",1288,920,849,517,914,1297,1204
"260",1293,929,870,517,905,1297,1181
"261",1295,938,892,517,896,1297,1167
"262",1296,946,913,513,887,1300,1153
"263",1298,954,921,509,890,1303,1139
"264",1300,963,870,504,893,1306,1125
"265",1302,959,869,500,896,1309,1111
"266",1303,955,868,500,980,1312,1097
"267",1305,951,867,500,977,1315,1089
"268",1305,952,866,500,974,1318,1081
"269",1281,953,865,499,970,1321,1073
"270",1257,954,864,498,967,1369,1070
"271",1273,955,863,496,964,1371,1067
"272",1281,956,862,495,961,1373,1064
"273",1260,957,850,494,959,1375,1061
"274",1238,952,837,493,956,1377,1058
"275",1217,947,825,492,993,1362,1054
"276",1196,942,824,490,1078,1348,1051
"277",1216,937,824,489,1073,1333,1048
"278",1232,943,823,488,1068,1318,1045
"279",1247,940,822,488,1064,1304,1042
"280",1247,938,822,488,1059,1289,1130
"281",1247,935,821,488,1054,1289,1139
"282",1247,932,821,488,1049,1292,1147
"283",1238,930,820,482,1045,1294,1156
"284",1230,927,832,476,1040,1305,1164
"285",1221,925,855,475,1035,1316,1173
"286",1213,922,878,475,1022,1326,1194
"287",1204,920,900,474,1009,1337,1194
"288",1113,917,923,474,995,1340,1194
"289",1113,915,912,473,982,1344,1194
"290",1113,981,902,473,969,1344,1195
"291",1113,1002,892,472,973,1344,1195
"292",1113,1023,881,472,973,1344,1195
"293",1113,1023,874,471,973,1344,1195
"294",1113,1023,868,471,973,1344,1208
