,round_number,participant,response,loser
0,2000-01-01,1,4.0,5
1,2000-01-01,2,5.0,4
2,2000-01-02,1,4.0,7
3,2000-01-02,2,4.0,7
4,2000-01-03,1,7.0,5
5,2000-01-03,2,5.0,7
6,2000-01-04,1,1.0,7
7,2000-01-04,2,1.0,7
8,2000-01-05,1,6.0,5
9,2000-01-05,2,5.0,6
10,2000-01-06,1,5.0,2
11,2000-01-06,2,5.0,2
12,2000-01-07,1,3.0,4
13,2000-01-07,2,3.0,4
14,2000-01-08,1,7.0,2
15,2000-01-08,2,7.0,2
16,2000-01-09,1,4.0,6
17,2000-01-09,2,6.0,4
18,2000-01-10,1,4.0,1
19,2000-01-10,2,1.0,4
20,2000-01-11,1,3.0,5
21,2000-01-11,2,3.0,5
22,2000-01-12,1,3.0,1
23,2000-01-12,2,1.0,3
24,2000-01-13,1,3.0,2
25,2000-01-13,2,3.0,2
26,2000-01-14,1,2.0,6
27,2000-01-14,2,6.0,2
28,2000-01-15,1,1.0,6
29,2000-01-15,2,1.0,6
30,2000-01-16,1,1.0,2
31,2000-01-16,2,1.0,2
32,2000-01-17,1,7.0,3
33,2000-01-17,2,3.0,7
34,2000-01-18,1,7.0,6
35,2000-01-18,2,6.0,7
36,2000-01-19,1,5.0,1
37,2000-01-19,2,1.0,5
38,2000-01-20,1,6.0,3
39,2000-01-20,2,3.0,6
40,2000-01-21,1,4.0,2
41,2000-01-21,2,4.0,2
42,2000-01-22,1,2.0,3
43,2000-01-22,2,3.0,2
44,2000-01-23,1,4.0,6
45,2000-01-23,2,6.0,4
46,2000-01-24,1,5.0,4
47,2000-01-24,2,5.0,4
48,2000-01-25,1,1.0,2
49,2000-01-25,2,1.0,2
50,2000-01-26,1,1.0,5
51,2000-01-26,2,1.0,5
52,2000-01-27,1,5.0,7
53,2000-01-27,2,5.0,7
54,2000-01-28,1,5.0,2
55,2000-01-28,2,5.0,2
56,2000-01-29,1,3.0,7
57,2000-01-29,2,3.0,7
58,2000-01-30,1,6.0,1
59,2000-01-30,2,1.0,6
60,2000-01-31,1,1.0,4
61,2000-01-31,2,1.0,4
62,2000-02-01,1,4.0,2
63,2000-02-01,2,4.0,2
64,2000-02-02,1,7.0,2
65,2000-02-02,2,7.0,2
66,2000-02-03,1,4.0,3
67,2000-02-03,2,3.0,4
68,2000-02-04,1,2.0,6
69,2000-02-04,2,6.0,2
70,2000-02-05,1,7.0,1
71,2000-02-05,2,1.0,7
72,2000-02-06,1,3.0,1
73,2000-02-06,2,1.0,3
74,2000-02-07,1,6.0,7
75,2000-02-07,2,6.0,7
76,2000-02-08,1,5.0,6
77,2000-02-08,2,5.0,6
78,2000-02-09,1,7.0,4
79,2000-02-09,2,4.0,7
80,2000-02-10,1,3.0,5
81,2000-02-10,2,3.0,5
82,2000-02-11,1,6.0,3
83,2000-02-11,2,3.0,6
84,2000-02-12,1,2.0,5
85,2000-02-12,2,5.0,2
86,2000-02-13,1,4.0,5
87,2000-02-13,2,5.0,4
88,2000-02-14,1,3.0,1
89,2000-02-14,2,1.0,3
90,2000-02-15,1,1.0,6
91,2000-02-15,2,1.0,6
92,2000-02-16,1,5.0,6
93,2000-02-16,2,5.0,6
94,2000-02-17,1,4.0,3
95,2000-02-17,2,3.0,4
96,2000-02-18,1,2.0,7
97,2000-02-18,2,7.0,2
98,2000-02-19,1,7.0,3
99,2000-02-19,2,3.0,7
100,2000-02-20,1,5.0,1
101,2000-02-20,2,1.0,5
102,2000-02-21,1,4.0,2
103,2000-02-21,2,4.0,2
104,2000-02-22,1,1.0,2
105,2000-02-22,2,1.0,2
106,2000-02-23,1,4.0,1
107,2000-02-23,2,1.0,4
108,2000-02-24,1,3.0,6
109,2000-02-24,2,3.0,6
110,2000-02-25,1,5.0,3
111,2000-02-25,2,3.0,5
112,2000-02-26,1,7.0,6
113,2000-02-26,2,6.0,7
114,2000-02-27,1,7.0,1
115,2000-02-27,2,1.0,7
116,2000-02-28,1,2.0,6
117,2000-02-28,2,6.0,2
118,2000-02-29,1,5.0,7
119,2000-02-29,2,5.0,7
120,2000-03-01,1,4.0,6
121,2000-03-01,2,6.0,4
122,2000-03-02,1,2.0,3
123,2000-03-02,2,3.0,2
124,2000-03-03,1,7.0,4
125,2000-03-03,2,4.0,7
126,2000-03-04,1,1.0,5
127,2000-03-04,2,1.0,5
128,2000-03-05,1,7.0,5
129,2000-03-05,2,5.0,7
130,2000-03-06,1,1.0,3
131,2000-03-06,2,1.0,3
132,2000-03-07,1,1.0,4
133,2000-03-07,2,1.0,4
134,2000-03-08,1,4.0,3
135,2000-03-08,2,3.0,4
136,2000-03-09,1,7.0,2
137,2000-03-09,2,7.0,2
138,2000-03-10,1,2.0,1
139,2000-03-10,2,1.0,2
140,2000-03-11,1,5.0,4
141,2000-03-11,2,5.0,4
142,2000-03-12,1,4.0,7
143,2000-03-12,2,4.0,7
144,2000-03-13,1,6.0,5
145,2000-03-13,2,5.0,6
146,2000-03-14,1,7.0,6
147,2000-03-14,2,6.0,7
148,2000-03-15,1,4.0,2
149,2000-03-15,2,4.0,2
150,2000-03-16,1,2.0,5
151,2000-03-16,2,5.0,2
152,2000-03-17,1,7.0,3
153,2000-03-17,2,3.0,7
154,2000-03-18,1,3.0,6
155,2000-03-18,2,3.0,6
156,2000-03-19,1,6.0,4
157,2000-03-19,2,6.0,4
158,2000-03-20,1,3.0,2
159,2000-03-20,2,3.0,2
160,2000-03-21,1,2.0,6
161,2000-03-21,2,6.0,2
162,2000-03-22,1,1.0,7
163,2000-03-22,2,1.0,7
164,2000-03-23,1,1.0,6
165,2000-03-23,2,1.0,6
166,2000-03-24,1,5.0,3
167,2000-03-24,2,3.0,5
168,2000-03-25,1,6.0,2
169,2000-03-25,2,6.0,2
170,2000-03-26,1,4.0,7
171,2000-03-26,2,4.0,7
172,2000-03-27,1,5.0,4
173,2000-03-27,2,5.0,4
174,2000-03-28,1,5.0,2
175,2000-03-28,2,5.0,2
176,2000-03-29,1,3.0,6
177,2000-03-29,2,3.0,6
178,2000-03-30,1,4.0,2
179,2000-03-30,2,4.0,2
180,2000-03-31,1,4.0,6
181,2000-03-31,2,6.0,4
182,2000-04-01,1,5.0,3
183,2000-04-01,2,3.0,5
184,2000-04-02,1,5.0,6
185,2000-04-02,2,5.0,6
186,2000-04-03,1,4.0,1
187,2000-04-03,2,1.0,4
188,2000-04-04,1,3.0,7
189,2000-04-04,2,3.0,7
190,2000-04-05,1,2.0,3
191,2000-04-05,2,3.0,2
192,2000-04-06,1,7.0,2
193,2000-04-06,2,7.0,2
194,2000-04-07,1,3.0,1
195,2000-04-07,2,1.0,3
196,2000-04-08,1,7.0,6
197,2000-04-08,2,6.0,7
198,2000-04-09,1,7.0,1
199,2000-04-09,2,1.0,7
200,2000-04-10,1,1.0,5
201,2000-04-10,2,1.0,5
202,2000-04-11,1,4.0,3
203,2000-04-11,2,3.0,4
204,2000-04-12,1,7.0,5
205,2000-04-12,2,5.0,7
206,2000-04-13,1,6.0,1
207,2000-04-13,2,1.0,6
208,2000-04-14,1,1.0,2
209,2000-04-14,2,1.0,2
210,2000-04-15,1,2.0,5
211,2000-04-15,2,5.0,2
212,2000-04-16,1,5.0,7
213,2000-04-16,2,5.0,7
214,2000-04-17,1,6.0,1
215,2000-04-17,2,1.0,6
216,2000-04-18,1,6.0,2
217,2000-04-18,2,6.0,2
218,2000-04-19,1,4.0,6
219,2000-04-19,2,6.0,4
220,2000-04-20,1,2.0,7
221,2000-04-20,2,7.0,2
222,2000-04-21,1,4.0,1
223,2000-04-21,2,1.0,4
224,2000-04-22,1,5.0,1
225,2000-04-22,2,1.0,5
226,2000-04-23,1,3.0,1
227,2000-04-23,2,1.0,3
228,2000-04-24,1,3.0,2
229,2000-04-24,2,3.0,2
230,2000-04-25,1,4.0,2
231,2000-04-25,2,4.0,2
232,2000-04-26,1,3.0,5
233,2000-04-26,2,3.0,5
234,2000-04-27,1,1.0,2
235,2000-04-27,2,1.0,2
236,2000-04-28,1,3.0,7
237,2000-04-28,2,3.0,7
238,2000-04-29,1,6.0,7
239,2000-04-29,2,6.0,7
240,2000-04-30,1,7.0,1
241,2000-04-30,2,1.0,7
242,2000-05-01,1,3.0,4
243,2000-05-01,2,3.0,4
244,2000-05-02,1,4.0,7
245,2000-05-02,2,4.0,7
246,2000-05-03,1,3.0,6
247,2000-05-03,2,3.0,6
248,2000-05-04,1,5.0,6
249,2000-05-04,2,5.0,6
250,2000-05-05,1,5.0,4
251,2000-05-05,2,5.0,4
252,2000-05-06,1,7.0,4
253,2000-05-06,2,4.0,7
254,2000-05-07,1,6.0,5
255,2000-05-07,2,5.0,6
256,2000-05-08,1,1.0,3
257,2000-05-08,2,1.0,3
258,2000-05-09,1,1.0,2
259,2000-05-09,2,1.0,2
260,2000-05-10,1,3.0,2
261,2000-05-10,2,3.0,2
262,2000-05-11,1,7.0,5
263,2000-05-11,2,5.0,7
264,2000-05-12,1,6.0,7
265,2000-05-12,2,6.0,7
266,2000-05-13,1,6.0,2
267,2000-05-13,2,6.0,2
268,2000-05-14,1,2.0,7
269,2000-05-14,2,7.0,2
270,2000-05-15,1,2.0,5
271,2000-05-15,2,5.0,2
272,2000-05-16,1,2.0,4
273,2000-05-16,2,4.0,2
274,2000-05-17,1,4.0,1
275,2000-05-17,2,1.0,4
276,2000-05-18,1,7.0,1
277,2000-05-18,2,1.0,7
278,2000-05-19,1,3.0,4
279,2000-05-19,2,3.0,4
280,2000-05-20,1,4.0,5
281,2000-05-20,2,5.0,4
282,2000-05-21,1,6.0,3
283,2000-05-21,2,3.0,6
284,2000-05-22,1,6.0,1
285,2000-05-22,2,1.0,6
286,2000-05-23,1,6.0,4
287,2000-05-23,2,6.0,4
288,2000-05-24,1,5.0,1
289,2000-05-24,2,1.0,5
290,2000-05-25,1,3.0,5
291,2000-05-25,2,3.0,5
292,2000-05-26,1,7.0,3
293,2000-05-26,2,3.0,7
294,2000-05-27,1,5.0,1
295,2000-05-27,2,1.0,5
296,2000-05-28,1,3.0,5
297,2000-05-28,2,3.0,5
298,2000-05-29,1,2.0,5
299,2000-05-29,2,5.0,2
300,2000-05-30,1,4.0,1
301,2000-05-30,2,1.0,4
302,2000-05-31,1,1.0,2
303,2000-05-31,2,1.0,2
304,2000-06-01,1,6.0,1
305,2000-06-01,2,1.0,6
306,2000-06-02,1,5.0,4
307,2000-06-02,2,5.0,4
308,2000-06-03,1,4.0,7
309,2000-06-03,2,4.0,7
310,2000-06-04,1,7.0,2
311,2000-06-04,2,7.0,2
312,2000-06-05,1,7.0,3
313,2000-06-05,2,3.0,7
314,2000-06-06,1,3.0,6
315,2000-06-06,2,3.0,6
316,2000-06-07,1,7.0,1
317,2000-06-07,2,1.0,7
318,2000-06-08,1,2.0,3
319,2000-06-08,2,3.0,2
320,2000-06-09,1,5.0,7
321,2000-06-09,2,5.0,7
322,2000-06-10,1,2.0,6
323,2000-06-10,2,6.0,2
324,2000-06-11,1,3.0,1
325,2000-06-11,2,1.0,3
326,2000-06-12,1,5.0,6
327,2000-06-12,2,5.0,6
328,2000-06-13,1,7.0,6
329,2000-06-13,2,6.0,7
330,2000-06-14,1,4.0,6
331,2000-06-14,2,6.0,4
332,2000-06-15,1,2.0,4
333,2000-06-15,2,4.0,2
334,2000-06-16,1,4.0,3
335,2000-06-16,2,3.0,4
336,2000-06-17,1,4.0,6
337,2000-06-17,2,6.0,4
338,2000-06-18,1,6.0,1
339,2000-06-18,2,1.0,6
340,2000-06-19,1,7.0,5
341,2000-06-19,2,5.0,7
342,2000-06-20,1,3.0,7
343,2000-06-20,2,3.0,7
344,2000-06-21,1,1.0,7
345,2000-06-21,2,1.0,7
346,2000-06-22,1,7.0,6
347,2000-06-22,2,6.0,7
348,2000-06-23,1,5.0,3
349,2000-06-23,2,3.0,5
350,2000-06-24,1,5.0,6
351,2000-06-24,2,5.0,6
352,2000-06-25,1,4.0,5
353,2000-06-25,2,5.0,4
354,2000-06-26,1,3.0,6
355,2000-06-26,2,3.0,6
356,2000-06-27,1,1.0,4
357,2000-06-27,2,1.0,4
358,2000-06-28,1,2.0,4
359,2000-06-28,2,4.0,2
360,2000-06-29,1,2.0,3
361,2000-06-29,2,3.0,2
362,2000-06-30,1,4.0,3
363,2000-06-30,2,3.0,4
364,2000-07-01,1,2.0,7
365,2000-07-01,2,7.0,2
366,2000-07-02,1,5.0,1
367,2000-07-02,2,1.0,5
368,2000-07-03,1,2.0,6
369,2000-07-03,2,6.0,2
370,2000-07-04,1,2.0,5
371,2000-07-04,2,5.0,2
372,2000-07-05,1,7.0,4
373,2000-07-05,2,4.0,7
374,2000-07-06,1,1.0,2
375,2000-07-06,2,1.0,2
376,2000-07-07,1,1.0,3
377,2000-07-07,2,1.0,3
378,2000-07-08,1,3.0,4
379,2000-07-08,2,3.0,4
380,2000-07-09,1,7.0,5
381,2000-07-09,2,5.0,7
382,2000-07-10,1,3.0,5
383,2000-07-10,2,3.0,5
384,2000-07-11,1,1.0,2
385,2000-07-11,2,1.0,2
386,2000-07-12,1,3.0,7
387,2000-07-12,2,3.0,7
388,2000-07-13,1,6.0,2
389,2000-07-13,2,6.0,2
390,2000-07-14,1,4.0,7
391,2000-07-14,2,4.0,7
392,2000-07-15,1,2.0,7
393,2000-07-15,2,7.0,2
394,2000-07-16,1,6.0,1
395,2000-07-16,2,1.0,6
396,2000-07-17,1,1.0,3
397,2000-07-17,2,1.0,3
398,2000-07-18,1,4.0,5
399,2000-07-18,2,5.0,4
400,2000-07-19,1,1.0,4
401,2000-07-19,2,1.0,4
402,2000-07-20,1,1.0,5
403,2000-07-20,2,1.0,5
404,2000-07-21,1,4.0,2
405,2000-07-21,2,4.0,2
406,2000-07-22,1,6.0,4
407,2000-07-22,2,6.0,4
408,2000-07-23,1,3.0,2
409,2000-07-23,2,3.0,2
410,2000-07-24,1,7.0,6
411,2000-07-24,2,6.0,7
412,2000-07-25,1,5.0,6
413,2000-07-25,2,5.0,6
414,2000-07-26,1,6.0,3
415,2000-07-26,2,3.0,6
416,2000-07-27,1,7.0,1
417,2000-07-27,2,1.0,7
418,2000-07-28,1,5.0,2
419,2000-07-28,2,5.0,2
420,2000-07-29,1,1.0,3
421,2000-07-29,2,1.0,3
422,2000-07-30,1,7.0,1
423,2000-07-30,2,1.0,7
424,2000-07-31,1,2.0,4
425,2000-07-31,2,4.0,2
426,2000-08-01,1,7.0,3
427,2000-08-01,2,3.0,7
428,2000-08-02,1,3.0,5
429,2000-08-02,2,3.0,5
430,2000-08-03,1,7.0,6
431,2000-08-03,2,6.0,7
432,2000-08-04,1,6.0,4
433,2000-08-04,2,6.0,4
434,2000-08-05,1,2.0,3
435,2000-08-05,2,3.0,2
436,2000-08-06,1,4.0,1
437,2000-08-06,2,1.0,4
438,2000-08-07,1,2.0,1
439,2000-08-07,2,1.0,2
440,2000-08-08,1,2.0,7
441,2000-08-08,2,7.0,2
442,2000-08-09,1,3.0,4
443,2000-08-09,2,3.0,4
444,2000-08-10,1,2.0,5
445,2000-08-10,2,5.0,2
446,2000-08-11,1,4.0,7
447,2000-08-11,2,4.0,7
448,2000-08-12,1,6.0,3
449,2000-08-12,2,3.0,6
450,2000-08-13,1,6.0,2
451,2000-08-13,2,6.0,2
452,2000-08-14,1,7.0,5
453,2000-08-14,2,5.0,7
454,2000-08-15,1,6.0,1
455,2000-08-15,2,1.0,6
456,2000-08-16,1,5.0,4
457,2000-08-16,2,5.0,4
458,2000-08-17,1,1.0,5
459,2000-08-17,2,1.0,5
460,2000-08-18,1,5.0,6
461,2000-08-18,2,5.0,6
462,2000-08-19,1,6.0,3
463,2000-08-19,2,3.0,6
464,2000-08-20,1,1.0,4
465,2000-08-20,2,1.0,4
466,2000-08-21,1,1.0,5
467,2000-08-21,2,1.0,5
468,2000-08-22,1,5.0,7
469,2000-08-22,2,5.0,7
470,2000-08-23,1,3.0,1
471,2000-08-23,2,1.0,3
472,2000-08-24,1,3.0,7
473,2000-08-24,2,3.0,7
474,2000-08-25,1,4.0,3
475,2000-08-25,2,3.0,4
476,2000-08-26,1,7.0,2
477,2000-08-26,2,7.0,2
478,2000-08-27,1,2.0,5
479,2000-08-27,2,5.0,2
480,2000-08-28,1,1.0,2
481,2000-08-28,2,1.0,2
482,2000-08-29,1,6.0,5
483,2000-08-29,2,5.0,6
484,2000-08-30,1,1.0,6
485,2000-08-30,2,1.0,6
486,2000-08-31,1,3.0,2
487,2000-08-31,2,3.0,2
488,2000-09-01,1,7.0,4
489,2000-09-01,2,4.0,7
490,2000-09-02,1,5.0,4
491,2000-09-02,2,5.0,4
492,2000-09-03,1,6.0,2
493,2000-09-03,2,6.0,2
494,2000-09-04,1,6.0,7
495,2000-09-04,2,6.0,7
496,2000-09-05,1,4.0,2
497,2000-09-05,2,4.0,2
498,2000-09-06,1,7.0,1
499,2000-09-06,2,1.0,7
500,2000-09-07,1,4.0,6
501,2000-09-07,2,6.0,4
502,2000-09-08,1,3.0,5
503,2000-09-08,2,3.0,5
504,2000-09-09,1,2.0,1
505,2000-09-09,2,1.0,2
506,2000-09-10,1,3.0,5
507,2000-09-10,2,3.0,5
508,2000-09-11,1,1.0,4
509,2000-09-11,2,1.0,4
510,2000-09-12,1,5.0,4
511,2000-09-12,2,5.0,4
512,2000-09-13,1,4.0,2
513,2000-09-13,2,4.0,2
514,2000-09-14,1,2.0,5
515,2000-09-14,2,5.0,2
516,2000-09-15,1,6.0,2
517,2000-09-15,2,6.0,2
518,2000-09-16,1,6.0,7
519,2000-09-16,2,6.0,7
520,2000-09-17,1,5.0,1
521,2000-09-17,2,1.0,5
522,2000-09-18,1,3.0,7
523,2000-09-18,2,3.0,7
524,2000-09-19,1,3.0,4
525,2000-09-19,2,3.0,4
526,2000-09-20,1,7.0,1
527,2000-09-20,2,1.0,7
528,2000-09-21,1,5.0,7
529,2000-09-21,2,5.0,7
530,2000-09-22,1,1.0,6
531,2000-09-22,2,1.0,6
532,2000-09-23,1,3.0,6
533,2000-09-23,2,3.0,6
534,2000-09-24,1,4.0,6
535,2000-09-24,2,6.0,4
536,2000-09-25,1,3.0,2
537,2000-09-25,2,3.0,2
538,2000-09-26,1,4.0,7
539,2000-09-26,2,4.0,7
540,2000-09-27,1,3.0,1
541,2000-09-27,2,1.0,3
542,2000-09-28,1,6.0,5
543,2000-09-28,2,5.0,6
544,2000-09-29,1,7.0,2
545,2000-09-29,2,7.0,2
546,2000-09-30,1,5.0,3
547,2000-09-30,2,3.0,5
548,2000-10-01,1,6.0,4
549,2000-10-01,2,6.0,4
550,2000-10-02,1,3.0,4
551,2000-10-02,2,3.0,4
552,2000-10-03,1,7.0,2
553,2000-10-03,2,7.0,2
554,2000-10-04,1,5.0,1
555,2000-10-04,2,1.0,5
556,2000-10-05,1,2.0,1
557,2000-10-05,2,1.0,2
558,2000-10-06,1,6.0,2
559,2000-10-06,2,6.0,2
560,2000-10-07,1,7.0,3
561,2000-10-07,2,3.0,7
562,2000-10-08,1,4.0,7
563,2000-10-08,2,4.0,7
564,2000-10-09,1,5.0,6
565,2000-10-09,2,5.0,6
566,2000-10-10,1,1.0,6
567,2000-10-10,2,1.0,6
568,2000-10-11,1,2.0,5
569,2000-10-11,2,5.0,2
570,2000-10-12,1,3.0,6
571,2000-10-12,2,3.0,6
572,2000-10-13,1,7.0,5
573,2000-10-13,2,5.0,7
574,2000-10-14,1,3.0,1
575,2000-10-14,2,1.0,3
576,2000-10-15,1,2.0,4
577,2000-10-15,2,4.0,2
578,2000-10-16,1,4.0,5
579,2000-10-16,2,5.0,4
580,2000-10-17,1,3.0,2
581,2000-10-17,2,3.0,2
582,2000-10-18,1,6.0,7
583,2000-10-18,2,6.0,7
584,2000-10-19,1,4.0,1
585,2000-10-19,2,1.0,4
586,2000-10-20,1,1.0,7
587,2000-10-20,2,1.0,7
